Index Name,DATE,pe,pb,divYield,pe*pb
Nifty 50,01-01-1999,11.62,2.07,1.83,24.0534
Nifty 50,04-01-1999,11.72,2.08,1.81,24.3776
Nifty 50,05-01-1999,11.84,2.11,1.79,24.9824
Nifty 50,06-01-1999,12.11,2.16,1.75,26.1576
Nifty 50,07-01-1999,12.46,2.22,1.71,27.6612
Nifty 50,08-01-1999,12.92,2.3,1.64,29.716
Nifty 50,11-01-1999,12.86,2.29,1.65,29.4494
Nifty 50,12-01-1999,12.59,2.24,1.69,28.2016
Nifty 50,13-01-1999,12.54,2.23,1.69,27.9642
Nifty 50,14-01-1999,12.46,2.22,1.7,27.6612
Nifty 50,15-01-1999,12.19,2.17,1.74,26.4523
Nifty 50,18-01-1999,12.33,2.19,1.72,27.0027
Nifty 50,19-01-1999,12.06,2.15,1.76,25.929
Nifty 50,21-01-1999,12.84,2.29,1.65,29.4036
Nifty 50,22-01-1999,12.71,2.26,1.67,28.7246
Nifty 50,25-01-1999,12.61,2.24,1.68,28.2464
Nifty 50,27-01-1999,12.9,2.29,1.65,29.541
Nifty 50,28-01-1999,12.68,2.26,1.68,28.6568
Nifty 50,29-01-1999,12.83,2.28,1.66,29.2524
Nifty 50,01-02-1999,12.48,2.22,1.7,27.7056
Nifty 50,02-02-1999,12.36,2.2,1.72,27.192
Nifty 50,03-02-1999,12.64,2.25,1.69,28.44
Nifty 50,04-02-1999,12.48,2.22,1.71,27.7056
Nifty 50,05-02-1999,12.43,2.21,1.71,27.4703
Nifty 50,08-02-1999,12.17,2.17,1.75,26.4089
Nifty 50,09-02-1999,12.28,2.18,1.73,26.7704
Nifty 50,10-02-1999,12.74,2.27,1.67,28.9198
Nifty 50,11-02-1999,12.75,2.27,1.67,28.9425
Nifty 50,12-02-1999,12.88,2.29,1.62,29.4952
Nifty 50,15-02-1999,12.67,2.26,1.64,28.6342
Nifty 50,16-02-1999,12.73,2.27,1.63,28.8971
Nifty 50,17-02-1999,12.87,2.29,1.64,29.4723
Nifty 50,18-02-1999,12.92,2.3,1.63,29.716
Nifty 50,19-02-1999,12.96,2.31,1.63,29.9376
Nifty 50,22-02-1999,12.66,2.25,1.66,28.485
Nifty 50,23-02-1999,12.61,2.24,1.67,28.2464
Nifty 50,24-02-1999,12.72,2.26,1.66,28.7472
Nifty 50,25-02-1999,12.68,2.26,1.66,28.6568
Nifty 50,26-02-1999,12.51,2.23,1.66,27.8973
Nifty 50,27-02-1999,13.04,2.32,1.59,30.2528
Nifty 50,01-03-1999,13.5,2.4,1.54,32.4
Nifty 50,03-03-1999,13.98,2.49,1.49,34.8102
Nifty 50,04-03-1999,13.83,2.46,1.5,34.0218
Nifty 50,05-03-1999,14.01,2.49,1.48,34.8849
Nifty 50,08-03-1999,14.25,2.53,1.46,36.0525
Nifty 50,09-03-1999,14.33,2.55,1.45,36.5415
Nifty 50,10-03-1999,14.35,2.55,1.46,36.5925
Nifty 50,11-03-1999,14.09,2.51,1.48,35.3659
Nifty 50,12-03-1999,14.26,2.54,1.37,36.2204
Nifty 50,15-03-1999,14.28,2.54,1.37,36.2712
Nifty 50,16-03-1999,14,2.49,1.39,34.86
Nifty 50,17-03-1999,14.1,2.51,1.51,35.391
Nifty 50,18-03-1999,14.29,2.54,1.49,36.2966
Nifty 50,19-03-1999,14.13,2.52,1.5,35.6076
Nifty 50,20-03-1999,14.1,2.51,1.5,35.391
Nifty 50,22-03-1999,14.13,2.52,1.5,35.6076
Nifty 50,23-03-1999,14.27,2.54,1.49,36.2458
Nifty 50,24-03-1999,14.13,2.51,1.51,35.4663
Nifty 50,25-03-1999,14.03,2.5,1.52,35.075
Nifty 50,26-03-1999,13.85,2.46,1.53,34.071
Nifty 50,30-03-1999,14.02,2.5,1.51,35.05
Nifty 50,31-03-1999,16.53,2.84,1.48,46.9452
Nifty 50,01-04-1999,16.31,2.8,1.5,45.668
Nifty 50,05-04-1999,15.51,2.66,1.56,41.2566
Nifty 50,06-04-1999,15.71,2.7,1.54,42.417
Nifty 50,07-04-1999,15.81,2.72,1.54,43.0032
Nifty 50,08-04-1999,15.65,2.69,1.55,42.0985
Nifty 50,09-04-1999,15.24,2.62,1.6,39.9288
Nifty 50,12-04-1999,15.31,2.63,1.59,40.2653
Nifty 50,13-04-1999,15.25,2.62,1.59,39.955
Nifty 50,15-04-1999,14.87,2.56,1.63,38.0672
Nifty 50,16-04-1999,16.04,2.76,1.38,44.2704
Nifty 50,17-04-1999,14.85,2.55,1.49,37.8675
Nifty 50,19-04-1999,15.26,2.62,1.45,39.9812
Nifty 50,20-04-1999,15.29,2.63,1.45,40.2127
Nifty 50,21-04-1999,15.31,2.63,1.45,40.2653
Nifty 50,22-04-1999,15.08,2.59,1.47,39.0572
Nifty 50,23-04-1999,15.08,2.59,1.46,39.0572
Nifty 50,26-04-1999,14.3,2.46,1.54,35.178
Nifty 50,28-04-1999,14.49,2.49,1.52,36.0801
Nifty 50,29-04-1999,14.84,2.55,1.48,37.842
Nifty 50,30-04-1999,15.02,2.58,1.25,38.7516
Nifty 50,03-05-1999,14.95,2.56,1.25,38.272
Nifty 50,04-05-1999,15.53,2.66,1.21,41.3098
Nifty 50,05-05-1999,15.73,2.69,1.35,42.3137
Nifty 50,06-05-1999,16.15,2.76,1.31,44.574
Nifty 50,07-05-1999,16.4,2.81,1.29,46.084
Nifty 50,10-05-1999,16.88,2.89,1.26,48.7832
Nifty 50,11-05-1999,17.21,2.95,1.23,50.7695
Nifty 50,12-05-1999,17.14,2.93,1.24,50.2202
Nifty 50,13-05-1999,17.71,3.03,1.2,53.6613
Nifty 50,14-05-1999,17.98,3.08,1.05,55.3784
Nifty 50,17-05-1999,17.77,3.04,1.07,54.0208
Nifty 50,18-05-1999,17.9,3.06,1.06,54.774
Nifty 50,19-05-1999,18.22,3.12,1.05,56.8464
Nifty 50,20-05-1999,18.01,3.08,1.06,55.4708
Nifty 50,21-05-1999,17.69,3.03,1.05,53.6007
Nifty 50,24-05-1999,18.08,3.01,1.04,54.4208
Nifty 50,25-05-1999,18.16,3.03,1.03,55.0248
Nifty 50,26-05-1999,18.28,3.1,1.3,56.668
Nifty 50,27-05-1999,17.32,2.96,1.35,51.2672
Nifty 50,28-05-1999,17.2,2.93,1.28,50.396
Nifty 50,31-05-1999,18.01,3.05,1.23,54.9305
Nifty 50,01-06-1999,18.25,3.02,1.24,55.115
Nifty 50,02-06-1999,18.27,3.05,1.24,55.7235
Nifty 50,03-06-1999,18.75,3.08,1.23,57.75
Nifty 50,04-06-1999,17.45,3.02,1.18,52.699
Nifty 50,07-06-1999,17.48,3.03,1.17,52.9644
Nifty 50,08-06-1999,17.82,3.09,1.15,55.0638
Nifty 50,09-06-1999,17.58,3.05,1.2,53.619
Nifty 50,10-06-1999,17.57,3.04,1.17,53.4128
Nifty 50,11-06-1999,17.25,2.99,1.14,51.5775
Nifty 50,14-06-1999,17.03,2.95,1.16,50.2385
Nifty 50,15-06-1999,16.93,2.93,1.17,49.6049
Nifty 50,16-06-1999,17.35,3.01,1.22,52.2235
Nifty 50,17-06-1999,17.78,3.08,1.19,54.7624
Nifty 50,18-06-1999,17.76,3.08,0.88,54.7008
Nifty 50,21-06-1999,18.17,3.15,0.89,57.2355
Nifty 50,22-06-1999,18.35,3.18,0.85,58.353
Nifty 50,23-06-1999,18.03,3.12,0.97,56.2536
Nifty 50,24-06-1999,17.85,3.09,0.98,55.1565
Nifty 50,25-06-1999,17.79,3.08,0.97,54.7932
Nifty 50,28-06-1999,18.02,3.12,0.95,56.2224
Nifty 50,29-06-1999,18,3.12,0.95,56.16
Nifty 50,30-06-1999,17.91,3.11,1.22,55.7001
Nifty 50,01-07-1999,17.84,3.1,1.22,55.304
Nifty 50,02-07-1999,18.06,3.14,1.2,56.7084
Nifty 50,05-07-1999,18.55,3.22,1.17,59.731
Nifty 50,06-07-1999,18.72,3.25,1.16,60.84
Nifty 50,07-07-1999,18.75,3.26,1.2,61.125
Nifty 50,08-07-1999,18.76,3.26,1.2,61.1576
Nifty 50,09-07-1999,18.91,3.28,1.18,62.0248
Nifty 50,12-07-1999,19.83,3.44,1.13,68.2152
Nifty 50,13-07-1999,19.92,3.46,1.12,68.9232
Nifty 50,14-07-1999,20.18,3.5,1.18,70.63
Nifty 50,15-07-1999,19.92,3.46,1.19,68.9232
Nifty 50,16-07-1999,20.02,3.47,1.13,69.4694
Nifty 50,19-07-1999,20.4,3.54,1.11,72.216
Nifty 50,20-07-1999,19.87,3.45,1.14,68.5515
Nifty 50,21-07-1999,20.26,3.52,1.14,71.3152
Nifty 50,22-07-1999,20.39,3.54,1.13,72.1806
Nifty 50,23-07-1999,20.46,3.55,1.06,72.633
Nifty 50,26-07-1999,20.18,3.5,1.07,70.63
Nifty 50,27-07-1999,19.94,3.46,1.08,68.9924
Nifty 50,28-07-1999,20.09,3.49,1.07,70.1141
Nifty 50,29-07-1999,20.18,3.5,1.07,70.63
Nifty 50,30-07-1999,19.94,3.46,1.08,68.9924
Nifty 50,02-08-1999,19.63,3.41,1.1,66.9383
Nifty 50,03-08-1999,19.53,3.39,1.1,66.2067
Nifty 50,04-08-1999,20.18,3.5,1.07,70.63
Nifty 50,05-08-1999,20.13,3.49,1.07,70.2537
Nifty 50,06-08-1999,20.03,3.48,1.07,69.7044
Nifty 50,09-08-1999,20.2,3.51,1.06,70.902
Nifty 50,10-08-1999,19.83,3.44,1.07,68.2152
Nifty 50,11-08-1999,19.92,3.45,1.1,68.724
Nifty 50,12-08-1999,19.83,3.44,1.1,68.2152
Nifty 50,13-08-1999,19.56,3.39,1.12,66.3084
Nifty 50,16-08-1999,19.83,3.44,1.1,68.2152
Nifty 50,17-08-1999,20.03,3.47,1.09,69.5041
Nifty 50,18-08-1999,20.64,3.58,1.06,73.8912
Nifty 50,19-08-1999,20.37,3.53,1.07,71.9061
Nifty 50,20-08-1999,20.4,3.54,1.01,72.216
Nifty 50,23-08-1999,20.74,3.6,0.99,74.664
Nifty 50,24-08-1999,20.94,3.63,0.98,76.0122
Nifty 50,25-08-1999,20.79,3.6,1.09,74.844
Nifty 50,26-08-1999,21.25,3.68,1.07,78.2
Nifty 50,27-08-1999,21.48,3.72,1.06,79.9056
Nifty 50,30-08-1999,21.56,3.74,1.05,80.6344
Nifty 50,31-08-1999,21.4,3.71,1.06,79.394
Nifty 50,01-09-1999,21.38,3.71,1.06,79.3198
Nifty 50,02-09-1999,20.85,3.61,1.09,75.2685
Nifty 50,03-09-1999,20.84,3.61,1.08,75.2324
Nifty 50,06-09-1999,21.07,3.65,1.07,76.9055
Nifty 50,07-09-1999,20.96,3.63,1.08,76.0848
Nifty 50,08-09-1999,21.73,3.87,1.04,84.0951
Nifty 50,09-09-1999,21.69,3.86,1.05,83.7234
Nifty 50,10-09-1999,21.6,3.85,1.05,83.16
Nifty 50,14-09-1999,21.28,3.79,1.07,80.6512
Nifty 50,15-09-1999,21.34,3.8,1.06,81.092
Nifty 50,16-09-1999,20.98,3.74,1.08,78.4652
Nifty 50,17-09-1999,21.11,3.76,1.08,79.3736
Nifty 50,20-09-1999,21.06,3.76,1.08,79.1856
Nifty 50,21-09-1999,20.95,3.74,1.08,78.353
Nifty 50,22-09-1999,21.51,3.84,1.06,82.5984
Nifty 50,23-09-1999,21.68,3.87,1.05,83.9016
Nifty 50,24-09-1999,21.91,3.91,1.04,85.6681
Nifty 50,27-09-1999,21.55,3.84,1.06,82.752
Nifty 50,28-09-1999,21.39,3.82,1.06,81.7098
Nifty 50,29-09-1999,21.99,3.92,1.04,86.2008
Nifty 50,30-09-1999,21.96,3.92,1.04,86.0832
Nifty 50,01-10-1999,21.81,3.89,1.09,84.8409
Nifty 50,04-10-1999,21.33,3.8,0.93,81.054
Nifty 50,05-10-1999,21.42,3.82,1.11,81.8244
Nifty 50,06-10-1999,21.73,3.88,1.1,84.3124
Nifty 50,07-10-1999,22.94,4.09,1.04,93.8246
Nifty 50,08-10-1999,23.08,4.12,1.03,95.0896
Nifty 50,11-10-1999,23.16,4.13,1.03,95.6508
Nifty 50,12-10-1999,23.16,4.13,1.03,95.6508
Nifty 50,13-10-1999,23.35,4.17,1.02,97.3695
Nifty 50,14-10-1999,23.49,4.19,1.01,98.4231
Nifty 50,15-10-1999,22.65,4.04,1.05,91.506
Nifty 50,18-10-1999,22.48,4.01,1.06,90.1448
Nifty 50,20-10-1999,23.01,4.11,1.03,94.5711
Nifty 50,21-10-1999,22.63,4.04,1.05,91.4252
Nifty 50,22-10-1999,22.27,3.98,1.07,88.6346
Nifty 50,23-10-1999,22.57,4.03,1.05,90.9571
Nifty 50,25-10-1999,22.21,3.96,1.07,87.9516
Nifty 50,26-10-1999,22.02,3.93,1.08,86.5386
Nifty 50,27-10-1999,21.99,3.92,1.08,86.2008
Nifty 50,28-10-1999,21.31,3.8,1.12,80.978
Nifty 50,29-10-1999,20.65,3.69,1.15,76.1985
Nifty 50,01-11-1999,19.78,3.53,1.2,69.8234
Nifty 50,02-11-1999,20.75,3.7,1.15,76.775
Nifty 50,03-11-1999,20.66,3.69,1.17,76.2354
Nifty 50,04-11-1999,20.83,3.72,1.16,77.4876
Nifty 50,05-11-1999,21.26,3.79,1.14,80.5754
Nifty 50,07-11-1999,21.34,3.81,1.14,81.3054
Nifty 50,09-11-1999,21.36,3.81,1.14,81.3816
Nifty 50,10-11-1999,21.64,3.86,1.12,83.5304
Nifty 50,11-11-1999,21.65,3.86,1.12,83.569
Nifty 50,12-11-1999,21.41,3.82,1.14,81.7862
Nifty 50,15-11-1999,21.24,3.79,1.14,80.4996
Nifty 50,16-11-1999,21.16,3.78,1.15,79.9848
Nifty 50,17-11-1999,21.1,3.77,1.15,79.547
Nifty 50,18-11-1999,21.28,3.8,1.14,80.864
Nifty 50,19-11-1999,21.25,3.79,1.14,80.5375
Nifty 50,22-11-1999,21.46,3.83,1.13,82.1918
Nifty 50,24-11-1999,21.76,3.89,1.12,84.6464
Nifty 50,25-11-1999,21.98,3.92,1.11,86.1616
Nifty 50,26-11-1999,21.84,3.9,1.11,85.176
Nifty 50,29-11-1999,21.6,3.86,1.12,83.376
Nifty 50,30-11-1999,21.47,3.83,1.13,82.2301
Nifty 50,01-12-1999,21.69,3.87,1.12,83.9403
Nifty 50,02-12-1999,22.01,3.93,1.1,86.4993
Nifty 50,03-12-1999,22.15,3.95,1.09,87.4925
Nifty 50,06-12-1999,22.54,4.02,1.08,90.6108
Nifty 50,07-12-1999,22.58,4.03,1.07,90.9974
Nifty 50,08-12-1999,23.41,4.18,1.04,97.8538
Nifty 50,09-12-1999,23.56,4.2,1.03,98.952
Nifty 50,10-12-1999,23.43,4.18,1.03,97.9374
Nifty 50,13-12-1999,23.23,4.15,1.04,96.4045
Nifty 50,14-12-1999,22.75,4.06,1.07,92.365
Nifty 50,15-12-1999,22.8,4.07,1.08,92.796
Nifty 50,16-12-1999,23.1,4.12,1.06,95.172
Nifty 50,17-12-1999,23.1,4.12,1.06,95.172
Nifty 50,20-12-1999,23.15,4.13,1.06,95.6095
Nifty 50,21-12-1999,23.13,4.13,1.06,95.5269
Nifty 50,22-12-1999,24.11,4.3,1.02,103.673
Nifty 50,23-12-1999,24.22,4.32,1.02,104.6304
Nifty 50,24-12-1999,23.74,4.24,1.04,100.6576
Nifty 50,27-12-1999,23.3,4.16,1.06,96.928
Nifty 50,28-12-1999,23.47,4.19,1.05,98.3393
Nifty 50,29-12-1999,24.02,4.29,1.03,103.0458
Nifty 50,30-12-1999,24.09,4.3,1.02,103.587
Nifty 50,03-01-2000,25.91,4.63,0.95,119.9633
Nifty 50,04-01-2000,26.67,4.76,0.92,126.9492
Nifty 50,05-01-2000,25.97,4.64,0.95,120.5008
Nifty 50,06-01-2000,26.32,4.7,0.94,123.704
Nifty 50,07-01-2000,26.25,4.69,0.94,123.1125
Nifty 50,10-01-2000,26.57,4.74,0.93,125.9418
Nifty 50,11-01-2000,25.59,4.57,0.96,116.9463
Nifty 50,12-01-2000,26.44,4.72,0.93,124.7968
Nifty 50,13-01-2000,26.38,4.71,0.93,124.2498
Nifty 50,14-01-2000,26.41,4.71,0.93,124.3911
Nifty 50,17-01-2000,26.22,4.68,0.94,122.7096
Nifty 50,18-01-2000,26.15,4.67,0.94,122.1205
Nifty 50,19-01-2000,26.6,4.75,0.93,126.35
Nifty 50,20-01-2000,26.05,4.65,0.95,121.1325
Nifty 50,21-01-2000,26.37,4.71,0.93,124.2027
Nifty 50,24-01-2000,26.26,4.69,0.94,123.1594
Nifty 50,25-01-2000,25.81,4.61,0.95,118.9841
Nifty 50,27-01-2000,26.1,4.66,0.94,121.626
Nifty 50,28-01-2000,26.02,4.65,0.95,120.993
Nifty 50,31-01-2000,25.16,4.49,0.98,112.9684
Nifty 50,01-02-2000,25.13,4.51,0.98,113.3363
Nifty 50,02-02-2000,25.75,4.62,0.95,118.965
Nifty 50,03-02-2000,25.91,4.65,0.95,120.4815
Nifty 50,04-02-2000,25.94,4.65,0.94,120.621
Nifty 50,07-02-2000,26.54,4.76,0.92,126.3304
Nifty 50,08-02-2000,26.96,4.83,0.91,130.2168
Nifty 50,09-02-2000,27.4,4.91,0.93,134.534
Nifty 50,10-02-2000,27.75,4.98,0.92,138.195
Nifty 50,11-02-2000,28.47,5.11,0.9,145.4817
Nifty 50,14-02-2000,28.29,5.07,0.9,143.4303
Nifty 50,15-02-2000,27.19,4.93,0.92,134.0467
Nifty 50,16-02-2000,27.32,4.95,0.92,135.234
Nifty 50,17-02-2000,27.82,5.04,0.9,140.2128
Nifty 50,18-02-2000,27.43,4.97,0.9,136.3271
Nifty 50,21-02-2000,28,5.08,0.89,142.24
Nifty 50,22-02-2000,27.77,5.03,0.89,139.6831
Nifty 50,23-02-2000,27.09,4.91,0.92,133.0119
Nifty 50,24-02-2000,27.66,5.01,0.9,138.5766
Nifty 50,25-02-2000,27.29,4.95,0.91,135.0855
Nifty 50,28-02-2000,27.49,4.98,0.9,136.9002
Nifty 50,29-02-2000,26.36,4.79,0.94,126.2644
Nifty 50,01-03-2000,27.35,4.96,0.91,135.656
Nifty 50,02-03-2000,27.09,4.92,0.91,133.2828
Nifty 50,03-03-2000,26.47,4.8,0.94,127.056
Nifty 50,06-03-2000,26.99,4.89,0.92,131.9811
Nifty 50,07-03-2000,27.22,4.94,0.91,134.4668
Nifty 50,08-03-2000,26.64,4.83,1.03,128.6712
Nifty 50,09-03-2000,26.32,4.77,1.04,125.5464
Nifty 50,10-03-2000,25.62,4.65,1.07,119.133
Nifty 50,13-03-2000,24.95,4.52,1.1,112.774
Nifty 50,14-03-2000,25.05,4.54,1.09,113.727
Nifty 50,15-03-2000,25.9,4.7,1.06,121.73
Nifty 50,16-03-2000,24.97,4.53,1.09,113.1141
Nifty 50,21-03-2000,24.89,4.51,1.02,112.2539
Nifty 50,22-03-2000,25.41,4.61,1.03,117.1401
Nifty 50,23-03-2000,24.83,4.5,1.06,111.735
Nifty 50,24-03-2000,25.09,4.55,1.05,114.1595
Nifty 50,27-03-2000,24.99,4.53,1.05,113.2047
Nifty 50,28-03-2000,25.08,4.55,1.04,114.114
Nifty 50,29-03-2000,25.08,4.55,1.04,114.114
Nifty 50,30-03-2000,24.94,4.52,1.05,112.7288
Nifty 50,31-03-2000,24.6,4.46,1.06,109.716
Nifty 50,03-04-2000,24.7,4.48,1.06,110.656
Nifty 50,04-04-2000,22.99,4.17,1.14,95.8683
Nifty 50,05-04-2000,23.09,4.19,1.51,96.7471
Nifty 50,06-04-2000,23.39,4.24,1.49,99.1736
Nifty 50,07-04-2000,25.06,4.54,1.39,113.7724
Nifty 50,10-04-2000,25.96,4.71,1.34,122.2716
Nifty 50,11-04-2000,25.72,4.71,1.33,121.1412
Nifty 50,12-04-2000,25.21,4.62,1.47,116.4702
Nifty 50,13-04-2000,23.98,4.38,1.54,105.0324
Nifty 50,17-04-2000,21.74,3.91,1.62,85.0034
Nifty 50,18-04-2000,21.31,3.84,1.66,81.8304
Nifty 50,19-04-2000,21.07,3.8,1.73,80.066
Nifty 50,20-04-2000,21.23,3.83,1.71,81.3109
Nifty 50,24-04-2000,20.82,3.76,1.75,78.2832
Nifty 50,25-04-2000,20.39,3.68,1.78,75.0352
Nifty 50,26-04-2000,21.54,3.89,1.73,83.7906
Nifty 50,27-04-2000,21.25,3.84,1.75,81.6
Nifty 50,28-04-2000,21.1,3.81,1.77,80.391
Nifty 50,02-05-2000,20,3.61,1.86,72.2
Nifty 50,03-05-2000,19.74,3.56,1.91,70.2744
Nifty 50,04-05-2000,20.71,3.74,1.82,77.4554
Nifty 50,05-05-2000,21.33,3.85,1.77,82.1205
Nifty 50,08-05-2000,20.47,3.7,1.74,75.739
Nifty 50,09-05-2000,20.68,3.73,1.72,77.1364
Nifty 50,10-05-2000,20.57,3.71,1.74,76.3147
Nifty 50,11-05-2000,19.68,3.55,1.81,69.864
Nifty 50,12-05-2000,19.36,3.49,1.84,67.5664
Nifty 50,15-05-2000,19.54,3.52,1.82,68.7808
Nifty 50,16-05-2000,19.66,3.54,1.81,69.5964
Nifty 50,17-05-2000,19.88,3.7,1.79,73.556
Nifty 50,18-05-2000,19.44,3.64,1.81,70.7616
Nifty 50,19-05-2000,19.05,3.57,1.85,68.0085
Nifty 50,22-05-2000,18.53,3.47,1.89,64.2991
Nifty 50,23-05-2000,18.4,3.45,1.91,63.48
Nifty 50,24-05-2000,20.69,4.09,1.8,84.6221
Nifty 50,25-05-2000,20.89,4.13,1.79,86.2757
Nifty 50,26-05-2000,21.35,4.22,1.75,90.097
Nifty 50,29-05-2000,21.95,4.34,1.5,95.263
Nifty 50,30-05-2000,22.34,4.57,1.47,102.0938
Nifty 50,31-05-2000,22.96,4.7,1.43,107.912
Nifty 50,01-06-2000,22.46,4.52,1.46,101.5192
Nifty 50,02-06-2000,23.13,4.65,1.42,107.5545
Nifty 50,05-06-2000,23.38,4.71,1.39,110.1198
Nifty 50,06-06-2000,23.67,4.76,1.38,112.6692
Nifty 50,07-06-2000,23.7,4.78,1.39,113.286
Nifty 50,08-06-2000,24.25,4.89,1.36,118.5825
Nifty 50,09-06-2000,24.31,4.9,1.36,119.119
Nifty 50,12-06-2000,23.87,4.81,1.36,114.8147
Nifty 50,13-06-2000,23.74,4.79,1.36,113.7146
Nifty 50,14-06-2000,23.79,4.77,1.38,113.4783
Nifty 50,15-06-2000,23.95,4.81,1.37,115.1995
Nifty 50,16-06-2000,24.48,4.91,1.34,120.1968
Nifty 50,19-06-2000,24.84,4.98,1.27,123.7032
Nifty 50,20-06-2000,24.98,5.01,1.26,125.1498
Nifty 50,21-06-2000,24.45,4.91,1.29,120.0495
Nifty 50,22-06-2000,24.67,4.95,1.28,122.1165
Nifty 50,23-06-2000,22.95,4.89,1.29,112.2255
Nifty 50,26-06-2000,22.63,4.82,1.23,109.0766
Nifty 50,27-06-2000,22.67,4.83,1.23,109.4961
Nifty 50,28-06-2000,22.91,4.88,1.27,111.8008
Nifty 50,29-06-2000,23.26,4.96,1.25,115.3696
Nifty 50,30-06-2000,22.94,4.89,1.26,112.1766
Nifty 50,03-07-2000,23.31,4.97,1.09,115.8507
Nifty 50,04-07-2000,23.56,5.02,1.08,118.2712
Nifty 50,05-07-2000,23.5,4.86,1.11,114.21
Nifty 50,06-07-2000,23.35,4.83,1.11,112.7805
Nifty 50,07-07-2000,23.37,4.83,1.11,112.8771
Nifty 50,10-07-2000,23.24,4.81,1.08,111.7844
Nifty 50,11-07-2000,23.38,4.84,1.08,113.1592
Nifty 50,12-07-2000,23.61,4.88,1.07,115.2168
Nifty 50,13-07-2000,23.44,4.85,1.08,113.684
Nifty 50,14-07-2000,23.25,4.81,1.09,111.8325
Nifty 50,17-07-2000,22.78,4.71,1.06,107.2938
Nifty 50,18-07-2000,22.53,4.66,1.07,104.9898
Nifty 50,19-07-2000,22.11,4.57,1.09,101.0427
Nifty 50,20-07-2000,21.93,4.54,1.1,99.5622
Nifty 50,21-07-2000,21.51,4.45,1.12,95.7195
Nifty 50,24-07-2000,20.47,4.25,1.17,86.9975
Nifty 50,25-07-2000,20.96,4.35,1.14,91.176
Nifty 50,26-07-2000,20.48,4.25,1.19,87.04
Nifty 50,27-07-2000,20.79,4.32,1.18,89.8128
Nifty 50,28-07-2000,20.72,4.3,1.18,89.096
Nifty 50,31-07-2000,20.71,4.3,1.18,89.053
Nifty 50,01-08-2000,20.58,4.29,1.19,88.2882
Nifty 50,02-08-2000,20.66,4.31,1.18,89.0446
Nifty 50,03-08-2000,20.49,4.27,1.19,87.4923
Nifty 50,04-08-2000,20.45,4.27,1.19,87.3215
Nifty 50,07-08-2000,20.33,4.24,1.2,86.1992
Nifty 50,08-08-2000,20.87,4.35,1.17,90.7845
Nifty 50,09-08-2000,20.86,4.35,1.18,90.741
Nifty 50,10-08-2000,20.09,4.22,1.2,84.7798
Nifty 50,11-08-2000,19.74,4.15,1.21,81.921
Nifty 50,14-08-2000,19.85,4.18,1.18,82.973
Nifty 50,16-08-2000,20.35,4.28,1.16,87.098
Nifty 50,17-08-2000,20.2,4.25,1.17,85.85
Nifty 50,18-08-2000,20.45,4.3,1.16,87.935
Nifty 50,21-08-2000,20.62,4.34,1.15,89.4908
Nifty 50,22-08-2000,20.78,4.37,1.14,90.8086
Nifty 50,23-08-2000,20.87,4.39,1.13,91.6193
Nifty 50,24-08-2000,20.89,4.4,1.13,91.916
Nifty 50,25-08-2000,20.8,4.38,1.14,91.104
Nifty 50,28-08-2000,20.63,4.34,1.06,89.5342
Nifty 50,29-08-2000,20.58,4.33,1.06,89.1114
Nifty 50,30-08-2000,20.7,4.36,1.08,90.252
Nifty 50,31-08-2000,20.97,4.42,1.06,92.6874
Nifty 50,04-09-2000,21.69,4.66,1.04,101.0754
Nifty 50,05-09-2000,21.7,4.66,1.04,101.122
Nifty 50,06-09-2000,21.81,4.69,1.12,102.2889
Nifty 50,07-09-2000,21.88,4.7,1.11,102.836
Nifty 50,08-09-2000,22.03,4.73,1.11,104.2019
Nifty 50,11-09-2000,22.13,4.75,1.1,105.1175
Nifty 50,12-09-2000,22.3,4.79,1.09,106.817
Nifty 50,13-09-2000,22.13,4.75,1.1,105.1175
Nifty 50,14-09-2000,21.96,4.72,1.11,103.6512
Nifty 50,15-09-2000,21.53,4.63,1.13,99.6839
Nifty 50,18-09-2000,20.58,4.42,1.18,90.9636
Nifty 50,19-09-2000,20.01,4.3,1.22,86.043
Nifty 50,20-09-2000,20.4,4.38,1.2,89.352
Nifty 50,21-09-2000,20.21,4.34,1.21,87.7114
Nifty 50,22-09-2000,19.24,4.13,1.27,79.4612
Nifty 50,25-09-2000,19.64,4.22,1.24,82.8808
Nifty 50,26-09-2000,19.26,4.14,1.26,79.7364
Nifty 50,27-09-2000,19.64,4.22,1.24,82.8808
Nifty 50,28-09-2000,19.24,4.13,1.26,79.4612
Nifty 50,29-09-2000,19.32,4.15,1.26,80.178
Nifty 50,03-10-2000,19.48,4.19,1.25,81.6212
Nifty 50,04-10-2000,19.72,4.24,1.23,83.6128
Nifty 50,05-10-2000,19.52,4.19,1.25,81.7888
Nifty 50,06-10-2000,19.52,4.2,1.25,81.984
Nifty 50,09-10-2000,19.26,4.14,1.26,79.7364
Nifty 50,10-10-2000,18.83,4.04,1.29,76.0732
Nifty 50,11-10-2000,18.26,3.92,1.33,71.5792
Nifty 50,12-10-2000,18.33,3.94,1.33,72.2202
Nifty 50,13-10-2000,18.01,3.83,1.36,68.9783
Nifty 50,16-10-2000,17.78,3.83,1.36,68.0974
Nifty 50,17-10-2000,17.51,3.77,1.38,66.0127
Nifty 50,18-10-2000,17.18,3.7,1.41,63.566
Nifty 50,19-10-2000,17.64,3.8,1.37,67.032
Nifty 50,20-10-2000,17.72,3.82,1.37,67.6904
Nifty 50,23-10-2000,17.3,3.73,1.4,64.529
Nifty 50,24-10-2000,17.43,3.75,1.39,65.3625
Nifty 50,25-10-2000,17.9,3.86,1.36,69.094
Nifty 50,26-10-2000,17.94,3.86,1.36,69.2484
Nifty 50,27-10-2000,17.83,3.84,1.36,68.4672
Nifty 50,30-10-2000,17.65,3.8,1.37,67.07
Nifty 50,31-10-2000,17.74,3.82,1.37,67.7668
Nifty 50,01-11-2000,18.16,3.91,1.34,71.0056
Nifty 50,02-11-2000,18.52,3.99,1.31,73.8948
Nifty 50,03-11-2000,18.78,4.04,1.29,75.8712
Nifty 50,06-11-2000,18.76,4.04,1.27,75.7904
Nifty 50,07-11-2000,18.85,4.06,1.27,76.531
Nifty 50,08-11-2000,19.17,4.13,1.25,79.1721
Nifty 50,09-11-2000,19.21,4.14,1.25,79.5294
Nifty 50,10-11-2000,18.75,4.04,1.28,75.75
Nifty 50,13-11-2000,18.28,3.94,1.31,72.0232
Nifty 50,14-11-2000,18.8,4.05,1.27,76.14
Nifty 50,15-11-2000,18.87,4.07,1.27,76.8009
Nifty 50,16-11-2000,18.66,4.02,1.29,75.0132
Nifty 50,17-11-2000,18.7,4.03,1.28,75.361
Nifty 50,20-11-2000,18.72,4.03,1.28,75.4416
Nifty 50,21-11-2000,18.68,4.03,1.28,75.2804
Nifty 50,22-11-2000,18.49,3.98,1.3,73.5902
Nifty 50,23-11-2000,18.4,3.96,1.31,72.864
Nifty 50,24-11-2000,18.54,3.99,1.3,73.9746
Nifty 50,27-11-2000,18.96,4.08,1.27,77.3568
Nifty 50,28-11-2000,19.26,4.15,1.25,79.929
Nifty 50,29-11-2000,19.17,4.13,1.25,79.1721
Nifty 50,30-11-2000,19.22,4.14,1.25,79.5708
Nifty 50,01-12-2000,19.34,4.17,1.24,80.6478
Nifty 50,04-12-2000,19.34,4.17,1.24,80.6478
Nifty 50,05-12-2000,19.47,4.2,1.23,81.774
Nifty 50,06-12-2000,19.68,4.24,1.22,83.4432
Nifty 50,07-12-2000,19.74,4.25,1.22,83.895
Nifty 50,08-12-2000,19.91,4.29,1.21,85.4139
Nifty 50,11-12-2000,20.19,4.35,1.19,87.8265
Nifty 50,12-12-2000,20.21,4.36,1.19,88.1156
Nifty 50,13-12-2000,20.54,4.43,1.17,90.9922
Nifty 50,14-12-2000,20.47,4.41,1.18,90.2727
Nifty 50,15-12-2000,19.91,4.29,1.21,85.4139
Nifty 50,18-12-2000,19.98,4.31,1.19,86.1138
Nifty 50,19-12-2000,19.88,4.28,1.2,85.0864
Nifty 50,20-12-2000,19.68,4.24,1.21,83.4432
Nifty 50,21-12-2000,19.41,4.18,1.23,81.1338
Nifty 50,22-12-2000,18.87,4.07,1.26,76.8009
Nifty 50,26-12-2000,18.42,3.97,1.29,73.1274
Nifty 50,27-12-2000,18.67,4.02,1.27,75.0534
Nifty 50,28-12-2000,18.98,4.09,1.25,77.6282
Nifty 50,29-12-2000,19.2,4.14,1.24,79.488
Nifty 50,01-01-2001,19.06,4.11,1.25,78.3366
Nifty 50,02-01-2001,19.33,4.16,1.23,80.4128
Nifty 50,03-01-2001,19.62,4.23,1.22,82.9926
Nifty 50,04-01-2001,19.87,4.28,1.2,85.0436
Nifty 50,05-01-2001,20.17,4.35,1.18,87.7395
Nifty 50,08-01-2001,19.9,4.29,1.2,85.371
Nifty 50,09-01-2001,19.93,4.3,1.2,85.699
Nifty 50,10-01-2001,19.56,4.22,1.22,82.5432
Nifty 50,11-01-2001,19.46,4.19,1.23,81.5374
Nifty 50,12-01-2001,19.55,4.21,1.22,82.3055
Nifty 50,15-01-2001,20.85,4.33,1.22,90.2805
Nifty 50,16-01-2001,20.95,4.35,1.21,91.1325
Nifty 50,17-01-2001,21.03,4.36,1.21,91.6908
Nifty 50,18-01-2001,21.16,4.39,1.2,92.8924
Nifty 50,19-01-2001,21.53,4.47,1.18,96.2391
Nifty 50,22-01-2001,21.84,4.53,1.17,98.9352
Nifty 50,23-01-2001,21.96,4.56,1.16,100.1376
Nifty 50,24-01-2001,22.13,4.59,1.15,101.5767
Nifty 50,25-01-2001,22.2,4.61,1.15,102.342
Nifty 50,29-01-2001,21.74,4.51,1.17,98.0474
Nifty 50,30-01-2001,22.35,4.64,1.14,103.704
Nifty 50,31-01-2001,22.22,4.61,1.15,102.4342
Nifty 50,01-02-2001,22.02,4.57,1.16,100.6314
Nifty 50,02-02-2001,22.34,4.64,1.14,103.6576
Nifty 50,05-02-2001,22.4,4.65,1.14,104.16
Nifty 50,06-02-2001,22.47,4.66,1.13,104.7102
Nifty 50,07-02-2001,22.22,4.61,1.15,102.4342
Nifty 50,08-02-2001,22.62,4.69,1.13,106.0878
Nifty 50,09-02-2001,22.78,4.73,1.12,107.7494
Nifty 50,12-02-2001,22.73,4.71,1.08,107.0583
Nifty 50,13-02-2001,22.55,4.68,1.09,105.534
Nifty 50,14-02-2001,20.89,4.54,1.09,94.8406
Nifty 50,15-02-2001,21.24,4.61,1.07,97.9164
Nifty 50,16-02-2001,20.71,4.5,1.09,93.195
Nifty 50,19-02-2001,20.76,4.51,1.09,93.6276
Nifty 50,20-02-2001,20.73,4.51,1.09,93.4923
Nifty 50,21-02-2001,20.52,4.46,1.1,91.5192
Nifty 50,22-02-2001,20.3,4.41,1.12,89.523
Nifty 50,23-02-2001,19.78,4.3,1.15,85.054
Nifty 50,26-02-2001,19.66,4.28,1.15,84.1448
Nifty 50,27-02-2001,19.41,4.22,1.17,81.9102
Nifty 50,28-02-2001,20.24,4.4,1.12,89.056
Nifty 50,01-03-2001,20.34,4.42,1.11,89.9028
Nifty 50,02-03-2001,19.57,4.26,1.16,83.3682
Nifty 50,05-03-2001,19.04,4.14,1.19,78.8256
Nifty 50,07-03-2001,19.35,4.21,1.17,81.4635
Nifty 50,08-03-2001,19.38,4.21,1.17,81.5898
Nifty 50,09-03-2001,18.81,4.09,1.08,76.9329
Nifty 50,12-03-2001,17.96,3.91,1.13,70.2236
Nifty 50,13-03-2001,16.86,3.67,1.2,61.8762
Nifty 50,14-03-2001,17.9,3.89,1.13,69.631
Nifty 50,15-03-2001,18.25,3.97,1.11,72.4525
Nifty 50,16-03-2001,17.89,3.89,1.14,69.5921
Nifty 50,19-03-2001,17.79,3.87,1.14,68.8473
Nifty 50,20-03-2001,17.55,3.82,1.16,67.041
Nifty 50,21-03-2001,18.1,3.94,1.12,71.314
Nifty 50,22-03-2001,17.8,3.87,1.14,68.886
Nifty 50,23-03-2001,17.41,3.79,1.12,65.9839
Nifty 50,26-03-2001,17.41,3.79,1.12,65.9839
Nifty 50,27-03-2001,17.65,3.84,1.1,67.776
Nifty 50,28-03-2001,18.07,3.94,1.08,71.1958
Nifty 50,29-03-2001,17.91,3.9,1.09,69.849
Nifty 50,30-03-2001,17.21,3.75,1.13,64.5375
Nifty 50,02-04-2001,17.05,3.72,1.14,63.426
Nifty 50,03-04-2001,17.22,3.75,1.13,64.575
Nifty 50,04-04-2001,17.07,3.72,1.29,63.5004
Nifty 50,06-04-2001,17.11,3.73,0.84,63.8203
Nifty 50,09-04-2001,16.94,3.69,0.85,62.5086
Nifty 50,10-04-2001,15.94,3.56,0.87,56.7464
Nifty 50,11-04-2001,15.41,3.45,0.9,53.1645
Nifty 50,12-04-2001,14.73,3.3,0.94,48.609
Nifty 50,16-04-2001,15.02,3.37,0.76,50.6174
Nifty 50,17-04-2001,15.34,3.44,0.74,52.7696
Nifty 50,18-04-2001,15.86,3.56,0.72,56.4616
Nifty 50,19-04-2001,16.45,3.69,0.69,60.7005
Nifty 50,20-04-2001,16.45,3.69,0.62,60.7005
Nifty 50,23-04-2001,16.53,3.71,0.62,61.3263
Nifty 50,24-04-2001,16.48,3.69,0.62,60.8112
Nifty 50,25-04-2001,16.61,3.72,0.63,61.7892
Nifty 50,26-04-2001,16.38,3.66,0.64,59.9508
Nifty 50,27-04-2001,14.44,3.15,0.61,45.486
Nifty 50,30-04-2001,14.57,3.21,0.6,46.7697
Nifty 50,02-05-2001,14.63,3.23,0.62,47.2549
Nifty 50,03-05-2001,15.01,3.19,0.63,47.8819
Nifty 50,04-05-2001,15.4,3.13,0.6,48.202
Nifty 50,07-05-2001,15.46,3.15,0.59,48.699
Nifty 50,08-05-2001,15.6,3.17,0.59,49.452
Nifty 50,09-05-2001,15.6,3.17,0.61,49.452
Nifty 50,10-05-2001,15.55,3.16,0.61,49.138
Nifty 50,11-05-2001,15.49,3.15,0.61,48.7935
Nifty 50,14-05-2001,15.49,3.15,0.61,48.7935
Nifty 50,15-05-2001,15.55,3.16,0.61,49.138
Nifty 50,16-05-2001,15.63,3.18,0.61,49.7034
Nifty 50,17-05-2001,15.95,3.25,0.6,51.8375
Nifty 50,18-05-2001,15.92,3.24,0.6,51.5808
Nifty 50,21-05-2001,15.98,3.23,0.6,51.6154
Nifty 50,22-05-2001,15.96,3.22,0.6,51.3912
Nifty 50,23-05-2001,16.11,3.25,0.73,52.3575
Nifty 50,24-05-2001,16.13,3.24,0.73,52.2612
Nifty 50,25-05-2001,16.15,3.22,0.73,52.003
Nifty 50,28-05-2001,16.4,3.27,0.72,53.628
Nifty 50,29-05-2001,16.47,3.28,0.72,54.0216
Nifty 50,30-05-2001,15.98,3.08,0.8,49.2184
Nifty 50,31-05-2001,15.8,3.04,0.81,48.032
Nifty 50,01-06-2001,15.47,2.95,0.82,45.6365
Nifty 50,04-06-2001,15.25,2.89,0.84,44.0725
Nifty 50,05-06-2001,15.08,2.86,0.85,43.1288
Nifty 50,06-06-2001,15.12,2.87,0.85,43.3944
Nifty 50,07-06-2001,15.07,2.86,0.85,43.1002
Nifty 50,08-06-2001,15.26,2.89,0.81,44.1014
Nifty 50,11-06-2001,15.32,2.91,0.81,44.5812
Nifty 50,12-06-2001,15.27,2.9,0.81,44.283
Nifty 50,13-06-2001,15.3,2.9,0.91,44.37
Nifty 50,14-06-2001,15.54,2.88,0.92,44.7552
Nifty 50,15-06-2001,15.19,2.81,0.92,42.6839
Nifty 50,18-06-2001,15.07,2.75,0.92,41.4425
Nifty 50,19-06-2001,15.35,2.79,0.91,42.8265
Nifty 50,20-06-2001,15.62,2.44,0.97,38.1128
Nifty 50,21-06-2001,15.59,2.43,0.97,37.8837
Nifty 50,22-06-2001,15.48,2.42,0.97,37.4616
Nifty 50,25-06-2001,15.19,2.37,0.99,36.0003
Nifty 50,26-06-2001,15.61,2.44,0.97,38.0884
Nifty 50,27-06-2001,15.59,2.43,0.97,37.8837
Nifty 50,28-06-2001,15.56,2.43,0.97,37.8108
Nifty 50,29-06-2001,15.76,2.46,0.89,38.7696
Nifty 50,02-07-2001,15.65,2.44,1.02,38.186
Nifty 50,03-07-2001,15.21,2.37,1.05,36.0477
Nifty 50,04-07-2001,15.19,2.37,1.08,36.0003
Nifty 50,05-07-2001,15.21,2.37,1.08,36.0477
Nifty 50,06-07-2001,15.15,2.36,1.12,35.754
Nifty 50,09-07-2001,15.07,2.35,1.16,35.4145
Nifty 50,10-07-2001,15.25,2.38,1.15,36.295
Nifty 50,11-07-2001,15.41,2.4,1.14,36.984
Nifty 50,12-07-2001,15.72,2.45,1.11,38.514
Nifty 50,13-07-2001,15.79,2.46,1.11,38.8434
Nifty 50,16-07-2001,15.72,2.45,1.11,38.514
Nifty 50,17-07-2001,15.69,2.45,1.12,38.4405
Nifty 50,18-07-2001,15.53,2.42,1.13,37.5826
Nifty 50,19-07-2001,15.44,2.41,1.13,37.2104
Nifty 50,20-07-2001,15.33,2.39,1.16,36.6387
Nifty 50,23-07-2001,15.23,2.38,1.17,36.2474
Nifty 50,24-07-2001,15.25,2.38,1.17,36.295
Nifty 50,25-07-2001,15.13,2.36,1.18,35.7068
Nifty 50,26-07-2001,14.93,2.33,1.19,34.7869
Nifty 50,27-07-2001,14.9,2.33,1.15,34.717
Nifty 50,30-07-2001,15.04,2.35,1.18,35.344
Nifty 50,31-07-2001,15.15,2.37,1.17,35.9055
Nifty 50,01-08-2001,15.01,2.35,1.18,35.2735
Nifty 50,02-08-2001,15.05,2.36,1.2,35.518
Nifty 50,03-08-2001,15.18,2.38,1.19,36.1284
Nifty 50,06-08-2001,15.18,2.38,1.21,36.1284
Nifty 50,07-08-2001,15.14,2.37,1.23,35.8818
Nifty 50,08-08-2001,15.08,2.36,1.23,35.5888
Nifty 50,09-08-2001,15.12,2.37,1.23,35.8344
Nifty 50,10-08-2001,15.31,2.4,1.2,36.744
Nifty 50,13-08-2001,15.19,2.38,1.21,36.1522
Nifty 50,14-08-2001,15.37,2.41,1.19,37.0417
Nifty 50,16-08-2001,15.42,2.42,1.19,37.3164
Nifty 50,17-08-2001,15.28,2.39,1.19,36.5192
Nifty 50,20-08-2001,15.21,2.38,1.2,36.1998
Nifty 50,21-08-2001,15.28,2.39,1.32,36.5192
Nifty 50,23-08-2001,15.32,2.4,1.32,36.768
Nifty 50,24-08-2001,15.28,2.39,1.34,36.5192
Nifty 50,27-08-2001,15.37,2.41,1.33,37.0417
Nifty 50,28-08-2001,15.35,2.4,1.34,36.84
Nifty 50,29-08-2001,15.3,2.39,1.37,36.567
Nifty 50,30-08-2001,15.25,2.39,1.37,36.4475
Nifty 50,31-08-2001,15.1,2.36,1.35,35.636
Nifty 50,03-09-2001,15.02,2.35,1.38,35.297
Nifty 50,04-09-2001,15.02,2.35,1.38,35.297
Nifty 50,05-09-2001,14.98,2.34,1.42,35.0532
Nifty 50,06-09-2001,14.85,2.32,1.54,34.452
Nifty 50,07-09-2001,14.84,2.32,1.45,34.4288
Nifty 50,10-09-2001,14.81,2.32,1.45,34.3592
Nifty 50,11-09-2001,14.67,2.3,1.47,33.741
Nifty 50,12-09-2001,14.14,2.21,1.52,31.2494
Nifty 50,13-09-2001,13.99,2.19,1.54,30.6381
Nifty 50,14-09-2001,13.24,2.07,1.62,27.4068
Nifty 50,17-09-2001,12.56,1.97,1.71,24.7432
Nifty 50,18-09-2001,12.96,2.03,1.66,26.3088
Nifty 50,19-09-2001,13.13,2.06,1.65,27.0478
Nifty 50,20-09-2001,12.94,2.03,1.67,26.2682
Nifty 50,21-09-2001,12.3,1.92,1.75,23.616
Nifty 50,24-09-2001,12.51,1.96,1.72,24.5196
Nifty 50,25-09-2001,12.4,1.94,1.74,24.056
Nifty 50,26-09-2001,12.58,1.97,1.72,24.7826
Nifty 50,27-09-2001,12.81,2.01,1.68,25.7481
Nifty 50,28-09-2001,13.16,2.06,1.64,27.1096
Nifty 50,01-10-2001,13.1,2.05,1.65,26.855
Nifty 50,03-10-2001,12.95,2.03,1.67,26.2885
Nifty 50,04-10-2001,13.13,2.05,1.64,26.9165
Nifty 50,05-10-2001,13.17,2.06,1.64,27.1302
Nifty 50,08-10-2001,12.98,2.03,1.67,26.3494
Nifty 50,09-10-2001,13.14,2.06,1.65,27.0684
Nifty 50,10-10-2001,13.54,2.12,1.6,28.7048
Nifty 50,11-10-2001,13.75,2.15,1.58,29.5625
Nifty 50,12-10-2001,13.83,2.16,1.57,29.8728
Nifty 50,15-10-2001,13.87,2.17,1.57,30.0979
Nifty 50,16-10-2001,13.98,2.19,1.55,30.6162
Nifty 50,17-10-2001,14.2,2.22,1.53,31.524
Nifty 50,18-10-2001,13.99,2.19,1.55,30.6381
Nifty 50,19-10-2001,14.16,2.2,1.54,31.152
Nifty 50,22-10-2001,14.15,2.2,1.56,31.13
Nifty 50,23-10-2001,14.4,2.24,1.54,32.256
Nifty 50,24-10-2001,14.38,2.23,1.54,32.0674
Nifty 50,25-10-2001,14.26,2.22,1.59,31.6572
Nifty 50,29-10-2001,14.18,2.2,1.59,31.196
Nifty 50,30-10-2001,13.99,2.17,1.62,30.3583
Nifty 50,31-10-2001,13.79,2.19,1.61,30.2001
Nifty 50,01-11-2001,14.11,2.24,1.57,31.6064
Nifty 50,02-11-2001,14.16,2.25,1.56,31.86
Nifty 50,05-11-2001,14.06,2.24,1.57,31.4944
Nifty 50,06-11-2001,14.22,2.26,1.56,32.1372
Nifty 50,07-11-2001,14.01,2.25,1.56,31.5225
Nifty 50,08-11-2001,14.16,2.27,1.55,32.1432
Nifty 50,09-11-2001,14.55,2.28,1.56,33.174
Nifty 50,12-11-2001,14.65,2.27,1.56,33.2555
Nifty 50,13-11-2001,14.57,2.29,1.55,33.3653
Nifty 50,14-11-2001,14.72,2.34,1.52,34.4448
Nifty 50,15-11-2001,15.01,2.41,1.47,36.1741
Nifty 50,19-11-2001,15.48,2.37,1.5,36.6876
Nifty 50,20-11-2001,15.22,2.38,1.49,36.2236
Nifty 50,21-11-2001,15.31,2.4,1.48,36.744
Nifty 50,22-11-2001,15.4,2.39,1.48,36.806
Nifty 50,23-11-2001,15.35,2.44,1.45,37.454
Nifty 50,26-11-2001,15.66,2.43,1.46,38.0538
Nifty 50,27-11-2001,15.59,2.42,1.46,37.7278
Nifty 50,28-11-2001,15.52,2.41,1.47,37.4032
Nifty 50,29-11-2001,15.46,2.4,1.47,37.104
Nifty 50,03-12-2001,15.44,2.43,1.46,37.5192
Nifty 50,04-12-2001,15.62,2.49,1.42,38.8938
Nifty 50,05-12-2001,16.01,2.51,1.41,40.1851
Nifty 50,06-12-2001,16.09,2.51,1.41,40.3859
Nifty 50,07-12-2001,16.12,2.52,1.41,40.6224
Nifty 50,10-12-2001,16.16,2.5,1.41,40.4
Nifty 50,11-12-2001,16.09,2.5,1.42,40.225
Nifty 50,12-12-2001,16.05,2.48,1.43,39.804
Nifty 50,13-12-2001,15.92,2.45,1.44,39.004
Nifty 50,14-12-2001,15.76,2.44,1.44,38.4544
Nifty 50,18-12-2001,15.68,2.39,1.47,37.4752
Nifty 50,19-12-2001,15.37,2.4,1.47,36.888
Nifty 50,20-12-2001,15.39,2.37,1.49,36.4743
Nifty 50,21-12-2001,15.23,2.37,1.49,36.0951
Nifty 50,24-12-2001,15.19,2.33,1.51,35.3927
Nifty 50,26-12-2001,14.99,2.3,1.53,34.477
Nifty 50,27-12-2001,14.78,2.33,1.51,34.4374
Nifty 50,28-12-2001,14.98,2.39,1.48,35.8022
Nifty 50,31-12-2001,15.35,2.38,1.48,36.533
Nifty 50,01-01-2002,15.29,2.39,1.47,36.5431
Nifty 50,02-01-2002,15.37,2.42,1.46,37.1954
Nifty 50,03-01-2002,15.54,2.47,1.42,38.3838
Nifty 50,04-01-2002,15.89,2.48,1.41,39.4072
Nifty 50,07-01-2002,15.94,2.5,1.4,39.85
Nifty 50,08-01-2002,16.09,2.49,1.41,40.0641
Nifty 50,09-01-2002,15.98,2.48,1.42,39.6304
Nifty 50,10-01-2002,15.91,2.46,1.44,39.1386
Nifty 50,11-01-2002,15.78,2.5,1.41,39.45
Nifty 50,14-01-2002,16.08,2.47,1.43,39.7176
Nifty 50,15-01-2002,15.61,2.46,1.43,38.4006
Nifty 50,16-01-2002,15.56,2.82,1.23,43.8792
Nifty 50,17-01-2002,17.57,2.78,1.25,48.8446
Nifty 50,18-01-2002,17.32,2.83,1.25,49.0156
Nifty 50,21-01-2002,17.29,2.83,1.25,48.9307
Nifty 50,22-01-2002,17.31,2.83,1.25,48.9873
Nifty 50,23-01-2002,17.26,2.81,1.26,48.5006
Nifty 50,24-01-2002,17.19,2.79,1.26,47.9601
Nifty 50,25-01-2002,17.06,2.76,1.27,47.0856
Nifty 50,28-01-2002,16.93,2.76,1.27,46.7268
Nifty 50,29-01-2002,16.93,2.75,1.27,46.5575
Nifty 50,30-01-2002,16.87,2.77,1.26,46.7299
Nifty 50,31-01-2002,16.99,2.79,1.26,47.4021
Nifty 50,01-02-2002,17.42,2.79,1.26,48.6018
Nifty 50,04-02-2002,17.34,2.78,1.26,48.2052
Nifty 50,05-02-2002,17.3,2.77,1.27,47.921
Nifty 50,06-02-2002,17.92,2.87,1.35,51.4304
Nifty 50,07-02-2002,17.88,2.86,1.35,51.1368
Nifty 50,08-02-2002,18.09,2.9,1.33,52.461
Nifty 50,11-02-2002,18.22,2.92,1.33,53.2024
Nifty 50,12-02-2002,18.19,2.91,1.33,52.9329
Nifty 50,13-02-2002,18.28,2.93,1.32,53.5604
Nifty 50,14-02-2002,18.52,2.96,1.3,54.8192
Nifty 50,15-02-2002,18.68,2.99,1.29,55.8532
Nifty 50,18-02-2002,18.88,3.02,1.28,57.0176
Nifty 50,19-02-2002,18.66,2.99,1.29,55.7934
Nifty 50,20-02-2002,18.44,2.95,1.31,54.398
Nifty 50,21-02-2002,18.5,2.96,1.3,54.76
Nifty 50,22-02-2002,18.72,3,1.29,56.16
Nifty 50,25-02-2002,18.76,3,1.3,56.28
Nifty 50,26-02-2002,19.14,3.07,1.27,58.7598
Nifty 50,27-02-2002,19.14,3.07,1.27,58.7598
Nifty 50,28-02-2002,18.38,2.94,1.33,54.0372
Nifty 50,01-03-2002,18.96,3.04,1.29,57.6384
Nifty 50,04-03-2002,18.97,3.03,1.29,57.4791
Nifty 50,05-03-2002,18.99,3.03,1.28,57.5397
Nifty 50,06-03-2002,18.79,3.02,1.29,56.7458
Nifty 50,07-03-2002,19.11,3.07,1.27,58.6677
Nifty 50,08-03-2002,19.03,3.06,1.27,58.2318
Nifty 50,11-03-2002,18.71,3.01,1.3,56.3171
Nifty 50,12-03-2002,18.43,2.96,1.32,54.5528
Nifty 50,13-03-2002,18.54,2.98,1.31,55.2492
Nifty 50,14-03-2002,18.58,2.99,1.31,55.5542
Nifty 50,15-03-2002,18.74,3.01,1.29,56.4074
Nifty 50,18-03-2002,18.73,3.01,1.29,56.3773
Nifty 50,19-03-2002,18.46,2.97,1.31,54.8262
Nifty 50,20-03-2002,18.51,2.98,1.31,55.1598
Nifty 50,21-03-2002,18.33,2.95,1.32,54.0735
Nifty 50,22-03-2002,18.24,2.93,1.33,53.4432
Nifty 50,26-03-2002,17.99,2.89,1.35,51.9911
Nifty 50,27-03-2002,18,2.89,1.35,52.02
Nifty 50,28-03-2002,18.1,2.91,1.34,52.671
Nifty 50,01-04-2002,18.25,2.93,1.33,53.4725
Nifty 50,02-04-2002,18.22,2.93,1.33,53.3846
Nifty 50,03-04-2002,18,2.89,1.35,52.02
Nifty 50,04-04-2002,18.36,2.95,1.33,54.162
Nifty 50,05-04-2002,18.3,2.94,1.21,53.802
Nifty 50,08-04-2002,17.91,2.9,1.38,51.939
Nifty 50,09-04-2002,17.78,2.88,1.39,51.2064
Nifty 50,10-04-2002,18.01,2.91,1.37,52.4091
Nifty 50,11-04-2002,18.09,2.93,1.36,53.0037
Nifty 50,12-04-2002,18.14,2.93,1.36,53.1502
Nifty 50,15-04-2002,17.94,2.9,1.37,52.026
Nifty 50,16-04-2002,17.7,2.86,1.39,50.622
Nifty 50,17-04-2002,17.8,2.88,1.38,51.264
Nifty 50,18-04-2002,18.49,2.94,1.38,54.3606
Nifty 50,19-04-2002,18.02,2.86,1.42,51.5372
Nifty 50,22-04-2002,18.02,2.87,1.41,51.7174
Nifty 50,23-04-2002,18.05,2.88,1.41,51.984
Nifty 50,24-04-2002,18.16,2.86,1.4,51.9376
Nifty 50,25-04-2002,17.85,2.82,1.42,50.337
Nifty 50,26-04-2002,17.9,2.83,1.41,50.657
Nifty 50,29-04-2002,17.69,2.8,1.44,49.532
Nifty 50,30-04-2002,17.86,2.83,1.42,50.5438
Nifty 50,02-05-2002,18.08,2.93,1.41,52.9744
Nifty 50,03-05-2002,18.04,2.8,1.38,50.512
Nifty 50,06-05-2002,18.1,2.81,1.38,50.861
Nifty 50,07-05-2002,18.26,2.84,1.39,51.8584
Nifty 50,08-05-2002,18.38,2.86,1.38,52.5668
Nifty 50,09-05-2002,18.54,2.88,1.37,53.3952
Nifty 50,10-05-2002,18.36,2.85,1.36,52.326
Nifty 50,13-05-2002,18.16,2.86,1.36,51.9376
Nifty 50,14-05-2002,17.99,2.84,1.36,51.0916
Nifty 50,15-05-2002,17.87,2.82,1.37,50.3934
Nifty 50,16-05-2002,17.63,2.78,1.39,49.0114
Nifty 50,17-05-2002,17.49,2.81,1.39,49.1469
Nifty 50,20-05-2002,17.23,2.76,1.41,47.5548
Nifty 50,21-05-2002,16.82,2.7,1.47,45.414
Nifty 50,22-05-2002,16.6,2.73,1.47,45.318
Nifty 50,23-05-2002,16.31,2.68,1.5,43.7108
Nifty 50,24-05-2002,16.95,2.79,1.32,47.2905
Nifty 50,27-05-2002,16.88,2.78,1.33,46.9264
Nifty 50,28-05-2002,16.49,2.71,1.41,44.6879
Nifty 50,29-05-2002,16.54,2.72,1.44,44.9888
Nifty 50,30-05-2002,16.72,2.81,1.48,46.9832
Nifty 50,31-05-2002,16.19,3.07,1.39,49.7033
Nifty 50,03-06-2002,16.39,3.11,1.39,50.9729
Nifty 50,04-06-2002,16.48,3.13,1.38,51.5824
Nifty 50,05-06-2002,16.78,3.19,1.36,53.5282
Nifty 50,06-06-2002,16.42,3.21,1.36,52.7082
Nifty 50,07-06-2002,16.18,3.16,1.38,51.1288
Nifty 50,10-06-2002,16.51,3.23,1.35,53.3273
Nifty 50,11-06-2002,16.93,3.31,1.35,56.0383
Nifty 50,12-06-2002,16.87,3.3,1.39,55.671
Nifty 50,13-06-2002,16.72,3.27,1.4,54.6744
Nifty 50,14-06-2002,16.74,3.3,1.31,55.242
Nifty 50,17-06-2002,16.8,3.32,1.31,55.776
Nifty 50,18-06-2002,16.58,3.28,1.33,54.3824
Nifty 50,19-06-2002,16.4,3.24,1.35,53.136
Nifty 50,20-06-2002,15.86,3.24,1.36,51.3864
Nifty 50,21-06-2002,15.75,3.22,1.31,50.715
Nifty 50,24-06-2002,15.74,3.22,1.32,50.6828
Nifty 50,25-06-2002,15.64,3.2,1.32,50.048
Nifty 50,26-06-2002,15.48,3.17,1.35,49.0716
Nifty 50,27-06-2002,15.56,3.18,1.35,49.4808
Nifty 50,28-06-2002,15.73,3.2,1.34,50.336
Nifty 50,01-07-2002,15.9,2.67,2.01,42.453
Nifty 50,02-07-2002,15.88,2.66,2.01,42.2408
Nifty 50,03-07-2002,15.91,2.67,2.01,42.4797
Nifty 50,04-07-2002,15.92,2.67,2.01,42.5064
Nifty 50,05-07-2002,15.97,2.68,2,42.7996
Nifty 50,08-07-2002,16.09,2.7,1.99,43.443
Nifty 50,09-07-2002,16.07,2.69,1.99,43.2283
Nifty 50,10-07-2002,15.94,2.67,2.01,42.5598
Nifty 50,11-07-2002,15.71,2.64,2.03,41.4744
Nifty 50,12-07-2002,15.74,2.64,2.03,41.5536
Nifty 50,15-07-2002,15.59,2.61,2.05,40.6899
Nifty 50,16-07-2002,15.41,2.58,2.08,39.7578
Nifty 50,17-07-2002,15.36,2.58,2.08,39.6288
Nifty 50,18-07-2002,15.49,2.6,2.06,40.274
Nifty 50,19-07-2002,15.41,2.58,2.08,39.7578
Nifty 50,22-07-2002,15.05,2.52,2.12,37.926
Nifty 50,23-07-2002,15.2,2.55,2.1,38.76
Nifty 50,24-07-2002,14.93,2.5,2.14,37.325
Nifty 50,25-07-2002,14.9,2.5,2.15,37.25
Nifty 50,26-07-2002,14.48,2.43,2.21,35.1864
Nifty 50,29-07-2002,14.45,2.42,2.21,34.969
Nifty 50,30-07-2002,14.29,2.4,2.24,34.296
Nifty 50,31-07-2002,14.26,2.39,2.24,34.0814
Nifty 50,01-08-2002,14.24,2.39,2.25,34.0336
Nifty 50,02-08-2002,14.2,2.38,2.25,33.796
Nifty 50,05-08-2002,14.33,2.4,2.23,34.392
Nifty 50,06-08-2002,14.38,2.41,2.22,34.6558
Nifty 50,07-08-2002,14.41,2.42,2.22,34.8722
Nifty 50,08-08-2002,14.19,2.88,2.17,40.8672
Nifty 50,09-08-2002,14.31,2.9,2.15,41.499
Nifty 50,12-08-2002,14.43,2.93,2.13,42.2799
Nifty 50,13-08-2002,14.52,2.95,2.12,42.834
Nifty 50,14-08-2002,14.43,2.93,2.16,42.2799
Nifty 50,16-08-2002,14.57,2.96,2.16,43.1272
Nifty 50,19-08-2002,14.58,2.96,2.16,43.1568
Nifty 50,20-08-2002,14.71,2.99,2.14,43.9829
Nifty 50,21-08-2002,14.71,2.98,2.14,43.8358
Nifty 50,22-08-2002,14.66,2.98,2.04,43.6868
Nifty 50,23-08-2002,14.81,3.01,2.02,44.5781
Nifty 50,26-08-2002,14.86,3.02,1.98,44.8772
Nifty 50,27-08-2002,14.7,2.99,2.01,43.953
Nifty 50,28-08-2002,14.67,2.98,2.01,43.7166
Nifty 50,29-08-2002,14.69,2.99,2.02,43.9231
Nifty 50,30-08-2002,15.04,3.06,1.95,46.0224
Nifty 50,02-09-2002,15.08,3.07,1.95,46.2956
Nifty 50,03-09-2002,14.9,3.03,1.97,45.147
Nifty 50,04-09-2002,14.98,3.05,1.94,45.689
Nifty 50,05-09-2002,15.01,3.05,1.97,45.7805
Nifty 50,06-09-2002,14.81,3.01,1.96,44.5781
Nifty 50,09-09-2002,14.86,3.02,1.84,44.8772
Nifty 50,11-09-2002,14.86,3.02,1.84,44.8772
Nifty 50,12-09-2002,14.9,2.5,2.15,37.25
Nifty 50,13-09-2002,14.76,2.48,2.17,36.6048
Nifty 50,16-09-2002,14.67,2.46,2.18,36.0882
Nifty 50,17-09-2002,14.8,2.48,2.16,36.704
Nifty 50,18-09-2002,14.63,2.45,2.18,35.8435
Nifty 50,19-09-2002,14.52,2.44,2.2,35.4288
Nifty 50,20-09-2002,14.43,2.42,2.22,34.9206
Nifty 50,23-09-2002,14.44,2.42,2.21,34.9448
Nifty 50,24-09-2002,14.38,2.41,2.22,34.6558
Nifty 50,25-09-2002,14.43,2.42,2.22,34.9206
Nifty 50,26-09-2002,14.43,2.42,2.22,34.9206
Nifty 50,27-09-2002,14.53,2.44,2.2,35.4532
Nifty 50,30-09-2002,14.33,2.4,2.23,34.392
Nifty 50,01-10-2002,14.21,2.38,2.25,33.8198
Nifty 50,03-10-2002,14.11,2.37,2.27,33.4407
Nifty 50,04-10-2002,14.11,2.37,2.27,33.4407
Nifty 50,07-10-2002,14.21,2.38,2.25,33.8198
Nifty 50,08-10-2002,14.3,2.4,2.24,34.32
Nifty 50,09-10-2002,14.21,2.38,2.25,33.8198
Nifty 50,10-10-2002,14.22,2.38,2.25,33.8436
Nifty 50,11-10-2002,14.4,2.42,2.22,34.848
Nifty 50,14-10-2002,14.42,2.42,2.22,34.8964
Nifty 50,16-10-2002,14.44,2.42,2.21,34.9448
Nifty 50,17-10-2002,14.44,2.42,2.21,34.9448
Nifty 50,18-10-2002,14.41,2.42,2.22,34.8722
Nifty 50,21-10-2002,14.35,2.41,2.23,34.5835
Nifty 50,22-10-2002,14.28,2.39,2.24,34.1292
Nifty 50,23-10-2002,14.2,2.38,2.25,33.796
Nifty 50,24-10-2002,14.05,2.36,2.28,33.158
Nifty 50,25-10-2002,13.83,2.32,2.31,32.0856
Nifty 50,28-10-2002,14.03,2.35,2.28,32.9705
Nifty 50,29-10-2002,14.25,2.39,2.24,34.0575
Nifty 50,30-10-2002,14.26,2.39,2.24,34.0814
Nifty 50,31-10-2002,14.47,2.43,2.21,35.1621
Nifty 50,01-11-2002,14.47,2.43,2.21,35.1621
Nifty 50,04-11-2002,14.63,2.45,2.19,35.8435
Nifty 50,05-11-2002,14.63,2.45,2.19,35.8435
Nifty 50,07-11-2002,14.61,2.45,2.19,35.7945
Nifty 50,08-11-2002,14.55,2.44,2.2,35.502
Nifty 50,11-11-2002,14.51,2.43,2.2,35.2593
Nifty 50,12-11-2002,14.6,2.45,2.19,35.77
Nifty 50,13-11-2002,14.64,2.46,2.18,36.0144
Nifty 50,14-11-2002,14.78,2.48,2.16,36.6544
Nifty 50,15-11-2002,15.06,2.53,2.12,38.1018
Nifty 50,18-11-2002,15.16,2.54,2.11,38.5064
Nifty 50,20-11-2002,15.23,2.55,2.1,38.8365
Nifty 50,21-11-2002,15.34,2.57,2.08,39.4238
Nifty 50,22-11-2002,13.84,2.23,2.57,30.8632
Nifty 50,25-11-2002,13.92,2.24,2.55,31.1808
Nifty 50,26-11-2002,14.05,2.27,2.53,31.8935
Nifty 50,27-11-2002,13.98,2.26,2.54,31.5948
Nifty 50,28-11-2002,14.24,2.3,2.5,32.752
Nifty 50,29-11-2002,14.24,2.3,2.49,32.752
Nifty 50,02-12-2002,14.48,2.34,2.45,33.8832
Nifty 50,03-12-2002,14.31,2.31,2.48,33.0561
Nifty 50,04-12-2002,14.06,2.27,2.53,31.9162
Nifty 50,05-12-2002,14.19,2.29,2.5,32.4951
Nifty 50,06-12-2002,14.51,2.34,2.45,33.9534
Nifty 50,09-12-2002,14.36,2.32,2.47,33.3152
Nifty 50,10-12-2002,14.43,2.33,2.46,33.6219
Nifty 50,11-12-2002,14.51,2.34,2.45,33.9534
Nifty 50,12-12-2002,14.61,2.36,2.43,34.4796
Nifty 50,13-12-2002,14.73,2.38,2.41,35.0574
Nifty 50,16-12-2002,14.63,2.36,2.43,34.5268
Nifty 50,17-12-2002,14.56,2.35,2.44,34.216
Nifty 50,18-12-2002,14.62,2.36,2.43,34.5032
Nifty 50,19-12-2002,14.59,2.35,2.43,34.2865
Nifty 50,20-12-2002,14.64,2.36,2.43,34.5504
Nifty 50,23-12-2002,14.59,2.35,2.43,34.2865
Nifty 50,24-12-2002,14.72,2.37,2.41,34.8864
Nifty 50,26-12-2002,14.85,2.39,2.39,35.4915
Nifty 50,27-12-2002,14.9,2.4,2.39,35.76
Nifty 50,30-12-2002,14.81,2.39,2.4,35.3959
Nifty 50,31-12-2002,14.83,2.39,2.4,35.4437
Nifty 50,01-01-2003,14.92,2.41,2.38,35.9572
Nifty 50,02-01-2003,14.82,2.39,2.4,35.4198
Nifty 50,03-01-2003,14.78,2.38,2.4,35.1764
Nifty 50,06-01-2003,14.71,2.37,2.42,34.8627
Nifty 50,07-01-2003,14.67,2.37,2.42,34.7679
Nifty 50,08-01-2003,14.77,2.38,2.41,35.1526
Nifty 50,09-01-2003,14.88,2.4,2.39,35.712
Nifty 50,10-01-2003,14.65,2.36,2.43,34.574
Nifty 50,13-01-2003,14.56,2.35,2.44,34.216
Nifty 50,14-01-2003,14.63,2.36,2.43,34.5268
Nifty 50,15-01-2003,14.72,2.37,2.41,34.8864
Nifty 50,16-01-2003,14.76,2.38,2.41,35.1288
Nifty 50,17-01-2003,14.74,2.38,2.41,35.0812
Nifty 50,20-01-2003,14.6,2.35,2.43,34.31
Nifty 50,21-01-2003,14.62,2.36,2.43,34.5032
Nifty 50,22-01-2003,14.69,2.37,2.42,34.8153
Nifty 50,23-01-2003,14.52,2.34,2.45,33.9768
Nifty 50,24-01-2003,14.32,2.31,2.48,33.0792
Nifty 50,27-01-2003,14.07,2.27,2.52,31.9389
Nifty 50,28-01-2003,14.19,2.29,2.5,32.4951
Nifty 50,29-01-2003,14.07,2.27,2.53,31.9389
Nifty 50,30-01-2003,14.03,2.26,2.53,31.7078
Nifty 50,31-01-2003,14.13,2.28,2.51,32.2164
Nifty 50,03-02-2003,14.31,2.31,2.48,33.0561
Nifty 50,04-02-2003,14.31,2.31,2.48,33.0561
Nifty 50,05-02-2003,14.21,2.29,2.5,32.5409
Nifty 50,06-02-2003,14.42,2.33,2.46,33.5986
Nifty 50,07-02-2003,14.34,2.31,2.48,33.1254
Nifty 50,10-02-2003,14.22,2.29,2.5,32.5638
Nifty 50,11-02-2003,14.21,2.29,2.5,32.5409
Nifty 50,12-02-2003,14.17,2.28,2.51,32.3076
Nifty 50,14-02-2003,14.05,2.27,2.53,31.8935
Nifty 50,17-02-2003,14.35,2.31,2.48,33.1485
Nifty 50,18-02-2003,14.37,2.32,2.47,33.3384
Nifty 50,19-02-2003,14.43,2.33,2.46,33.6219
Nifty 50,20-02-2003,14.45,2.33,2.46,33.6685
Nifty 50,21-02-2003,14.46,2.33,2.46,33.6918
Nifty 50,24-02-2003,14.51,2.34,2.45,33.9534
Nifty 50,25-02-2003,14.32,2.31,2.48,33.0792
Nifty 50,26-02-2003,14.24,2.3,2.5,32.752
Nifty 50,27-02-2003,14.28,2.3,2.49,32.844
Nifty 50,28-02-2003,14.42,2.33,2.46,33.5986
Nifty 50,03-03-2003,14.36,2.32,2.47,33.3152
Nifty 50,04-03-2003,14.24,2.3,2.5,32.752
Nifty 50,05-03-2003,14.16,2.28,2.51,32.2848
Nifty 50,06-03-2003,14.03,2.26,2.53,31.7078
Nifty 50,07-03-2003,13.84,2.23,2.57,30.8632
Nifty 50,10-03-2003,13.7,2.21,2.59,30.277
Nifty 50,11-03-2003,13.81,2.23,2.57,30.7963
Nifty 50,12-03-2003,13.63,2.2,2.61,29.986
Nifty 50,13-03-2003,13.6,2.19,2.61,29.784
Nifty 50,17-03-2003,13.51,2.18,2.63,29.4518
Nifty 50,19-03-2003,13.71,2.2,2.85,30.162
Nifty 50,20-03-2003,14,2.25,2.79,31.5
Nifty 50,21-03-2003,14.08,2.26,2.78,31.8208
Nifty 50,22-03-2003,14.17,2.28,2.76,32.3076
Nifty 50,24-03-2003,13.85,2.23,2.83,30.8855
Nifty 50,25-03-2003,13.81,2.22,2.83,30.6582
Nifty 50,26-03-2003,13.85,2.23,2.83,30.8855
Nifty 50,27-03-2003,13.69,2.2,2.86,30.118
Nifty 50,28-03-2003,13.67,2.2,2.86,30.074
Nifty 50,31-03-2003,13.36,2.15,2.93,28.724
Nifty 50,01-04-2003,13.44,2.16,2.91,29.0304
Nifty 50,02-04-2003,13.65,2.19,2.87,29.8935
Nifty 50,03-04-2003,13.78,2.22,2.84,30.5916
Nifty 50,04-04-2003,13.89,2.23,2.82,30.9747
Nifty 50,07-04-2003,14.09,2.26,2.78,31.8434
Nifty 50,08-04-2003,13.91,2.24,2.81,31.1584
Nifty 50,09-04-2003,13.73,2.21,2.85,30.3433
Nifty 50,10-04-2003,13.14,2.11,2.98,27.7254
Nifty 50,11-04-2003,12.97,2.09,3.02,27.1073
Nifty 50,15-04-2003,12.99,2.09,3.01,27.1491
Nifty 50,16-04-2003,13.09,2.1,2.99,27.489
Nifty 50,17-04-2003,12.85,2.07,3.04,26.5995
Nifty 50,21-04-2003,12.94,2.08,3.02,26.9152
Nifty 50,22-04-2003,12.89,2.07,3.04,26.6823
Nifty 50,23-04-2003,12.76,2.05,3.07,26.158
Nifty 50,24-04-2003,12.7,2.04,3.08,25.908
Nifty 50,25-04-2003,12.63,2.03,3.1,25.6389
Nifty 50,28-04-2003,12.7,2.04,3.08,25.908
Nifty 50,29-04-2003,12.73,2.05,3.07,26.0965
Nifty 50,30-04-2003,13.14,2.11,2.98,27.7254
Nifty 50,02-05-2003,10.86,2.02,3.17,21.9372
Nifty 50,05-05-2003,10.94,2.04,3.15,22.3176
Nifty 50,06-05-2003,11.02,2.05,3.12,22.591
Nifty 50,07-05-2003,11,2.05,3.13,22.55
Nifty 50,08-05-2003,10.9,2.03,3.16,22.127
Nifty 50,09-05-2003,10.86,2.02,3.17,21.9372
Nifty 50,12-05-2003,10.84,2.02,3.18,21.8968
Nifty 50,13-05-2003,10.93,2.03,3.15,22.1879
Nifty 50,14-05-2003,11.02,2.05,3.12,22.591
Nifty 50,15-05-2003,11.11,2.07,3.1,22.9977
Nifty 50,16-05-2003,11.26,2.1,3.06,23.646
Nifty 50,19-05-2003,11.19,2.08,3.08,23.2752
Nifty 50,20-05-2003,11.25,2.09,3.06,23.5125
Nifty 50,21-05-2003,11.21,2.09,3.07,23.4289
Nifty 50,22-05-2003,11.15,2.08,3.09,23.192
Nifty 50,23-05-2003,11.2,2.09,3.07,23.408
Nifty 50,26-05-2003,11.37,2.12,3.03,24.1044
Nifty 50,27-05-2003,11.47,2.13,3,24.4311
Nifty 50,28-05-2003,11.31,2.1,3.04,23.751
Nifty 50,29-05-2003,11.61,2.16,2.97,25.0776
Nifty 50,30-05-2003,11.65,2.17,2.95,25.2805
Nifty 50,02-06-2003,11.59,2.19,2.93,25.3821
Nifty 50,03-06-2003,11.54,2.18,2.94,25.1572
Nifty 50,04-06-2003,11.66,2.2,2.91,25.652
Nifty 50,05-06-2003,11.82,2.23,2.87,26.3586
Nifty 50,06-06-2003,11.95,2.25,2.84,26.8875
Nifty 50,09-06-2003,12.01,2.27,2.83,27.2627
Nifty 50,10-06-2003,11.85,2.24,2.87,26.544
Nifty 50,11-06-2003,11.92,2.25,2.85,26.82
Nifty 50,12-06-2003,12,2.27,2.83,27.24
Nifty 50,13-06-2003,12.06,2.28,2.82,27.4968
Nifty 50,16-06-2003,12.01,2.27,2.83,27.2627
Nifty 50,17-06-2003,12.35,2.33,2.75,28.7755
Nifty 50,18-06-2003,12.41,2.34,2.74,29.0394
Nifty 50,19-06-2003,12.47,2.35,2.72,29.3045
Nifty 50,20-06-2003,12.56,2.37,2.7,29.7672
Nifty 50,23-06-2003,12.44,2.35,2.73,29.234
Nifty 50,24-06-2003,12.39,2.34,2.74,28.9926
Nifty 50,25-06-2003,12.64,2.38,2.69,30.0832
Nifty 50,26-06-2003,12.75,2.41,2.66,30.7275
Nifty 50,27-06-2003,12.85,2.42,2.64,31.097
Nifty 50,30-06-2003,12.95,2.44,2.62,31.598
Nifty 50,01-07-2003,12.32,2.44,2.33,30.0608
Nifty 50,02-07-2003,12.35,2.44,2.33,30.134
Nifty 50,03-07-2003,12.47,2.47,2.31,30.8009
Nifty 50,04-07-2003,12.4,2.45,2.32,30.38
Nifty 50,07-07-2003,12.43,2.46,2.31,30.5778
Nifty 50,08-07-2003,12.49,2.47,2.3,30.8503
Nifty 50,09-07-2003,12.43,2.46,2.31,30.5778
Nifty 50,10-07-2003,12.66,2.5,2.27,31.65
Nifty 50,11-07-2003,12.66,2.5,2.27,31.65
Nifty 50,14-07-2003,12.76,2.52,2.25,32.1552
Nifty 50,15-07-2003,12.64,2.5,2.27,31.6
Nifty 50,16-07-2003,12.73,2.52,2.26,32.0796
Nifty 50,17-07-2003,12.55,2.48,2.29,31.124
Nifty 50,18-07-2003,12.42,2.46,2.31,30.5532
Nifty 50,21-07-2003,12.16,2.4,2.36,29.184
Nifty 50,22-07-2003,12,2.39,2.38,28.68
Nifty 50,23-07-2003,12.1,2.41,2.36,29.161
Nifty 50,24-07-2003,12.32,2.45,2.32,30.184
Nifty 50,25-07-2003,12.58,2.51,2.27,31.5758
Nifty 50,28-07-2003,12.65,2.52,2.26,31.878
Nifty 50,29-07-2003,12.71,2.53,2.25,32.1563
Nifty 50,30-07-2003,12.81,2.55,2.23,32.6655
Nifty 50,31-07-2003,12.84,2.55,2.23,32.742
Nifty 50,01-08-2003,12.95,2.58,2.21,33.411
Nifty 50,04-08-2003,13.26,2.59,2.17,34.3434
Nifty 50,05-08-2003,13.05,2.55,2.21,33.2775
Nifty 50,06-08-2003,12.9,2.52,2.23,32.508
Nifty 50,07-08-2003,13.19,2.57,2.19,33.8983
Nifty 50,08-08-2003,13.47,2.63,2.14,35.4261
Nifty 50,11-08-2003,13.58,2.65,2.12,35.987
Nifty 50,12-08-2003,13.61,2.65,2.12,36.0665
Nifty 50,13-08-2003,13.74,2.68,2.1,36.8232
Nifty 50,14-08-2003,13.75,2.68,2.1,36.85
Nifty 50,18-08-2003,14.12,2.76,2.04,38.9712
Nifty 50,19-08-2003,14.08,2.75,2.05,38.72
Nifty 50,20-08-2003,14.19,2.77,2.03,39.3063
Nifty 50,21-08-2003,14.33,2.8,2.01,40.124
Nifty 50,22-08-2003,14.45,2.82,1.99,40.749
Nifty 50,25-08-2003,14.01,2.73,2.06,38.2473
Nifty 50,26-08-2003,14.52,2.83,1.98,41.0916
Nifty 50,27-08-2003,14.77,2.88,1.95,42.5376
Nifty 50,28-08-2003,14.78,2.88,1.95,42.5664
Nifty 50,29-08-2003,14.95,2.92,1.93,43.654
Nifty 50,01-09-2003,15.16,2.96,1.9,44.8736
Nifty 50,02-09-2003,15.27,2.98,1.89,45.5046
Nifty 50,03-09-2003,14.98,2.92,1.92,43.7416
Nifty 50,04-09-2003,15.13,2.95,1.91,44.6335
Nifty 50,05-09-2003,15.41,3.01,1.87,46.3841
Nifty 50,08-09-2003,15.62,3.05,1.85,47.641
Nifty 50,09-09-2003,15.5,3.03,1.86,46.965
Nifty 50,10-09-2003,15.53,3.03,1.86,47.0559
Nifty 50,11-09-2003,15.46,3.02,1.86,46.6892
Nifty 50,12-09-2003,15.12,2.95,1.91,44.604
Nifty 50,15-09-2003,14.65,2.86,1.97,41.899
Nifty 50,16-09-2003,14.96,2.92,1.93,43.6832
Nifty 50,17-09-2003,14.78,2.88,1.95,42.5664
Nifty 50,18-09-2003,14.35,2.8,2.01,40.18
Nifty 50,19-09-2003,14.57,2.84,1.98,41.3788
Nifty 50,22-09-2003,14.36,2.8,2.01,40.208
Nifty 50,23-09-2003,14.64,2.86,1.97,41.8704
Nifty 50,24-09-2003,15.12,2.95,1.91,44.604
Nifty 50,25-09-2003,14.95,2.92,1.93,43.654
Nifty 50,26-09-2003,15.28,2.98,1.89,45.5344
Nifty 50,29-09-2003,15.43,3.01,1.87,46.4443
Nifty 50,30-09-2003,15.61,3.05,1.85,47.6105
Nifty 50,01-10-2003,15.66,3.06,1.84,47.9196
Nifty 50,03-10-2003,15.97,3.12,1.8,49.8264
Nifty 50,06-10-2003,16.3,3.18,1.77,51.834
Nifty 50,07-10-2003,16.28,3.18,1.77,51.7704
Nifty 50,08-10-2003,16.29,3.18,1.77,51.8022
Nifty 50,09-10-2003,16.55,3.23,1.84,53.4565
Nifty 50,10-10-2003,16.78,3.28,1.81,55.0384
Nifty 50,13-10-2003,17.04,3.33,1.78,56.7432
Nifty 50,14-10-2003,16.76,3.27,1.81,54.8052
Nifty 50,15-10-2003,16.94,3.3,1.79,55.902
Nifty 50,16-10-2003,17.14,3.35,1.77,57.419
Nifty 50,17-10-2003,17.29,3.37,1.76,58.2673
Nifty 50,20-10-2003,17,3.32,1.79,56.44
Nifty 50,21-10-2003,16.6,3.24,1.83,53.784
Nifty 50,22-10-2003,16.46,3.21,1.85,52.8366
Nifty 50,23-10-2003,16.21,3.16,1.87,51.2236
Nifty 50,24-10-2003,16.6,3.24,1.83,53.784
Nifty 50,25-10-2003,16.78,3.27,1.81,54.8706
Nifty 50,27-10-2003,16.37,3.19,1.86,52.2203
Nifty 50,28-10-2003,16.33,3.19,1.86,52.0927
Nifty 50,29-10-2003,16.52,3.22,1.84,53.1944
Nifty 50,30-10-2003,16.72,3.26,1.82,54.5072
Nifty 50,31-10-2003,17.15,3.35,1.77,57.4525
Nifty 50,03-11-2003,17.65,3.45,1.72,60.8925
Nifty 50,04-11-2003,17.84,3.48,1.7,62.0832
Nifty 50,05-11-2003,17.74,3.46,1.71,61.3804
Nifty 50,06-11-2003,17.77,3.47,1.71,61.6619
Nifty 50,07-11-2003,17.55,3.42,1.73,60.021
Nifty 50,10-11-2003,17.58,3.43,1.73,60.2994
Nifty 50,11-11-2003,17.65,3.44,1.72,60.716
Nifty 50,12-11-2003,17.68,3.45,1.72,60.996
Nifty 50,13-11-2003,17.42,3.4,1.74,59.228
Nifty 50,14-11-2003,17.09,3.34,1.78,57.0806
Nifty 50,15-11-2003,17.23,3.36,1.76,57.8928
Nifty 50,17-11-2003,17.42,3.4,1.74,59.228
Nifty 50,18-11-2003,17.24,3.37,1.76,58.0988
Nifty 50,19-11-2003,16.98,3.31,1.79,56.2038
Nifty 50,20-11-2003,16.78,3.27,1.81,54.8706
Nifty 50,21-11-2003,16.98,3.31,1.79,56.2038
Nifty 50,24-11-2003,17.02,3.32,1.79,56.5064
Nifty 50,25-11-2003,17.29,3.37,1.76,58.2673
Nifty 50,27-11-2003,17.62,3.44,1.72,60.6128
Nifty 50,28-11-2003,17.81,3.47,1.71,61.8007
Nifty 50,01-12-2003,18.27,3.57,1.66,65.2239
Nifty 50,02-12-2003,18.29,3.57,1.66,65.2953
Nifty 50,03-12-2003,18.42,3.59,1.65,66.1278
Nifty 50,04-12-2003,18.47,3.6,1.65,66.492
Nifty 50,05-12-2003,18.15,3.54,1.67,64.251
Nifty 50,08-12-2003,18.15,3.54,1.67,64.251
Nifty 50,09-12-2003,18.48,3.61,1.64,66.7128
Nifty 50,10-12-2003,18.6,3.63,1.63,67.518
Nifty 50,11-12-2003,18.69,3.65,1.63,68.2185
Nifty 50,12-12-2003,18.73,3.66,1.62,68.5518
Nifty 50,15-12-2003,19.01,3.71,1.6,70.5271
Nifty 50,16-12-2003,19.15,3.74,1.59,71.621
Nifty 50,17-12-2003,19.11,3.73,1.59,71.2803
Nifty 50,18-12-2003,19.37,3.78,1.57,73.2186
Nifty 50,19-12-2003,19.61,3.83,1.55,75.1063
Nifty 50,22-12-2003,19.73,3.85,1.54,75.9605
Nifty 50,23-12-2003,19.63,3.83,1.55,75.1829
Nifty 50,24-12-2003,19.95,3.89,1.52,77.6055
Nifty 50,26-12-2003,20.26,3.95,1.5,80.027
Nifty 50,29-12-2003,20.67,4.03,1.47,83.3001
Nifty 50,30-12-2003,20.66,4.03,1.47,83.2598
Nifty 50,31-12-2003,20.73,4.05,1.47,83.9565
Nifty 50,01-01-2004,21.09,4.12,1.44,86.8908
Nifty 50,02-01-2004,21.46,4.19,1.42,89.9174
Nifty 50,05-01-2004,21.56,4.21,1.41,90.7676
Nifty 50,06-01-2004,21.25,4.15,1.43,88.1875
Nifty 50,07-01-2004,21.14,4.12,1.44,87.0968
Nifty 50,08-01-2004,21.71,4.24,1.4,92.0504
Nifty 50,09-01-2004,21.75,4.24,1.4,92.22
Nifty 50,12-01-2004,21.46,4.19,1.42,89.9174
Nifty 50,13-01-2004,21.66,4.23,1.4,91.6218
Nifty 50,14-01-2004,21.86,4.27,1.39,93.3422
Nifty 50,15-01-2004,21.44,4.18,1.42,89.6192
Nifty 50,16-01-2004,20.96,4.09,1.45,85.7264
Nifty 50,19-01-2004,21.35,4.17,1.42,89.0295
Nifty 50,20-01-2004,20.88,4.07,1.46,84.9816
Nifty 50,21-01-2004,20.13,3.93,1.51,79.1109
Nifty 50,22-01-2004,19.53,3.81,1.56,74.4093
Nifty 50,23-01-2004,20.38,3.98,1.49,81.1124
Nifty 50,27-01-2004,21.01,4.1,1.45,86.141
Nifty 50,28-01-2004,20.55,4.01,1.48,82.4055
Nifty 50,29-01-2004,20.34,3.97,1.49,80.7498
Nifty 50,30-01-2004,19.96,3.9,1.52,77.844
Nifty 50,03-02-2004,19.55,3.81,1.55,74.4855
Nifty 50,04-02-2004,20.14,3.93,1.51,79.1502
Nifty 50,05-02-2004,19.94,3.89,1.52,77.5666
Nifty 50,06-02-2004,20.27,3.95,1.5,80.0665
Nifty 50,09-02-2004,20.78,4.06,1.46,84.3668
Nifty 50,10-02-2004,20.79,4.06,1.46,84.4074
Nifty 50,11-02-2004,20.71,4.08,1.45,84.4968
Nifty 50,12-02-2004,20.64,4.07,1.46,84.0048
Nifty 50,13-02-2004,20.95,4.13,1.44,86.5235
Nifty 50,16-02-2004,20.98,4.13,1.43,86.6474
Nifty 50,17-02-2004,21.05,4.15,1.43,87.3575
Nifty 50,18-02-2004,21.01,4.14,1.43,86.9814
Nifty 50,19-02-2004,20.38,4.01,1.48,81.7238
Nifty 50,20-02-2004,20.31,4,1.48,81.24
Nifty 50,23-02-2004,19.83,3.91,1.52,77.5353
Nifty 50,24-02-2004,19.97,3.93,1.51,78.4821
Nifty 50,25-02-2004,19.6,3.86,1.54,75.656
Nifty 50,26-02-2004,19.37,3.81,1.55,73.7997
Nifty 50,27-02-2004,19.74,3.89,1.52,76.7886
Nifty 50,01-03-2004,21.57,4.26,1.39,91.8882
Nifty 50,03-03-2004,21.72,3.67,1.38,79.7124
Nifty 50,04-03-2004,21.53,3.64,1.39,78.3692
Nifty 50,05-03-2004,21.81,3.68,1.37,80.2608
Nifty 50,08-03-2004,22.01,3.72,1.36,81.8772
Nifty 50,09-03-2004,21.79,3.68,1.38,80.1872
Nifty 50,10-03-2004,21.54,3.64,1.39,78.4056
Nifty 50,11-03-2004,21.08,3.56,1.42,75.0448
Nifty 50,12-03-2004,21.16,3.58,1.42,75.7528
Nifty 50,15-03-2004,20.59,3.48,1.46,71.6532
Nifty 50,16-03-2004,20.43,3.45,1.79,70.4835
Nifty 50,17-03-2004,20.44,3.45,1.79,70.518
Nifty 50,18-03-2004,20.05,3.39,1.82,67.9695
Nifty 50,19-03-2004,20.15,3.4,1.82,68.51
Nifty 50,22-03-2004,19.68,3.32,1.86,65.3376
Nifty 50,23-03-2004,19.81,3.35,1.85,66.3635
Nifty 50,24-03-2004,19.76,3.34,1.85,65.9984
Nifty 50,25-03-2004,19.91,3.36,1.84,66.8976
Nifty 50,26-03-2004,20.41,3.45,1.79,70.4145
Nifty 50,29-03-2004,20.58,3.48,1.78,71.6184
Nifty 50,30-03-2004,20.44,3.45,1.79,70.518
Nifty 50,31-03-2004,20.7,3.5,1.77,72.45
Nifty 50,01-04-2004,21.27,3.59,1.72,76.3593
Nifty 50,02-04-2004,21.53,3.64,1.7,78.3692
Nifty 50,05-04-2004,21.71,3.67,1.69,79.6757
Nifty 50,06-04-2004,21.64,3.66,1.69,79.2024
Nifty 50,07-04-2004,21.61,3.65,1.69,78.8765
Nifty 50,08-04-2004,21.67,3.66,1.69,79.3122
Nifty 50,12-04-2004,19.04,3.61,1.95,68.7344
Nifty 50,13-04-2004,19.46,3.69,1.9,71.8074
Nifty 50,15-04-2004,19.29,3.65,1.92,70.4085
Nifty 50,16-04-2004,19.36,3.67,1.91,71.0512
Nifty 50,17-04-2004,19.35,3.67,1.91,71.0145
Nifty 50,19-04-2004,19.1,3.62,1.94,69.142
Nifty 50,20-04-2004,19.11,3.62,1.94,69.1782
Nifty 50,21-04-2004,19.41,3.68,1.91,71.4288
Nifty 50,22-04-2004,19.58,3.71,1.89,72.6418
Nifty 50,23-04-2004,19.68,3.73,1.88,73.4064
Nifty 50,27-04-2004,18.9,3.58,1.96,67.662
Nifty 50,28-04-2004,18.89,3.58,1.96,67.6262
Nifty 50,29-04-2004,18.82,3.56,1.97,66.9992
Nifty 50,30-04-2004,18.68,3.54,1.98,66.1272
Nifty 50,03-05-2004,16.62,3.48,2.02,57.8376
Nifty 50,04-05-2004,16.87,3.53,1.96,59.5511
Nifty 50,05-05-2004,16.86,3.57,1.94,60.1902
Nifty 50,06-05-2004,17.04,3.61,2,61.5144
Nifty 50,07-05-2004,16.77,3.56,2.03,59.7012
Nifty 50,10-05-2004,16.38,3.49,2.07,57.1662
Nifty 50,11-05-2004,15.74,3.35,2.16,52.729
Nifty 50,12-05-2004,15.86,3.37,2.14,53.4482
Nifty 50,13-05-2004,15.91,3.39,2.14,53.9349
Nifty 50,14-05-2004,14.66,3.12,2.32,45.7392
Nifty 50,17-05-2004,12.87,2.74,2.64,35.2638
Nifty 50,18-05-2004,13.94,2.97,2.44,41.4018
Nifty 50,19-05-2004,14.41,3.09,2.34,44.5269
Nifty 50,20-05-2004,13.99,3.04,2.38,42.5296
Nifty 50,21-05-2004,14.14,3.08,2.35,43.5512
Nifty 50,24-05-2004,13.9,3.15,2.3,43.785
Nifty 50,25-05-2004,13.88,3.14,2.3,43.5832
Nifty 50,26-05-2004,13.75,3.13,2.41,43.0375
Nifty 50,27-05-2004,13.65,3.1,2.42,42.315
Nifty 50,28-05-2004,12.98,2.95,2.55,38.291
Nifty 50,31-05-2004,11.94,2.84,2.59,33.9096
Nifty 50,01-06-2004,12.14,2.89,2.55,35.0846
Nifty 50,02-06-2004,12.36,2.94,2.51,36.3384
Nifty 50,03-06-2004,12.04,2.87,2.57,34.5548
Nifty 50,04-06-2004,12.25,2.92,2.53,35.77
Nifty 50,07-06-2004,12.42,2.96,2.49,36.7632
Nifty 50,08-06-2004,12.48,2.97,2.48,37.0656
Nifty 50,09-06-2004,12.47,2.97,2.48,37.0359
Nifty 50,10-06-2004,12.44,2.96,2.49,36.8224
Nifty 50,11-06-2004,12.14,2.89,2.55,35.0846
Nifty 50,14-06-2004,11.84,2.84,2.62,33.6256
Nifty 50,15-06-2004,12,2.88,2.58,34.56
Nifty 50,16-06-2004,12.01,2.87,2.59,34.4687
Nifty 50,17-06-2004,12.15,2.9,2.56,35.235
Nifty 50,18-06-2004,11.98,2.86,2.6,34.2628
Nifty 50,21-06-2004,11.91,2.84,2.62,33.8244
Nifty 50,22-06-2004,11.85,2.83,2.63,33.5355
Nifty 50,23-06-2004,11.62,2.77,2.68,32.1874
Nifty 50,24-06-2004,11.82,2.82,2.64,33.3324
Nifty 50,25-06-2004,11.96,2.85,2.6,34.086
Nifty 50,28-06-2004,12.71,2.84,2.57,36.0964
Nifty 50,29-06-2004,12.74,2.85,2.57,36.309
Nifty 50,30-06-2004,12.64,2.83,2.59,35.7712
Nifty 50,01-07-2004,12.9,2.89,2.54,37.281
Nifty 50,02-07-2004,12.9,2.89,2.54,37.281
Nifty 50,05-07-2004,12.72,2.87,2.57,36.5064
Nifty 50,06-07-2004,12.98,2.93,2.52,38.0314
Nifty 50,07-07-2004,13.05,2.94,2.5,38.367
Nifty 50,08-07-2004,12.64,2.85,2.58,36.024
Nifty 50,09-07-2004,12.94,2.92,2.53,37.7848
Nifty 50,12-07-2004,12.97,2.83,2.53,36.7051
Nifty 50,13-07-2004,12.82,2.8,2.56,35.896
Nifty 50,14-07-2004,12.68,2.77,2.59,35.1236
Nifty 50,15-07-2004,12.82,2.8,2.56,35.896
Nifty 50,16-07-2004,12.98,2.83,2.53,36.7334
Nifty 50,19-07-2004,13.09,2.86,2.53,37.4374
Nifty 50,20-07-2004,13.05,2.85,2.54,37.1925
Nifty 50,21-07-2004,13.17,2.88,2.52,37.9296
Nifty 50,22-07-2004,13.31,2.91,2.49,38.7321
Nifty 50,23-07-2004,13.34,2.91,2.49,38.8194
Nifty 50,26-07-2004,13.51,2.95,2.47,39.8545
Nifty 50,27-07-2004,13.37,2.92,2.5,39.0404
Nifty 50,28-07-2004,13.31,2.91,2.51,38.7321
Nifty 50,29-07-2004,13.52,2.93,2.47,39.6136
Nifty 50,30-07-2004,13.63,2.95,2.45,40.2085
Nifty 50,02-08-2004,13.69,2.96,2.41,40.5224
Nifty 50,03-08-2004,13.62,2.95,2.43,40.179
Nifty 50,04-08-2004,13.58,2.94,2.43,39.9252
Nifty 50,05-08-2004,13.82,2.99,2.39,41.3218
Nifty 50,06-08-2004,13.64,2.95,2.42,40.238
Nifty 50,09-08-2004,13.72,2.97,2.41,40.7484
Nifty 50,10-08-2004,13.8,2.99,2.4,41.262
Nifty 50,11-08-2004,13.55,2.93,2.44,39.7015
Nifty 50,12-08-2004,13.43,2.91,2.46,39.0813
Nifty 50,13-08-2004,13.36,2.89,2.47,38.6104
Nifty 50,16-08-2004,13.36,2.89,2.46,38.6104
Nifty 50,17-08-2004,13.41,2.9,2.45,38.889
Nifty 50,18-08-2004,13.22,2.86,2.48,37.8092
Nifty 50,19-08-2004,13.45,2.91,2.44,39.1395
Nifty 50,20-08-2004,13.29,2.87,2.47,38.1423
Nifty 50,23-08-2004,13.19,2.85,2.49,37.5915
Nifty 50,24-08-2004,13.3,2.88,2.47,38.304
Nifty 50,25-08-2004,13.34,2.88,2.47,38.4192
Nifty 50,26-08-2004,13.46,2.91,2.44,39.1686
Nifty 50,27-08-2004,13.45,2.91,2.45,39.1395
Nifty 50,30-08-2004,13.61,2.94,2.41,40.0134
Nifty 50,31-08-2004,13.64,2.95,2.4,40.238
Nifty 50,01-09-2004,13.67,2.96,2.4,40.4632
Nifty 50,02-09-2004,13.62,2.94,2.41,40.0428
Nifty 50,03-09-2004,13.66,2.95,2.4,40.297
Nifty 50,06-09-2004,13.74,2.97,2.34,40.8078
Nifty 50,07-09-2004,13.79,2.98,2.33,41.0942
Nifty 50,08-09-2004,13.84,2.99,2.32,41.3816
Nifty 50,09-09-2004,13.78,2.98,2.33,41.0644
Nifty 50,10-09-2004,13.95,3.02,2.3,42.129
Nifty 50,13-09-2004,14,3.03,2.29,42.42
Nifty 50,14-09-2004,14.09,3.05,2.28,42.9745
Nifty 50,15-09-2004,14.07,3.04,2.28,42.7728
Nifty 50,16-09-2004,14.25,3.08,2.25,43.89
Nifty 50,17-09-2004,14.49,3.13,2.21,45.3537
Nifty 50,20-09-2004,14.45,3.13,2.22,45.2285
Nifty 50,21-09-2004,14.63,3.16,2.19,46.2308
Nifty 50,22-09-2004,14.66,3.17,2.19,46.4722
Nifty 50,23-09-2004,14.42,3.12,2.22,44.9904
Nifty 50,24-09-2004,14.39,3.11,2.23,44.7529
Nifty 50,27-09-2004,14.35,3.1,2.22,44.485
Nifty 50,28-09-2004,14.21,3.07,2.24,43.6247
Nifty 50,29-09-2004,14.44,3.12,2.21,45.0528
Nifty 50,30-09-2004,14.59,3.16,2.18,46.1044
Nifty 50,01-10-2004,14.84,3.21,2.15,47.6364
Nifty 50,04-10-2004,15.09,3.11,2.11,46.9299
Nifty 50,05-10-2004,15.15,3.13,2.1,47.4195
Nifty 50,06-10-2004,15,3.1,2.12,46.5
Nifty 50,07-10-2004,15.17,3.13,2.1,47.4821
Nifty 50,08-10-2004,15.21,3.14,2.09,47.7594
Nifty 50,09-10-2004,15.19,3.14,2.1,47.6966
Nifty 50,11-10-2004,15.11,3.12,2.11,47.1432
Nifty 50,12-10-2004,14.93,3.08,2.13,45.9844
Nifty 50,14-10-2004,15,3.1,2.12,46.5
Nifty 50,15-10-2004,15,3.1,2.12,46.5
Nifty 50,18-10-2004,14.93,3.08,2.13,45.9844
Nifty 50,19-10-2004,15.11,3.12,2.11,47.1432
Nifty 50,20-10-2004,14.96,3.09,2.13,46.2264
Nifty 50,21-10-2004,14.87,3.07,2.14,45.6509
Nifty 50,25-10-2004,14.69,3.03,2.17,44.5107
Nifty 50,26-10-2004,14.89,3.07,2.14,45.7123
Nifty 50,27-10-2004,14.91,3.08,2.14,45.9228
Nifty 50,28-10-2004,15.04,3.1,2.12,46.624
Nifty 50,29-10-2004,14.93,3.08,2.14,45.9844
Nifty 50,01-11-2004,15.03,3.1,2.13,46.593
Nifty 50,02-11-2004,15.16,3.13,2.11,47.4508
Nifty 50,03-11-2004,15.36,3.17,2.09,48.6912
Nifty 50,04-11-2004,15.34,3.17,2.09,48.6278
Nifty 50,05-11-2004,15.48,3.2,2.07,49.536
Nifty 50,08-11-2004,15.57,3.21,2.02,49.9797
Nifty 50,09-11-2004,15.54,3.21,2.02,49.8834
Nifty 50,10-11-2004,15.68,3.24,2,50.8032
Nifty 50,11-11-2004,15.64,3.23,2.01,50.5172
Nifty 50,12-11-2004,15.66,3.23,2.01,50.5818
Nifty 50,16-11-2004,15.71,3.24,2,50.9004
Nifty 50,17-11-2004,15.79,3.26,1.99,51.4754
Nifty 50,18-11-2004,15.82,3.26,1.99,51.5732
Nifty 50,19-11-2004,15.65,3.23,2.01,50.5495
Nifty 50,22-11-2004,15.66,3.23,2.01,50.5818
Nifty 50,23-11-2004,15.84,3.27,1.98,51.7968
Nifty 50,24-11-2004,15.93,3.29,1.97,52.4097
Nifty 50,25-11-2004,15.91,3.28,1.97,52.1848
Nifty 50,29-11-2004,16.23,3.35,1.93,54.3705
Nifty 50,30-11-2004,16.39,3.38,1.92,55.3982
Nifty 50,01-12-2004,16.42,3.39,1.91,55.6638
Nifty 50,02-12-2004,16.73,3.45,1.88,57.7185
Nifty 50,03-12-2004,16.71,3.45,1.88,57.6495
Nifty 50,06-12-2004,16.68,3.44,1.88,57.3792
Nifty 50,07-12-2004,16.68,3.44,1.88,57.3792
Nifty 50,08-12-2004,16.56,3.42,1.9,56.6352
Nifty 50,09-12-2004,16.66,3.44,1.88,57.3104
Nifty 50,10-12-2004,16.54,3.41,1.92,56.4014
Nifty 50,13-12-2004,16.68,3.44,1.91,57.3792
Nifty 50,14-12-2004,16.86,3.47,1.89,58.5042
Nifty 50,15-12-2004,17.04,3.51,1.87,59.8104
Nifty 50,16-12-2004,17.08,3.52,1.87,60.1216
Nifty 50,17-12-2004,16.91,3.48,1.89,58.8468
Nifty 50,20-12-2004,14.92,3.51,1.87,52.3692
Nifty 50,21-12-2004,15.05,3.54,1.85,53.277
Nifty 50,22-12-2004,14.98,3.53,1.86,52.8794
Nifty 50,23-12-2004,15.06,3.55,1.85,53.463
Nifty 50,24-12-2004,15.19,3.58,1.84,54.3802
Nifty 50,27-12-2004,15.19,3.58,1.84,54.3802
Nifty 50,28-12-2004,15.25,3.59,1.84,54.7475
Nifty 50,29-12-2004,15.24,3.59,1.84,54.7116
Nifty 50,30-12-2004,15.17,3.57,1.85,54.1569
Nifty 50,31-12-2004,15.32,3.61,1.83,55.3052
Nifty 50,03-01-2005,15.57,3.67,1.89,57.1419
Nifty 50,04-01-2005,15.49,3.65,1.9,56.5385
Nifty 50,05-01-2005,14.96,3.52,1.97,52.6592
Nifty 50,06-01-2005,14.71,3.47,2,51.0437
Nifty 50,07-01-2005,14.84,3.49,1.98,51.7916
Nifty 50,10-01-2005,14.58,3.44,2.02,50.1552
Nifty 50,11-01-2005,14.37,3.39,2.05,48.7143
Nifty 50,12-01-2005,14.05,3.32,2.09,46.646
Nifty 50,13-01-2005,14.35,3.39,2.05,48.6465
Nifty 50,14-01-2005,14.18,3.35,2.07,47.503
Nifty 50,17-01-2005,14.17,3.35,2.07,47.4695
Nifty 50,18-01-2005,14.19,3.36,2.07,47.6784
Nifty 50,19-01-2005,14.12,3.34,2.07,47.1608
Nifty 50,20-01-2005,14.09,3.34,2.08,47.0606
Nifty 50,24-01-2005,13.6,3.31,2.09,45.016
Nifty 50,25-01-2005,13.74,3.35,2.07,46.029
Nifty 50,27-01-2005,13.84,3.39,2.04,46.9176
Nifty 50,28-01-2005,14.34,3.49,1.99,50.0466
Nifty 50,31-01-2005,14.68,3.57,1.94,52.4076
Nifty 50,01-02-2005,14.34,3.58,1.94,51.3372
Nifty 50,02-02-2005,14.24,3.56,1.95,50.6944
Nifty 50,03-02-2005,14.42,3.61,1.92,52.0562
Nifty 50,04-02-2005,14.41,3.61,1.92,52.0201
Nifty 50,07-02-2005,14.26,3.57,2.02,50.9082
Nifty 50,08-02-2005,14.26,3.57,2.02,50.9082
Nifty 50,09-02-2005,14.36,3.59,2.01,51.5524
Nifty 50,10-02-2005,14.31,3.58,2.01,51.2298
Nifty 50,11-02-2005,14.48,3.61,2,52.2728
Nifty 50,14-02-2005,14.59,3.64,1.99,53.1076
Nifty 50,15-02-2005,14.53,3.63,2,52.7439
Nifty 50,16-02-2005,14.39,3.59,2.02,51.6601
Nifty 50,17-02-2005,14.34,3.58,2.03,51.3372
Nifty 50,18-02-2005,14.29,3.57,2.04,51.0153
Nifty 50,21-02-2005,14.21,3.55,2.05,50.4455
Nifty 50,22-02-2005,14.31,3.57,2.03,51.0867
Nifty 50,23-02-2005,14.3,3.57,2.03,51.051
Nifty 50,24-02-2005,14.29,3.57,2.04,51.0153
Nifty 50,25-02-2005,14.71,3.84,1.93,56.4864
Nifty 50,28-02-2005,15.02,3.92,1.9,58.8784
Nifty 50,01-03-2005,14.88,3.89,1.92,57.8832
Nifty 50,02-03-2005,14.94,3.9,1.91,58.266
Nifty 50,03-03-2005,15.2,3.97,1.88,60.344
Nifty 50,04-03-2005,15.34,4.01,1.86,61.5134
Nifty 50,07-03-2005,15.42,4.03,1.85,62.1426
Nifty 50,08-03-2005,15.48,4.05,1.84,62.694
Nifty 50,09-03-2005,15.43,4.03,1.85,62.1829
Nifty 50,10-03-2005,15.47,4.04,1.84,62.4988
Nifty 50,11-03-2005,15.38,4.02,1.86,61.8276
Nifty 50,14-03-2005,15.32,4,1.86,61.28
Nifty 50,15-03-2005,15.2,3.97,1.88,60.344
Nifty 50,16-03-2005,15.17,3.96,1.88,60.0732
Nifty 50,17-03-2005,14.98,3.91,1.91,58.5718
Nifty 50,18-03-2005,15.06,3.93,1.9,59.1858
Nifty 50,21-03-2005,14.97,3.91,1.92,58.5327
Nifty 50,22-03-2005,14.72,3.85,1.95,56.672
Nifty 50,23-03-2005,14.47,3.78,1.99,54.6966
Nifty 50,24-03-2005,14.39,3.76,2,54.1064
Nifty 50,28-03-2005,14.54,3.8,1.98,55.252
Nifty 50,29-03-2005,14.21,3.71,2.02,52.7191
Nifty 50,30-03-2005,14.3,3.74,2.01,53.482
Nifty 50,31-03-2005,14.6,3.82,1.97,55.772
Nifty 50,01-04-2005,14.84,3.88,1.94,57.5792
Nifty 50,04-04-2005,14.81,3.86,1.94,57.1666
Nifty 50,05-04-2005,14.71,3.84,1.95,56.4864
Nifty 50,06-04-2005,14.83,3.87,1.94,57.3921
Nifty 50,07-04-2005,14.71,3.84,1.95,56.4864
Nifty 50,08-04-2005,14.56,3.8,1.97,55.328
Nifty 50,11-04-2005,14.39,3.76,2,54.1064
Nifty 50,12-04-2005,14.65,3.82,1.96,55.963
Nifty 50,13-04-2005,14.52,3.79,1.98,55.0308
Nifty 50,15-04-2005,13.95,3.66,2.05,51.057
Nifty 50,18-04-2005,13.75,3.61,2.08,49.6375
Nifty 50,19-04-2005,13.64,3.57,2.1,48.6948
Nifty 50,20-04-2005,13.78,3.61,2.08,49.7458
Nifty 50,21-04-2005,13.87,3.65,2.06,50.6255
Nifty 50,22-04-2005,13.97,3.68,2.04,51.4096
Nifty 50,25-04-2005,13.99,3.69,2.03,51.6231
Nifty 50,26-04-2005,13.85,3.66,2.05,50.691
Nifty 50,27-04-2005,13.51,3.62,2.07,48.9062
Nifty 50,28-04-2005,13.55,3.63,2.07,49.1865
Nifty 50,29-04-2005,13.27,3.56,2.11,47.2412
Nifty 50,02-05-2005,13.32,3.59,2.11,47.8188
Nifty 50,03-05-2005,13.35,3.59,2.1,47.9265
Nifty 50,04-05-2005,13.5,3.63,2.08,49.005
Nifty 50,05-05-2005,13.64,3.67,2.06,50.0588
Nifty 50,06-05-2005,13.71,3.7,2.04,50.727
Nifty 50,09-05-2005,13.87,3.74,2.02,51.8738
Nifty 50,10-05-2005,13.82,3.73,2.02,51.5486
Nifty 50,11-05-2005,13.76,3.72,2.03,51.1872
Nifty 50,12-05-2005,13.81,3.73,2.03,51.5113
Nifty 50,13-05-2005,13.78,3.72,2.03,51.2616
Nifty 50,16-05-2005,13.97,3.77,2.04,52.6669
Nifty 50,17-05-2005,13.8,3.73,2.06,51.474
Nifty 50,18-05-2005,13.74,3.72,2.07,51.1128
Nifty 50,19-05-2005,13.74,3.73,2.06,51.2502
Nifty 50,20-05-2005,13.73,3.73,2.06,51.2129
Nifty 50,23-05-2005,13.88,3.77,2.04,52.3276
Nifty 50,24-05-2005,13.98,3.8,2.02,53.124
Nifty 50,25-05-2005,13.75,3.83,2.01,52.6625
Nifty 50,26-05-2005,13.95,3.89,1.98,54.2655
Nifty 50,27-05-2005,13.97,3.89,1.98,54.3433
Nifty 50,30-05-2005,13.86,3.88,1.99,53.7768
Nifty 50,31-05-2005,13.94,3.91,1.97,54.5054
Nifty 50,01-06-2005,13.93,3.91,1.97,54.4663
Nifty 50,02-06-2005,13.77,3.87,1.99,53.2899
Nifty 50,03-06-2005,13.97,3.93,1.96,54.9021
Nifty 50,04-06-2005,13.96,3.92,1.97,54.7232
Nifty 50,06-06-2005,13.96,3.92,1.65,54.7232
Nifty 50,07-06-2005,14,3.93,1.65,55.02
Nifty 50,08-06-2005,14.09,3.96,1.64,55.7964
Nifty 50,09-06-2005,13.97,3.94,1.64,55.0418
Nifty 50,10-06-2005,13.89,3.92,1.65,54.4488
Nifty 50,13-06-2005,13.9,3.79,1.61,52.681
Nifty 50,14-06-2005,13.96,3.81,1.6,53.1876
Nifty 50,15-06-2005,14.07,3.84,1.59,54.0288
Nifty 50,16-06-2005,14.04,3.83,1.59,53.7732
Nifty 50,17-06-2005,14.04,3.83,1.59,53.7732
Nifty 50,20-06-2005,13.82,3.87,1.58,53.4834
Nifty 50,21-06-2005,13.99,3.92,1.56,54.8408
Nifty 50,22-06-2005,14.1,3.95,1.55,55.695
Nifty 50,23-06-2005,14.08,3.94,1.55,55.4752
Nifty 50,24-06-2005,14.14,3.96,1.54,55.9944
Nifty 50,27-06-2005,14.18,3.94,1.57,55.8692
Nifty 50,28-06-2005,13.99,3.89,1.59,54.4211
Nifty 50,29-06-2005,14.13,3.93,1.57,55.5309
Nifty 50,30-06-2005,14.31,3.98,1.55,56.9538
Nifty 50,01-07-2005,14.26,3.96,1.56,56.4696
Nifty 50,04-07-2005,14.38,3.91,1.63,56.2258
Nifty 50,05-07-2005,14.25,3.88,1.64,55.29
Nifty 50,06-07-2005,14.36,3.91,1.63,56.1476
Nifty 50,07-07-2005,14.05,3.82,1.67,53.671
Nifty 50,08-07-2005,14.16,3.85,1.66,54.516
Nifty 50,11-07-2005,14.3,3.84,1.65,54.912
Nifty 50,12-07-2005,14.29,3.84,1.65,54.8736
Nifty 50,13-07-2005,14.17,3.81,1.66,53.9877
Nifty 50,14-07-2005,14.04,3.78,1.68,53.0712
Nifty 50,15-07-2005,14.21,3.83,1.65,54.4243
Nifty 50,18-07-2005,14.31,3.86,1.64,55.2366
Nifty 50,19-07-2005,14.33,3.87,1.64,55.4571
Nifty 50,20-07-2005,14.36,3.87,1.64,55.5732
Nifty 50,21-07-2005,14.27,3.85,1.65,54.9395
Nifty 50,22-07-2005,14.47,3.91,1.62,56.5777
Nifty 50,25-07-2005,14.62,3.82,1.63,55.8484
Nifty 50,26-07-2005,14.58,3.84,1.62,55.9872
Nifty 50,27-07-2005,14.69,3.87,1.61,56.8503
Nifty 50,29-07-2005,14.1,3.86,1.62,54.426
Nifty 50,01-08-2005,14.36,3.87,1.61,55.5732
Nifty 50,02-08-2005,14.58,3.92,1.59,57.1536
Nifty 50,03-08-2005,14.6,3.93,1.59,57.378
Nifty 50,04-08-2005,14.67,3.95,1.58,57.9465
Nifty 50,05-08-2005,14.63,3.94,1.58,57.6422
Nifty 50,08-08-2005,14.4,3.87,1.61,55.728
Nifty 50,09-08-2005,14.36,3.86,1.62,55.4296
Nifty 50,10-08-2005,14.62,3.93,1.59,57.4566
Nifty 50,11-08-2005,14.75,3.96,1.57,58.41
Nifty 50,12-08-2005,14.63,3.93,1.59,57.4959
Nifty 50,16-08-2005,14.68,3.95,1.58,57.986
Nifty 50,17-08-2005,14.89,3.92,1.58,58.3688
Nifty 50,18-08-2005,14.8,3.89,1.59,57.572
Nifty 50,19-08-2005,14.77,3.89,1.59,57.4553
Nifty 50,22-08-2005,14.67,3.86,1.61,56.6262
Nifty 50,23-08-2005,14.41,3.79,1.64,54.6139
Nifty 50,24-08-2005,14.39,3.78,1.64,54.3942
Nifty 50,25-08-2005,14.58,3.84,1.62,55.9872
Nifty 50,26-08-2005,14.6,3.84,1.61,56.064
Nifty 50,29-08-2005,14.48,3.81,1.63,55.1688
Nifty 50,30-08-2005,14.67,3.86,1.61,56.6262
Nifty 50,31-08-2005,14.78,3.89,1.59,57.4942
Nifty 50,01-09-2005,14.92,3.92,1.58,58.4864
Nifty 50,02-09-2005,14.98,3.94,1.57,59.0212
Nifty 50,05-09-2005,15.02,3.93,1.55,59.0286
Nifty 50,06-09-2005,15.06,3.94,1.55,59.3364
Nifty 50,08-09-2005,15.22,3.98,1.53,60.5756
Nifty 50,09-09-2005,15.23,3.98,1.53,60.6154
Nifty 50,12-09-2005,15.41,4.03,1.51,62.1023
Nifty 50,13-09-2005,15.51,4.05,1.5,62.8155
Nifty 50,14-09-2005,15.46,4.04,1.51,62.4584
Nifty 50,15-09-2005,15.66,4.09,1.49,64.0494
Nifty 50,16-09-2005,15.83,4.14,1.47,65.5362
Nifty 50,19-09-2005,15.92,4.07,1.57,64.7944
Nifty 50,20-09-2005,15.99,4.09,1.56,65.3991
Nifty 50,21-09-2005,15.93,4.07,1.57,64.8351
Nifty 50,22-09-2005,15.36,3.93,1.63,60.3648
Nifty 50,23-09-2005,15.37,3.93,1.63,60.4041
Nifty 50,26-09-2005,15.88,3.94,1.73,62.5672
Nifty 50,27-09-2005,15.99,3.97,1.72,63.4803
Nifty 50,28-09-2005,16.13,4,1.7,64.52
Nifty 50,29-09-2005,16.21,4.03,1.69,65.3263
Nifty 50,30-09-2005,16.15,4.01,1.7,64.7615
Nifty 50,03-10-2005,16.33,4.06,1.68,66.2998
Nifty 50,04-10-2005,16.54,4.11,1.66,67.9794
Nifty 50,05-10-2005,16.42,4.08,1.67,66.9936
Nifty 50,06-10-2005,16.02,3.98,1.71,63.7596
Nifty 50,07-10-2005,15.99,3.97,1.72,63.4803
Nifty 50,10-10-2005,15.94,3.96,1.72,63.1224
Nifty 50,11-10-2005,16,3.99,1.71,63.84
Nifty 50,13-10-2005,15.67,3.91,1.74,61.2697
Nifty 50,14-10-2005,15.3,3.83,1.78,58.599
Nifty 50,17-10-2005,15.27,3.8,1.78,58.026
Nifty 50,18-10-2005,15.17,3.78,1.79,57.3426
Nifty 50,19-10-2005,14.81,3.69,1.83,54.6489
Nifty 50,20-10-2005,14.69,3.67,1.85,53.9123
Nifty 50,21-10-2005,15.02,3.74,1.81,56.1748
Nifty 50,24-10-2005,14.72,3.67,1.85,54.0224
Nifty 50,25-10-2005,14.81,3.7,1.83,54.797
Nifty 50,26-10-2005,14.58,3.69,1.84,53.8002
Nifty 50,27-10-2005,14.01,3.6,1.88,50.436
Nifty 50,28-10-2005,13.74,3.55,1.91,48.777
Nifty 50,31-10-2005,14.23,3.63,1.87,51.6549
Nifty 50,01-11-2005,14.32,3.65,1.85,52.268
Nifty 50,02-11-2005,14.52,3.7,1.83,53.724
Nifty 50,07-11-2005,14.77,3.77,1.8,55.6829
Nifty 50,08-11-2005,14.96,3.82,1.78,57.1472
Nifty 50,09-11-2005,14.94,3.81,1.78,56.9214
Nifty 50,10-11-2005,15.01,3.83,1.77,57.4883
Nifty 50,11-11-2005,15.29,3.9,1.74,59.631
Nifty 50,14-11-2005,15.36,3.92,1.73,60.2112
Nifty 50,16-11-2005,15.5,3.96,1.71,61.38
Nifty 50,17-11-2005,15.63,3.99,1.7,62.3637
Nifty 50,18-11-2005,15.73,4.01,1.69,63.0773
Nifty 50,21-11-2005,15.65,3.99,1.7,62.4435
Nifty 50,22-11-2005,15.47,3.95,1.72,61.1065
Nifty 50,23-11-2005,15.68,4,1.69,62.72
Nifty 50,24-11-2005,15.84,4.04,1.68,63.9936
Nifty 50,25-11-2005,16.02,4.09,1.66,65.5218
Nifty 50,26-11-2005,16.13,4.12,1.65,66.4556
Nifty 50,28-11-2005,16.31,4.15,1.64,67.6865
Nifty 50,29-11-2005,16.22,4.13,1.65,66.9886
Nifty 50,30-11-2005,15.95,4.06,1.68,64.757
Nifty 50,01-12-2005,16.23,4.13,1.65,67.0299
Nifty 50,02-12-2005,16.22,4.13,1.65,66.9886
Nifty 50,05-12-2005,16,4.08,1.68,65.28
Nifty 50,06-12-2005,16.01,4.08,1.68,65.3208
Nifty 50,07-12-2005,16.2,4.13,1.66,66.906
Nifty 50,08-12-2005,16.28,4.15,1.65,67.562
Nifty 50,09-12-2005,16.58,4.22,1.62,69.9676
Nifty 50,12-12-2005,16.7,4.25,1.61,70.975
Nifty 50,13-12-2005,16.91,4.31,1.59,72.8821
Nifty 50,14-12-2005,16.87,4.3,1.59,72.541
Nifty 50,15-12-2005,16.71,4.26,1.61,71.1846
Nifty 50,16-12-2005,16.9,4.3,1.59,72.67
Nifty 50,19-12-2005,17.2,4.38,1.56,75.336
Nifty 50,20-12-2005,17.1,4.35,1.57,74.385
Nifty 50,21-12-2005,17.08,4.35,1.57,74.298
Nifty 50,22-12-2005,17.15,4.37,1.56,74.9455
Nifty 50,23-12-2005,16.97,4.32,1.58,73.3104
Nifty 50,26-12-2005,16.64,4.24,1.61,70.5536
Nifty 50,27-12-2005,16.98,4.32,1.58,73.3536
Nifty 50,28-12-2005,16.91,4.31,1.59,72.8821
Nifty 50,29-12-2005,17.07,4.35,1.57,74.2545
Nifty 50,30-12-2005,17.16,4.37,1.56,74.9892
Nifty 50,02-01-2006,17.16,4.37,1.56,74.9892
Nifty 50,03-01-2006,17.45,4.44,1.54,77.478
Nifty 50,04-01-2006,17.58,4.48,1.53,78.7584
Nifty 50,05-01-2006,17.55,4.47,1.53,78.4485
Nifty 50,06-01-2006,17.64,4.49,1.52,79.2036
Nifty 50,09-01-2006,17.62,4.49,1.52,79.1138
Nifty 50,10-01-2006,17.37,4.43,1.54,76.9491
Nifty 50,12-01-2006,17.28,4.4,1.55,76.032
Nifty 50,13-01-2006,17.25,4.4,1.55,75.9
Nifty 50,16-01-2006,17.14,4.37,1.56,74.9018
Nifty 50,17-01-2006,17.12,4.36,1.57,74.6432
Nifty 50,18-01-2006,16.53,4.24,1.61,70.0872
Nifty 50,19-01-2006,16.87,4.33,1.58,73.0471
Nifty 50,20-01-2006,16.91,4.38,1.56,74.0658
Nifty 50,23-01-2006,16.83,4.35,1.57,73.2105
Nifty 50,24-01-2006,16.86,4.39,1.56,74.0154
Nifty 50,25-01-2006,17.02,4.44,1.54,75.5688
Nifty 50,27-01-2006,17.42,4.5,1.52,78.39
Nifty 50,30-01-2006,17.91,4.49,1.52,80.4159
Nifty 50,31-01-2006,17.9,4.53,1.51,81.087
Nifty 50,01-02-2006,17.73,4.49,1.52,79.6077
Nifty 50,02-02-2006,17.7,4.48,1.53,79.296
Nifty 50,03-02-2006,17.54,4.44,1.54,77.8776
Nifty 50,06-02-2006,17.9,4.53,1.51,81.087
Nifty 50,07-02-2006,18.02,4.56,1.5,82.1712
Nifty 50,08-02-2006,17.95,4.54,1.5,81.493
Nifty 50,10-02-2006,18.03,4.57,1.49,82.3971
Nifty 50,13-02-2006,18.11,4.59,1.49,83.1249
Nifty 50,14-02-2006,17.93,4.56,1.5,81.7608
Nifty 50,15-02-2006,17.96,4.56,1.5,81.8976
Nifty 50,16-02-2006,17.95,4.56,1.5,81.852
Nifty 50,17-02-2006,17.71,4.5,1.52,79.695
Nifty 50,20-02-2006,17.86,4.54,1.51,81.0844
Nifty 50,21-02-2006,18.03,4.58,1.49,82.5774
Nifty 50,22-02-2006,18.13,4.61,1.48,83.5793
Nifty 50,23-02-2006,18.19,4.62,1.48,84.0378
Nifty 50,24-02-2006,18.12,4.61,1.48,83.5332
Nifty 50,27-02-2006,18.22,4.63,1.48,84.3586
Nifty 50,28-02-2006,18.27,4.64,1.47,84.7728
Nifty 50,01-03-2006,18.56,4.72,1.45,87.6032
Nifty 50,02-03-2006,18.73,4.76,1.44,89.1548
Nifty 50,03-03-2006,18.71,4.75,1.44,88.8725
Nifty 50,06-03-2006,18.96,4.82,1.42,91.3872
Nifty 50,07-03-2006,18.92,4.81,1.42,91.0052
Nifty 50,08-03-2006,18.53,4.71,1.45,87.2763
Nifty 50,09-03-2006,18.6,4.73,1.45,87.978
Nifty 50,10-03-2006,18.93,4.81,1.42,91.0533
Nifty 50,13-03-2006,19.04,4.84,1.41,92.1536
Nifty 50,14-03-2006,19,4.83,1.42,91.77
Nifty 50,16-03-2006,19.18,4.87,1.4,93.4066
Nifty 50,17-03-2006,19.25,4.89,1.4,94.1325
Nifty 50,20-03-2006,19.44,4.94,1.38,96.0336
Nifty 50,21-03-2006,19.42,4.93,1.38,95.7406
Nifty 50,22-03-2006,19.28,4.9,1.39,94.472
Nifty 50,23-03-2006,19.33,4.91,1.39,94.9103
Nifty 50,24-03-2006,19.52,4.96,1.38,96.8192
Nifty 50,27-03-2006,19.77,5.02,1.36,99.2454
Nifty 50,28-03-2006,19.79,5.03,1.36,99.5437
Nifty 50,29-03-2006,19.97,5.07,1.35,101.2479
Nifty 50,30-03-2006,20.35,5.17,1.32,105.2095
Nifty 50,31-03-2006,20.26,5.15,1.33,104.339
Nifty 50,03-04-2006,20.68,5.26,1.3,108.7768
Nifty 50,04-04-2006,20.74,5.27,1.3,109.2998
Nifty 50,05-04-2006,20.9,5.31,1.29,110.979
Nifty 50,07-04-2006,20.57,5.23,1.31,107.5811
Nifty 50,10-04-2006,20.71,5.26,1.3,108.9346
Nifty 50,12-04-2006,20.13,5.12,1.34,103.0656
Nifty 50,13-04-2006,19.91,5.06,1.35,100.7446
Nifty 50,17-04-2006,20.34,5.18,1.32,105.3612
Nifty 50,18-04-2006,20.76,5.32,1.28,110.4432
Nifty 50,19-04-2006,20.79,5.35,1.28,111.2265
Nifty 50,20-04-2006,21.01,5.41,1.26,113.6641
Nifty 50,21-04-2006,21.01,5.41,1.26,113.6641
Nifty 50,24-04-2006,20.85,5.37,1.27,111.9645
Nifty 50,25-04-2006,20.37,5.24,1.3,106.7388
Nifty 50,26-04-2006,20.93,5.38,1.27,112.6034
Nifty 50,27-04-2006,20.58,5.31,1.29,109.2798
Nifty 50,28-04-2006,20.08,5.31,1.29,106.6248
Nifty 50,29-04-2006,20.31,5.39,1.27,109.4709
Nifty 50,02-05-2006,20.46,5.46,1.25,111.7116
Nifty 50,03-05-2006,20.62,5.5,1.24,113.41
Nifty 50,04-05-2006,20.7,5.52,1.24,114.264
Nifty 50,05-05-2006,20.77,5.55,1.23,115.2735
Nifty 50,08-05-2006,20.93,5.59,1.22,116.9987
Nifty 50,09-05-2006,21.09,5.63,1.21,118.7367
Nifty 50,10-05-2006,21.28,5.68,1.2,120.8704
Nifty 50,11-05-2006,20.98,5.6,1.22,117.488
Nifty 50,12-05-2006,20.69,5.53,1.24,114.4157
Nifty 50,15-05-2006,19.86,5.3,1.29,105.258
Nifty 50,16-05-2006,19.97,5.34,1.28,106.6398
Nifty 50,17-05-2006,20.62,5.51,1.24,113.6162
Nifty 50,18-05-2006,19.26,5.13,1.33,98.8038
Nifty 50,19-05-2006,18.51,4.92,1.39,91.0692
Nifty 50,22-05-2006,17.52,4.67,1.46,81.8184
Nifty 50,23-05-2006,18.19,4.85,1.41,88.2215
Nifty 50,24-05-2006,17.71,4.63,1.46,81.9973
Nifty 50,25-05-2006,18.39,4.73,1.43,86.9847
Nifty 50,26-05-2006,18.28,4.77,1.42,87.1956
Nifty 50,29-05-2006,18.27,4.78,1.41,87.3306
Nifty 50,30-05-2006,18.11,4.74,1.43,85.8414
Nifty 50,31-05-2006,17.46,4.57,1.48,79.7922
Nifty 50,01-06-2006,16.78,4.41,1.53,73.9998
Nifty 50,02-06-2006,17.51,4.6,1.47,80.546
Nifty 50,05-06-2006,17.09,4.49,1.51,76.7341
Nifty 50,06-06-2006,16.64,4.35,1.62,72.384
Nifty 50,07-06-2006,16.21,4.23,1.66,68.5683
Nifty 50,08-06-2006,15.44,4.03,1.74,62.2232
Nifty 50,09-06-2006,16.24,4.24,1.65,68.8576
Nifty 50,12-06-2006,15.73,4.11,1.71,64.6503
Nifty 50,13-06-2006,15.09,3.94,1.78,59.4546
Nifty 50,14-06-2006,14.92,3.9,1.8,58.188
Nifty 50,15-06-2006,15.91,4.14,1.69,65.8674
Nifty 50,16-06-2006,16.43,4.28,1.64,70.3204
Nifty 50,19-06-2006,16.58,4.2,1.65,69.636
Nifty 50,20-06-2006,16.27,4.12,1.68,67.0324
Nifty 50,21-06-2006,16.62,4.21,1.65,69.9702
Nifty 50,22-06-2006,17.03,4.31,1.61,73.3993
Nifty 50,23-06-2006,17.3,4.38,1.58,75.774
Nifty 50,25-06-2006,17.34,4.39,1.58,76.1226
Nifty 50,26-06-2006,16.73,4.24,1.64,70.9352
Nifty 50,27-06-2006,17.36,4.44,1.57,77.0784
Nifty 50,28-06-2006,17.57,4.44,1.57,78.0108
Nifty 50,29-06-2006,17.67,4.46,1.56,78.8082
Nifty 50,30-06-2006,18.44,4.66,1.49,85.9304
Nifty 50,03-07-2006,18.57,4.69,1.48,87.0933
Nifty 50,04-07-2006,18.5,4.67,1.49,86.395
Nifty 50,05-07-2006,18.84,4.76,1.46,89.6784
Nifty 50,06-07-2006,18.6,4.7,1.48,87.42
Nifty 50,07-07-2006,18.13,4.58,1.52,83.0354
Nifty 50,10-07-2006,18.52,4.68,1.49,86.6736
Nifty 50,11-07-2006,18.36,4.64,1.5,85.1904
Nifty 50,12-07-2006,18.76,4.76,1.46,89.2976
Nifty 50,13-07-2006,18.61,4.72,1.47,87.8392
Nifty 50,14-07-2006,18.33,4.47,1.54,81.9351
Nifty 50,17-07-2006,17.63,4.3,1.59,75.809
Nifty 50,18-07-2006,17.52,4.28,1.59,74.9856
Nifty 50,19-07-2006,17,4.19,1.63,71.23
Nifty 50,20-07-2006,17.43,4.32,1.58,75.2976
Nifty 50,21-07-2006,16.93,4.21,1.62,71.2753
Nifty 50,24-07-2006,17.13,4.27,1.6,73.1451
Nifty 50,25-07-2006,17.44,4.35,1.57,75.864
Nifty 50,26-07-2006,17.58,4.45,1.53,78.231
Nifty 50,27-07-2006,17.83,4.3,1.57,76.669
Nifty 50,28-07-2006,17.57,4.27,1.59,75.0239
Nifty 50,31-07-2006,17.64,4.29,1.58,75.6756
Nifty 50,01-08-2006,17.67,4.29,1.58,75.8043
Nifty 50,02-08-2006,17.86,4.34,1.56,77.5124
Nifty 50,03-08-2006,17.9,4.35,1.56,77.865
Nifty 50,04-08-2006,17.83,4.33,1.56,77.2039
Nifty 50,07-08-2006,17.69,4.3,1.58,76.067
Nifty 50,08-08-2006,18.03,4.38,1.55,78.9714
Nifty 50,09-08-2006,18.27,4.44,1.53,81.1188
Nifty 50,10-08-2006,18.3,4.45,1.52,81.435
Nifty 50,11-08-2006,18.38,4.46,1.52,81.9748
Nifty 50,14-08-2006,18.6,4.52,1.5,84.072
Nifty 50,16-08-2006,18.84,4.58,1.48,86.2872
Nifty 50,17-08-2006,18.83,4.54,1.5,85.4882
Nifty 50,18-08-2006,18.84,4.54,1.5,85.5336
Nifty 50,21-08-2006,18.88,4.56,1.49,86.0928
Nifty 50,22-08-2006,18.88,4.55,1.49,85.904
Nifty 50,23-08-2006,18.71,4.52,1.51,84.5692
Nifty 50,24-08-2006,18.91,4.56,1.49,86.2296
Nifty 50,25-08-2006,19,4.58,1.48,87.02
Nifty 50,28-08-2006,19.08,4.6,1.48,87.768
Nifty 50,29-08-2006,19.22,4.64,1.47,89.1808
Nifty 50,30-08-2006,19.25,4.58,1.47,88.165
Nifty 50,31-08-2006,19.15,4.55,1.47,87.1325
Nifty 50,01-09-2006,19.68,4.5,1.43,88.56
Nifty 50,04-09-2006,19.92,4.56,1.41,90.8352
Nifty 50,05-09-2006,19.9,4.55,1.42,90.545
Nifty 50,06-09-2006,19.92,4.56,1.41,90.8352
Nifty 50,07-09-2006,19.79,4.53,1.42,89.6487
Nifty 50,08-09-2006,19.89,4.55,1.42,90.4995
Nifty 50,11-09-2006,19.29,4.41,1.46,85.0689
Nifty 50,12-09-2006,19.42,4.44,1.45,86.2248
Nifty 50,13-09-2006,19.81,4.5,1.4,89.145
Nifty 50,14-09-2006,19.91,4.53,1.4,90.1923
Nifty 50,15-09-2006,19.95,4.53,1.39,90.3735
Nifty 50,18-09-2006,20.03,4.55,1.39,91.1365
Nifty 50,19-09-2006,19.83,4.51,1.4,89.4333
Nifty 50,20-09-2006,20.09,4.57,1.38,91.8113
Nifty 50,21-09-2006,20.38,4.63,1.36,94.3594
Nifty 50,22-09-2006,20.33,4.62,1.37,93.9246
Nifty 50,25-09-2006,20.21,4.59,1.37,92.7639
Nifty 50,26-09-2006,20.83,4.73,1.33,98.5259
Nifty 50,27-09-2006,20.87,4.74,1.33,98.9238
Nifty 50,28-09-2006,20.83,4.73,1.33,98.5259
Nifty 50,29-09-2006,20.92,4.76,1.33,99.5792
Nifty 50,03-10-2006,20.82,4.73,1.33,98.4786
Nifty 50,04-10-2006,20.5,4.66,1.36,95.53
Nifty 50,05-10-2006,20.79,4.72,1.34,98.1288
Nifty 50,06-10-2006,20.82,4.73,1.33,98.4786
Nifty 50,09-10-2006,20.82,4.73,1.36,98.4786
Nifty 50,10-10-2006,20.83,4.73,1.36,98.5259
Nifty 50,11-10-2006,20.68,4.59,1.39,94.9212
Nifty 50,12-10-2006,21.04,4.67,1.37,98.2568
Nifty 50,13-10-2006,21.36,4.74,1.35,101.2464
Nifty 50,16-10-2006,21.64,4.81,1.33,104.0884
Nifty 50,17-10-2006,21.47,4.79,1.33,102.8413
Nifty 50,18-10-2006,21.33,4.79,1.34,102.1707
Nifty 50,19-10-2006,21.06,4.75,1.35,100.035
Nifty 50,20-10-2006,20.91,4.75,1.35,99.3225
Nifty 50,21-10-2006,20.94,4.76,1.35,99.6744
Nifty 50,23-10-2006,20.79,4.72,1.35,98.1288
Nifty 50,26-10-2006,20.79,4.75,1.35,98.7525
Nifty 50,27-10-2006,21.04,4.83,1.32,101.6232
Nifty 50,30-10-2006,20.48,4.87,1.31,99.7376
Nifty 50,31-10-2006,20.37,4.84,1.32,98.5908
Nifty 50,01-11-2006,20.16,4.87,1.32,98.1792
Nifty 50,02-11-2006,20.29,4.9,1.31,99.421
Nifty 50,03-11-2006,20.37,4.92,1.3,100.2204
Nifty 50,06-11-2006,20.39,4.92,1.3,100.3188
Nifty 50,07-11-2006,20.34,4.91,1.3,99.8694
Nifty 50,08-11-2006,20.22,4.88,1.31,98.6736
Nifty 50,09-11-2006,20.32,4.87,1.27,98.9584
Nifty 50,10-11-2006,20.53,4.92,1.26,101.0076
Nifty 50,13-11-2006,20.66,4.95,1.25,102.267
Nifty 50,14-11-2006,20.7,4.96,1.25,102.672
Nifty 50,15-11-2006,20.78,4.98,1.25,103.4844
Nifty 50,16-11-2006,20.78,4.98,1.25,103.4844
Nifty 50,17-11-2006,20.65,4.95,1.25,102.2175
Nifty 50,20-11-2006,20.67,4.95,1.25,102.3165
Nifty 50,21-11-2006,21,5.03,1.23,105.63
Nifty 50,22-11-2006,21.2,5.08,1.22,107.696
Nifty 50,23-11-2006,21.14,5.07,1.22,107.1798
Nifty 50,24-11-2006,21.17,5.08,1.22,107.5436
Nifty 50,27-11-2006,21.25,5.1,1.22,108.375
Nifty 50,28-11-2006,21,5.04,1.23,105.84
Nifty 50,29-11-2006,21.03,5.05,1.23,106.2015
Nifty 50,30-11-2006,21.18,5.08,1.22,107.5944
Nifty 50,01-12-2006,21.41,5.14,1.21,110.0474
Nifty 50,04-12-2006,21.43,5.11,1.21,109.5073
Nifty 50,05-12-2006,21.51,5.13,1.2,110.3463
Nifty 50,06-12-2006,21.51,5.13,1.2,110.3463
Nifty 50,07-12-2006,21.54,5.13,1.2,110.5002
Nifty 50,08-12-2006,21.23,5.06,1.22,107.4238
Nifty 50,11-12-2006,20.62,4.92,1.25,101.4504
Nifty 50,12-12-2006,19.91,4.75,1.3,94.5725
Nifty 50,13-12-2006,20.17,4.81,1.28,97.0177
Nifty 50,14-12-2006,20.59,4.91,1.26,101.0969
Nifty 50,15-12-2006,20.83,4.97,1.24,103.5251
Nifty 50,18-12-2006,21.05,5.02,1.23,105.671
Nifty 50,19-12-2006,20.53,4.9,1.26,100.597
Nifty 50,20-12-2006,20.45,4.88,1.26,99.796
Nifty 50,21-12-2006,20.54,4.9,1.26,100.646
Nifty 50,22-12-2006,20.74,4.95,1.25,102.663
Nifty 50,26-12-2006,21.12,5.04,1.22,106.4448
Nifty 50,27-12-2006,21.3,5.08,1.21,108.204
Nifty 50,28-12-2006,21.28,5.08,1.22,108.1024
Nifty 50,29-12-2006,21.26,5.07,1.22,107.7882
Nifty 50,02-01-2007,21.48,5.12,1.2,109.9776
Nifty 50,03-01-2007,21.57,5.14,1.2,110.8698
Nifty 50,04-01-2007,21.38,5.1,1.21,109.038
Nifty 50,05-01-2007,21.35,5.09,1.21,108.6715
Nifty 50,08-01-2007,21.08,5.03,1.23,106.0324
Nifty 50,09-01-2007,20.97,5,1.23,104.85
Nifty 50,10-01-2007,20.64,4.92,1.25,101.5488
Nifty 50,11-01-2007,21.04,5.04,1.22,106.0416
Nifty 50,12-01-2007,21.63,5.16,1.18,111.6108
Nifty 50,15-01-2007,21.77,5.19,1.17,112.9863
Nifty 50,16-01-2007,21.67,5.19,1.17,112.4673
Nifty 50,17-01-2007,21.59,5.19,1.17,112.0521
Nifty 50,18-01-2007,21.74,5.23,1.16,113.7002
Nifty 50,19-01-2007,21.43,5.21,1.17,111.6503
Nifty 50,22-01-2007,21.42,5.22,1.16,111.8124
Nifty 50,23-01-2007,20.96,5.18,1.17,108.5728
Nifty 50,24-01-2007,21.07,5.21,1.16,109.7747
Nifty 50,25-01-2007,21.35,5.29,1.15,112.9415
Nifty 50,29-01-2007,20.88,5.26,1.15,109.8288
Nifty 50,31-01-2007,19.85,5.2,1.17,103.22
Nifty 50,01-02-2007,19.95,5.27,1.15,105.1365
Nifty 50,02-02-2007,20.12,5.33,1.14,107.2396
Nifty 50,05-02-2007,20.27,5.37,1.13,108.8499
Nifty 50,06-02-2007,20.18,5.35,1.14,107.963
Nifty 50,07-02-2007,20.32,5.38,1.13,109.3216
Nifty 50,08-02-2007,20.31,5.38,1.13,109.2678
Nifty 50,09-02-2007,20.14,5.33,1.14,107.3462
Nifty 50,12-02-2007,19.52,5.17,1.17,100.9184
Nifty 50,13-02-2007,19.45,5.15,1.18,100.1675
Nifty 50,14-02-2007,19.47,5.15,1.18,100.2705
Nifty 50,15-02-2007,19.94,5.28,1.15,105.2832
Nifty 50,19-02-2007,20.02,5.3,1.14,106.106
Nifty 50,20-02-2007,19.74,5.23,1.16,103.2402
Nifty 50,21-02-2007,19.69,5.22,1.16,102.7818
Nifty 50,22-02-2007,19.42,5.14,1.18,99.8188
Nifty 50,23-02-2007,18.94,5.02,1.21,95.0788
Nifty 50,26-02-2007,18.95,5.02,1.21,95.129
Nifty 50,27-02-2007,18.72,4.96,1.22,92.8512
Nifty 50,28-02-2007,18.01,4.77,1.27,85.9077
Nifty 50,01-03-2007,18.33,4.86,1.25,89.0838
Nifty 50,02-03-2007,17.92,4.75,1.28,85.12
Nifty 50,05-03-2007,17.2,4.56,1.33,78.432
Nifty 50,06-03-2007,17.58,4.66,1.3,81.9228
Nifty 50,07-03-2007,17.44,4.62,1.31,80.5728
Nifty 50,08-03-2007,18.09,4.79,1.27,86.6511
Nifty 50,09-03-2007,17.88,4.74,1.28,84.7512
Nifty 50,12-03-2007,17.96,4.76,1.28,85.4896
Nifty 50,13-03-2007,18.14,4.8,1.26,87.072
Nifty 50,14-03-2007,17.51,4.64,1.31,81.2464
Nifty 50,15-03-2007,17.53,4.64,1.31,81.3392
Nifty 50,16-03-2007,17.36,4.6,1.32,79.856
Nifty 50,19-03-2007,17.7,4.69,1.29,83.013
Nifty 50,20-03-2007,17.79,4.71,1.29,83.7909
Nifty 50,21-03-2007,18.11,4.8,1.26,86.928
Nifty 50,22-03-2007,18.65,4.94,1.23,92.131
Nifty 50,23-03-2007,18.58,4.92,1.23,91.4136
Nifty 50,26-03-2007,18.38,4.87,1.25,89.5106
Nifty 50,28-03-2007,18.1,4.79,1.27,86.699
Nifty 50,29-03-2007,18.29,4.84,1.25,88.5236
Nifty 50,30-03-2007,18.4,4.87,1.25,89.608
Nifty 50,02-04-2007,17.49,4.63,1.31,80.9787
Nifty 50,03-04-2007,17.77,4.71,1.29,83.6967
Nifty 50,04-04-2007,18.43,4.89,1.24,90.1227
Nifty 50,05-04-2007,18.54,4.91,1.23,91.0314
Nifty 50,09-04-2007,19,5.03,1.2,95.57
Nifty 50,10-04-2007,19.02,5.04,1.2,95.8608
Nifty 50,11-04-2007,19.09,5.03,1.22,96.0227
Nifty 50,12-04-2007,18.93,4.99,1.23,94.4607
Nifty 50,13-04-2007,19.28,5.1,1.2,98.328
Nifty 50,16-04-2007,19.75,5.23,1.17,103.2925
Nifty 50,17-04-2007,19.55,5.19,1.18,101.4645
Nifty 50,18-04-2007,19.66,5.22,1.17,102.6252
Nifty 50,19-04-2007,19.57,5.21,1.17,101.9597
Nifty 50,20-04-2007,19.88,5.32,1.15,105.7616
Nifty 50,23-04-2007,19.88,5.32,1.15,105.7616
Nifty 50,24-04-2007,20.13,5.4,1.13,108.702
Nifty 50,25-04-2007,20.24,5.43,1.13,109.9032
Nifty 50,26-04-2007,20.25,5.44,1.12,110.16
Nifty 50,27-04-2007,19.58,5.32,1.15,104.1656
Nifty 50,30-04-2007,19.48,5.33,1.15,103.8284
Nifty 50,03-05-2007,19.76,5.41,1.13,106.9016
Nifty 50,04-05-2007,19.59,5.36,1.14,105.0024
Nifty 50,07-05-2007,19.56,5.36,1.14,104.8416
Nifty 50,08-05-2007,19.39,5.31,1.15,102.9609
Nifty 50,09-05-2007,19.36,5.32,1.15,102.9952
Nifty 50,10-05-2007,19.31,5.3,1.15,102.343
Nifty 50,11-05-2007,19.35,5.31,1.15,102.7485
Nifty 50,14-05-2007,19.54,5.39,1.13,105.3206
Nifty 50,15-05-2007,19.46,5.36,1.15,104.3056
Nifty 50,16-05-2007,19.7,5.43,1.14,106.971
Nifty 50,17-05-2007,19.93,5.49,1.12,109.4157
Nifty 50,18-05-2007,19.78,5.48,1.12,108.3944
Nifty 50,21-05-2007,19.83,5.54,1.11,109.8582
Nifty 50,22-05-2007,19.91,5.57,1.11,110.8987
Nifty 50,23-05-2007,19.78,5.53,1.12,109.3834
Nifty 50,24-05-2007,19.59,5.47,1.13,107.1573
Nifty 50,25-05-2007,19.98,5.53,1.12,110.4894
Nifty 50,28-05-2007,20.02,5.54,1.11,110.9108
Nifty 50,29-05-2007,20.11,5.59,1.1,112.4149
Nifty 50,30-05-2007,20.17,5.53,1.11,111.5401
Nifty 50,31-05-2007,20.41,5.59,1.1,114.0919
Nifty 50,01-06-2007,20.41,5.59,1.1,114.0919
Nifty 50,04-06-2007,20.27,5.48,1.09,111.0796
Nifty 50,05-06-2007,20.35,5.5,1.08,111.925
Nifty 50,06-06-2007,19.94,5.39,1.1,107.4766
Nifty 50,07-06-2007,19.85,5.37,1.11,106.5945
Nifty 50,08-06-2007,19.69,5.32,1.12,104.7508
Nifty 50,11-06-2007,19.69,5.33,1.12,104.9477
Nifty 50,12-06-2007,19.74,5.34,1.11,105.4116
Nifty 50,13-06-2007,19.54,5.28,1.13,103.1712
Nifty 50,14-06-2007,19.81,5.36,1.11,106.1816
Nifty 50,15-06-2007,19.82,5.36,1.11,106.2352
Nifty 50,18-06-2007,19.7,5.33,1.12,105.001
Nifty 50,19-06-2007,20.02,5.41,1.1,108.3082
Nifty 50,20-06-2007,20.19,5.46,1.09,110.2374
Nifty 50,21-06-2007,20.28,5.48,1.09,111.1344
Nifty 50,22-06-2007,20.2,5.31,1.13,107.262
Nifty 50,25-06-2007,20.32,5.32,1.13,108.1024
Nifty 50,26-06-2007,20.44,5.36,1.12,109.5584
Nifty 50,27-06-2007,20.34,5.33,1.12,108.4122
Nifty 50,28-06-2007,20.42,5.35,1.12,109.247
Nifty 50,29-06-2007,20.6,5.4,1.11,111.24
Nifty 50,02-07-2007,20.62,5.39,1.11,111.1418
Nifty 50,03-07-2007,20.83,5.45,1.1,113.5235
Nifty 50,04-07-2007,20.84,5.45,1.1,113.578
Nifty 50,05-07-2007,20.81,5.44,1.1,113.2064
Nifty 50,06-07-2007,21.11,5.52,1.09,116.5272
Nifty 50,09-07-2007,21.27,5.56,1.08,118.2612
Nifty 50,10-07-2007,21.2,5.55,1.08,117.66
Nifty 50,11-07-2007,21.06,5.52,1.09,116.2512
Nifty 50,12-07-2007,21.35,5.6,1.07,119.56
Nifty 50,13-07-2007,21.63,5.67,1.06,122.6421
Nifty 50,16-07-2007,21.78,5.71,1.05,124.3638
Nifty 50,17-07-2007,21.65,5.69,1.05,123.1885
Nifty 50,18-07-2007,21.64,5.69,1.05,123.1316
Nifty 50,19-07-2007,21.86,5.77,1.04,126.1322
Nifty 50,20-07-2007,21.76,5.35,1.07,116.416
Nifty 50,23-07-2007,22,5.42,1.05,119.24
Nifty 50,24-07-2007,22.01,5.42,1.05,119.2942
Nifty 50,25-07-2007,21.71,5.38,1.06,116.7998
Nifty 50,26-07-2007,21.71,5.42,1.05,117.6682
Nifty 50,27-07-2007,20.87,5.21,1.09,108.7327
Nifty 50,30-07-2007,20.34,5.21,1.1,105.9714
Nifty 50,31-07-2007,20.49,5.31,1.07,108.8019
Nifty 50,01-08-2007,19.65,5.1,1.12,100.215
Nifty 50,02-08-2007,19.72,5.12,1.11,100.9664
Nifty 50,03-08-2007,19.93,5.17,1.1,103.0381
Nifty 50,06-08-2007,19.65,5.1,1.12,100.215
Nifty 50,07-08-2007,19.72,5.12,1.11,100.9664
Nifty 50,08-08-2007,20.2,5.24,1.09,105.848
Nifty 50,09-08-2007,19.94,5.17,1.1,103.0898
Nifty 50,10-08-2007,19.63,5.09,1.12,99.9167
Nifty 50,13-08-2007,19.81,5.14,1.11,101.8234
Nifty 50,14-08-2007,19.77,5.14,1.11,101.6178
Nifty 50,16-08-2007,18.9,4.92,1.16,92.988
Nifty 50,17-08-2007,18.58,4.83,1.18,89.7414
Nifty 50,20-08-2007,19.04,4.95,1.15,94.248
Nifty 50,21-08-2007,18.43,4.79,1.19,88.2797
Nifty 50,22-08-2007,18.79,4.73,1.18,88.8767
Nifty 50,23-08-2007,18.62,4.69,1.19,87.3278
Nifty 50,24-08-2007,18.96,4.77,1.17,90.4392
Nifty 50,27-08-2007,19.47,4.9,1.14,95.403
Nifty 50,28-08-2007,19.55,4.92,1.14,96.186
Nifty 50,29-08-2007,19.72,4.96,1.13,97.8112
Nifty 50,30-08-2007,19.96,5.02,1.11,100.1992
Nifty 50,31-08-2007,20.2,5.08,1.1,102.616
Nifty 50,03-09-2007,20.25,5.1,1.1,103.275
Nifty 50,04-09-2007,20.27,5.1,1.1,103.377
Nifty 50,05-09-2007,20.26,5.1,1.1,103.326
Nifty 50,06-09-2007,20.45,5.15,1.09,105.3175
Nifty 50,07-09-2007,20.41,5.14,1.09,104.9074
Nifty 50,10-09-2007,20.4,5.13,1.09,104.652
Nifty 50,11-09-2007,20.35,5.12,1.09,104.192
Nifty 50,12-09-2007,20.35,5.12,1.09,104.192
Nifty 50,13-09-2007,20.5,5.16,1.08,105.78
Nifty 50,14-09-2007,20.45,5.03,1.14,102.8635
Nifty 50,17-09-2007,20.34,5.01,1.15,101.9034
Nifty 50,18-09-2007,20.57,5.06,1.14,104.0842
Nifty 50,19-09-2007,21.42,5.27,1.09,112.8834
Nifty 50,20-09-2007,21.49,5.29,1.09,113.6821
Nifty 50,21-09-2007,21.89,5.39,1.07,117.9871
Nifty 50,24-09-2007,22.18,5.26,1.08,116.6668
Nifty 50,25-09-2007,22.21,5.27,1.08,117.0467
Nifty 50,26-09-2007,22.21,5.27,1.08,117.0467
Nifty 50,27-09-2007,22.49,5.33,1.07,119.8717
Nifty 50,28-09-2007,22.58,5.36,1.06,121.0288
Nifty 50,01-10-2007,22.79,5.41,1.05,123.2939
Nifty 50,03-10-2007,23.43,5.56,1.03,130.2708
Nifty 50,04-10-2007,23.42,5.56,1.03,130.2152
Nifty 50,05-10-2007,23.62,5.66,1.01,133.6892
Nifty 50,08-10-2007,23.16,5.55,1.03,128.538
Nifty 50,09-10-2007,24.26,5.82,0.99,141.1932
Nifty 50,10-10-2007,24.78,5.94,0.97,147.1932
Nifty 50,11-10-2007,25.13,6.03,0.95,151.5339
Nifty 50,12-10-2007,24.67,5.93,0.97,146.2931
Nifty 50,15-10-2007,25.77,6.19,0.93,159.5163
Nifty 50,16-10-2007,25.71,5.9,0.95,151.689
Nifty 50,17-10-2007,25.2,5.78,0.97,145.656
Nifty 50,18-10-2007,24.33,5.6,1.01,136.248
Nifty 50,19-10-2007,23.46,5.45,1.03,127.857
Nifty 50,22-10-2007,23.28,5.42,1.04,126.1776
Nifty 50,23-10-2007,24.53,5.72,0.98,140.3116
Nifty 50,24-10-2007,24.66,5.75,0.98,141.795
Nifty 50,25-10-2007,25.01,5.82,0.97,145.5582
Nifty 50,26-10-2007,25.57,5.96,0.94,152.3972
Nifty 50,29-10-2007,26.35,6.18,0.91,162.843
Nifty 50,30-10-2007,26.01,6.15,0.92,159.9615
Nifty 50,31-10-2007,25.74,6.18,0.91,159.0732
Nifty 50,01-11-2007,25.65,6.15,0.92,157.7475
Nifty 50,02-11-2007,25.94,6.21,0.91,161.0874
Nifty 50,05-11-2007,25.57,6.13,0.92,156.7441
Nifty 50,06-11-2007,25.31,6.06,0.93,153.3786
Nifty 50,07-11-2007,25.29,6.06,0.93,153.2574
Nifty 50,08-11-2007,24.92,5.97,0.94,148.7724
Nifty 50,09-11-2007,24.77,5.93,0.95,146.8861
Nifty 50,12-11-2007,24.57,5.89,0.96,144.7173
Nifty 50,13-11-2007,24.92,5.97,0.94,148.7724
Nifty 50,14-11-2007,25.98,6.22,0.9,161.5956
Nifty 50,15-11-2007,25.87,6.2,0.91,160.394
Nifty 50,16-11-2007,25.86,6.2,0.91,160.332
Nifty 50,19-11-2007,25.87,6.2,0.91,160.394
Nifty 50,20-11-2007,25.32,6.06,0.93,153.4392
Nifty 50,21-11-2007,24.35,5.83,0.97,141.9605
Nifty 50,22-11-2007,24.17,5.79,0.97,139.9443
Nifty 50,23-11-2007,24.53,5.88,0.96,144.2364
Nifty 50,26-11-2007,25.07,6.01,0.94,150.6707
Nifty 50,27-11-2007,24.92,5.98,0.94,149.0216
Nifty 50,28-11-2007,24.57,5.89,0.96,144.7173
Nifty 50,29-11-2007,24.65,5.91,0.95,145.6815
Nifty 50,30-11-2007,25.21,6.05,0.93,152.5205
Nifty 50,03-12-2007,25.66,6.15,0.91,157.809
Nifty 50,04-12-2007,25.63,6.15,0.92,157.6245
Nifty 50,05-12-2007,25.98,6.23,0.9,161.8554
Nifty 50,06-12-2007,26.05,6.25,0.9,162.8125
Nifty 50,07-12-2007,26.14,6.27,0.9,163.8978
Nifty 50,10-12-2007,26.08,6.26,0.9,163.2608
Nifty 50,11-12-2007,26.68,6.4,0.88,170.752
Nifty 50,12-12-2007,27.69,6.44,0.83,178.3236
Nifty 50,13-12-2007,27.23,6.33,0.85,172.3659
Nifty 50,14-12-2007,27.19,6.32,0.85,171.8408
Nifty 50,17-12-2007,25.97,6.01,0.89,156.0797
Nifty 50,18-12-2007,25.81,5.97,0.9,154.0857
Nifty 50,19-12-2007,25.85,5.98,0.89,154.583
Nifty 50,20-12-2007,25.92,6,0.89,155.52
Nifty 50,24-12-2007,26.91,6.23,0.86,167.6493
Nifty 50,26-12-2007,27.29,6.32,0.85,172.4728
Nifty 50,27-12-2007,27.36,6.33,0.85,173.1888
Nifty 50,28-12-2007,27.35,6.33,0.85,173.1255
Nifty 50,31-12-2007,27.62,6.39,0.84,176.4918
Nifty 50,01-01-2008,27.64,6.4,0.84,176.896
Nifty 50,02-01-2008,27.8,6.43,0.83,178.754
Nifty 50,03-01-2008,27.8,6.43,0.83,178.754
Nifty 50,04-01-2008,28.23,6.53,0.82,184.3419
Nifty 50,07-01-2008,28.25,6.54,0.82,184.755
Nifty 50,08-01-2008,28.29,6.55,0.82,185.2995
Nifty 50,09-01-2008,28.22,6.53,0.82,184.2766
Nifty 50,10-01-2008,27.7,6.41,0.83,177.557
Nifty 50,11-01-2008,27.86,6.46,0.83,179.9756
Nifty 50,14-01-2008,27.89,6.47,0.83,180.4483
Nifty 50,15-01-2008,27.3,6.33,0.85,172.809
Nifty 50,16-01-2008,26.67,6.18,0.87,164.8206
Nifty 50,17-01-2008,25.47,6.16,0.87,156.8952
Nifty 50,18-01-2008,24.49,5.94,0.9,145.4706
Nifty 50,21-01-2008,22.33,5.43,0.99,121.2519
Nifty 50,22-01-2008,20.96,5.1,1.05,106.896
Nifty 50,23-01-2008,22.26,5.42,0.99,120.6492
Nifty 50,24-01-2008,21.52,5.24,1.02,112.7648
Nifty 50,25-01-2008,22.88,5.61,0.95,128.3568
Nifty 50,28-01-2008,22.6,5.52,0.97,124.752
Nifty 50,29-01-2008,22.55,5.53,0.97,124.7015
Nifty 50,30-01-2008,22.02,5.41,0.99,119.1282
Nifty 50,31-01-2008,21.97,5.38,0.99,118.1986
Nifty 50,01-02-2008,22.68,5.57,0.96,126.3276
Nifty 50,04-02-2008,23.31,5.72,0.94,133.3332
Nifty 50,05-02-2008,23.4,5.74,0.93,134.316
Nifty 50,06-02-2008,22.71,5.58,0.96,126.7218
Nifty 50,07-02-2008,21.9,5.38,1,117.822
Nifty 50,08-02-2008,21.85,5.36,1,117.116
Nifty 50,11-02-2008,20.72,5.09,1.05,105.4648
Nifty 50,12-02-2008,20.64,5.07,1.06,104.6448
Nifty 50,13-02-2008,21.03,5.16,1.04,108.5148
Nifty 50,14-02-2008,22.19,5.45,0.98,120.9355
Nifty 50,15-02-2008,22.62,5.56,0.96,125.7672
Nifty 50,18-02-2008,22.51,5.53,0.97,124.4803
Nifty 50,19-02-2008,22.52,5.53,0.97,124.5356
Nifty 50,20-02-2008,21.98,5.4,0.99,118.692
Nifty 50,21-02-2008,22.14,5.44,0.98,120.4416
Nifty 50,22-02-2008,21.79,5.35,1,116.5765
Nifty 50,25-02-2008,22.17,5.45,0.98,120.8265
Nifty 50,26-02-2008,22.47,5.52,0.97,124.0344
Nifty 50,27-02-2008,22.46,5.52,0.97,123.9792
Nifty 50,28-02-2008,22.53,5.54,0.97,124.8162
Nifty 50,29-02-2008,22.27,5.47,0.98,121.8169
Nifty 50,03-03-2008,21.12,5.19,1.03,109.6128
Nifty 50,04-03-2008,20.74,5.1,1.05,105.774
Nifty 50,05-03-2008,20.98,5.16,1.04,108.2568
Nifty 50,07-03-2008,20.35,5,1.07,101.75
Nifty 50,10-03-2008,20.47,5.03,1.06,102.9641
Nifty 50,11-03-2008,20.75,5.1,1.05,105.825
Nifty 50,12-03-2008,20.78,5.11,1.05,106.1858
Nifty 50,13-03-2008,19.72,4.81,1.13,94.8532
Nifty 50,14-03-2008,20.68,5.1,1.06,105.468
Nifty 50,17-03-2008,19.62,4.84,1.12,94.9608
Nifty 50,18-03-2008,19.75,4.87,1.11,96.1825
Nifty 50,19-03-2008,19.93,4.91,1.1,97.8563
Nifty 50,24-03-2008,20.09,4.95,1.09,99.4455
Nifty 50,25-03-2008,21.25,5.24,1.03,111.35
Nifty 50,26-03-2008,21.05,5.19,1.04,109.2495
Nifty 50,27-03-2008,21.05,5.19,1.04,109.2495
Nifty 50,28-03-2008,21.54,5.31,1.02,114.3774
Nifty 50,31-03-2008,20.63,5.09,1.06,105.0067
Nifty 50,01-04-2008,20.66,5.09,1.06,105.1594
Nifty 50,02-04-2008,20.72,5.11,1.06,105.8792
Nifty 50,03-04-2008,20.8,5.13,1.05,106.704
Nifty 50,04-04-2008,20.25,4.99,1.08,101.0475
Nifty 50,07-04-2008,20.75,5.12,1.05,106.24
Nifty 50,08-04-2008,20.53,5.06,1.07,103.8818
Nifty 50,09-04-2008,20.69,5.1,1.06,105.519
Nifty 50,10-04-2008,20.63,5.09,1.06,105.0067
Nifty 50,11-04-2008,20.82,5.13,1.05,106.8066
Nifty 50,15-04-2008,21.26,5.24,1.03,111.4024
Nifty 50,16-04-2008,21.29,5.25,1.03,111.7725
Nifty 50,17-04-2008,21.6,5.33,1.01,115.128
Nifty 50,21-04-2008,21.92,5.41,1,118.5872
Nifty 50,22-04-2008,21.8,5.43,0.99,118.374
Nifty 50,23-04-2008,21.69,5.4,1,117.126
Nifty 50,24-04-2008,21.57,5.37,1,115.8309
Nifty 50,25-04-2008,21.96,5.49,0.98,120.5604
Nifty 50,28-04-2008,21.85,5.47,0.99,119.5195
Nifty 50,29-04-2008,22.31,5.58,0.97,124.4898
Nifty 50,30-04-2008,22.17,5.55,0.97,123.0435
Nifty 50,02-05-2008,22.42,5.62,0.96,126.0004
Nifty 50,05-05-2008,22.2,5.58,0.97,123.876
Nifty 50,06-05-2008,22.02,5.53,0.97,121.7706
Nifty 50,07-05-2008,21.98,5.52,0.98,121.3296
Nifty 50,08-05-2008,21.75,5.47,0.99,118.9725
Nifty 50,09-05-2008,21.32,5.36,1.01,114.2752
Nifty 50,12-05-2008,21.45,5.39,1,115.6155
Nifty 50,13-05-2008,21.21,5.33,1.01,113.0493
Nifty 50,14-05-2008,21.44,5.39,1,115.5616
Nifty 50,15-05-2008,21.84,5.5,0.98,120.12
Nifty 50,16-05-2008,21.94,5.55,0.97,121.767
Nifty 50,20-05-2008,21.72,5.49,0.98,119.2428
Nifty 50,21-05-2008,21.77,5.5,0.98,119.735
Nifty 50,22-05-2008,21.38,5.4,1,115.452
Nifty 50,23-05-2008,21.03,5.32,1.01,111.8796
Nifty 50,26-05-2008,20.73,5.01,1.09,103.8573
Nifty 50,27-05-2008,20.67,5,1.09,103.35
Nifty 50,28-05-2008,20.92,5.06,1.08,105.8552
Nifty 50,29-05-2008,20.59,4.97,1.1,102.3323
Nifty 50,30-05-2008,20.74,5.01,1.09,103.9074
Nifty 50,02-06-2008,20.17,4.87,1.12,98.2279
Nifty 50,03-06-2008,20.07,4.85,1.12,97.3395
Nifty 50,04-06-2008,19.52,4.71,1.15,91.9392
Nifty 50,05-06-2008,19.91,4.81,1.13,95.7671
Nifty 50,06-06-2008,19.7,4.76,1.14,93.772
Nifty 50,09-06-2008,19.16,4.63,1.18,88.7108
Nifty 50,10-06-2008,18.94,4.4,1.22,83.336
Nifty 50,11-06-2008,19.25,4.48,1.2,86.24
Nifty 50,12-06-2008,19.32,4.49,1.2,86.7468
Nifty 50,13-06-2008,19.23,4.47,1.2,85.9581
Nifty 50,16-06-2008,19.46,4.53,1.19,88.1538
Nifty 50,17-06-2008,19.89,4.6,1.17,91.494
Nifty 50,18-06-2008,19.6,4.53,1.19,88.788
Nifty 50,19-06-2008,19.26,4.46,1.21,85.8996
Nifty 50,20-06-2008,18.59,4.3,1.25,79.937
Nifty 50,23-06-2008,18.25,4.22,1.27,77.015
Nifty 50,24-06-2008,17.91,4.15,1.3,74.3265
Nifty 50,25-06-2008,18.18,4.21,1.28,76.5378
Nifty 50,26-06-2008,18.45,4.27,1.26,78.7815
Nifty 50,27-06-2008,17.67,4.09,1.31,72.2703
Nifty 50,30-06-2008,17.28,4,1.35,69.12
Nifty 50,01-07-2008,16.66,3.86,1.4,64.3076
Nifty 50,02-07-2008,17.5,4.05,1.33,70.875
Nifty 50,03-07-2008,16.79,3.89,1.39,65.3131
Nifty 50,04-07-2008,17.22,3.8,1.37,65.436
Nifty 50,07-07-2008,17.28,3.82,1.37,66.0096
Nifty 50,08-07-2008,17.11,3.78,1.38,64.6758
Nifty 50,09-07-2008,17.83,3.94,1.32,70.2502
Nifty 50,10-07-2008,17.85,3.94,1.32,70.329
Nifty 50,11-07-2008,17.34,3.83,1.36,66.4122
Nifty 50,14-07-2008,17.3,3.82,1.36,66.086
Nifty 50,15-07-2008,16.53,3.66,1.42,60.4998
Nifty 50,16-07-2008,16.33,3.61,1.44,58.9513
Nifty 50,17-07-2008,16.87,3.74,1.39,63.0938
Nifty 50,18-07-2008,17.49,3.87,1.34,67.6863
Nifty 50,21-07-2008,17.72,3.94,1.32,69.8168
Nifty 50,22-07-2008,18.06,4.01,1.3,72.4206
Nifty 50,23-07-2008,19.06,4.12,1.24,78.5272
Nifty 50,24-07-2008,18.79,4.08,1.25,76.6632
Nifty 50,25-07-2008,18.19,3.97,1.28,72.2143
Nifty 50,28-07-2008,18.2,3.99,1.28,72.618
Nifty 50,29-07-2008,17.49,3.85,1.32,67.3365
Nifty 50,30-07-2008,18.08,3.97,1.28,71.7776
Nifty 50,31-07-2008,18.22,3.99,1.28,72.6978
Nifty 50,01-08-2008,18.56,4.06,1.25,75.3536
Nifty 50,04-08-2008,18.54,4.04,1.26,74.9016
Nifty 50,05-08-2008,18.99,4.14,1.23,78.6186
Nifty 50,06-08-2008,19.05,4.16,1.23,79.248
Nifty 50,07-08-2008,19.08,4.16,1.22,79.3728
Nifty 50,08-08-2008,19.1,4.17,1.22,79.647
Nifty 50,11-08-2008,19.49,4.25,1.2,82.8325
Nifty 50,12-08-2008,19.2,4.19,1.22,80.448
Nifty 50,13-08-2008,19.1,4.17,1.22,79.647
Nifty 50,14-08-2008,18.69,4.08,1.25,76.2552
Nifty 50,18-08-2008,18.53,4.04,1.26,74.8612
Nifty 50,19-08-2008,18.43,4.02,1.27,74.0886
Nifty 50,20-08-2008,18.63,4.06,1.25,75.6378
Nifty 50,21-08-2008,18.07,3.94,1.29,71.1958
Nifty 50,22-08-2008,18.25,3.8,1.3,69.35
Nifty 50,25-08-2008,18.29,3.8,1.3,69.502
Nifty 50,26-08-2008,18.3,3.8,1.3,69.54
Nifty 50,27-08-2008,18.1,3.77,1.31,68.237
Nifty 50,28-08-2008,17.81,3.7,1.33,65.897
Nifty 50,29-08-2008,18.43,3.83,1.29,70.5869
Nifty 50,01-09-2008,18.38,3.82,1.29,70.2116
Nifty 50,02-09-2008,19.03,3.96,1.24,75.3588
Nifty 50,04-09-2008,18.8,3.91,1.26,73.508
Nifty 50,05-09-2008,18.39,3.83,1.29,70.4337
Nifty 50,08-09-2008,18.94,3.94,1.25,74.6236
Nifty 50,09-09-2008,18.9,3.93,1.25,74.277
Nifty 50,10-09-2008,18.88,3.94,1.26,74.3872
Nifty 50,11-09-2008,18.41,3.84,1.29,70.6944
Nifty 50,12-09-2008,18.14,3.79,1.31,68.7506
Nifty 50,15-09-2008,17.5,3.65,1.36,63.875
Nifty 50,16-09-2008,17.51,3.66,1.35,64.0866
Nifty 50,17-09-2008,17.22,3.6,1.38,61.992
Nifty 50,18-09-2008,17.35,3.36,1.41,58.296
Nifty 50,19-09-2008,18.24,3.53,1.34,64.3872
Nifty 50,22-09-2008,18.15,3.52,1.35,63.888
Nifty 50,23-09-2008,17.73,3.44,1.38,60.9912
Nifty 50,24-09-2008,17.88,3.46,1.37,61.8648
Nifty 50,25-09-2008,17.66,3.42,1.38,60.3972
Nifty 50,26-09-2008,17.12,3.32,1.43,56.8384
Nifty 50,29-09-2008,16.54,3.21,1.48,53.0934
Nifty 50,30-09-2008,16.85,3.26,1.45,54.931
Nifty 50,01-10-2008,16.98,3.29,1.44,55.8642
Nifty 50,03-10-2008,16.41,3.18,1.49,52.1838
Nifty 50,06-10-2008,15.48,3,1.58,46.44
Nifty 50,07-10-2008,15.5,3,1.58,46.5
Nifty 50,08-10-2008,15.1,2.93,1.62,44.243
Nifty 50,10-10-2008,14.07,2.73,1.73,38.4111
Nifty 50,13-10-2008,14.97,2.91,1.63,43.5627
Nifty 50,14-10-2008,15.09,2.93,1.62,44.2137
Nifty 50,15-10-2008,14.31,2.78,1.7,39.7818
Nifty 50,16-10-2008,14.01,2.72,1.74,38.1072
Nifty 50,17-10-2008,13.15,2.56,1.85,33.664
Nifty 50,20-10-2008,13.47,2.62,1.81,35.2914
Nifty 50,21-10-2008,13.92,2.72,1.74,37.8624
Nifty 50,22-10-2008,13.18,2.57,1.84,33.8726
Nifty 50,23-10-2008,12.66,2.47,1.92,31.2702
Nifty 50,24-10-2008,10.99,2.17,2.18,23.8483
Nifty 50,27-10-2008,10.68,2.12,2.24,22.6416
Nifty 50,28-10-2008,11.36,2.25,2.1,25.56
Nifty 50,29-10-2008,11.42,2.26,2.09,25.8092
Nifty 50,31-10-2008,12.57,2.42,1.96,30.4194
Nifty 50,03-11-2008,13.33,2.56,1.85,34.1248
Nifty 50,04-11-2008,13.76,2.64,1.8,36.3264
Nifty 50,05-11-2008,13.11,2.51,1.88,32.9061
Nifty 50,06-11-2008,12.66,2.43,1.95,30.7638
Nifty 50,07-11-2008,13.02,2.5,1.9,32.55
Nifty 50,10-11-2008,13.78,2.64,1.79,36.3792
Nifty 50,11-11-2008,12.87,2.47,1.92,31.7889
Nifty 50,12-11-2008,12.48,2.39,1.98,29.8272
Nifty 50,14-11-2008,12.31,2.36,2.01,29.0516
Nifty 50,17-11-2008,12.26,2.35,2.01,28.811
Nifty 50,18-11-2008,11.75,2.25,2.11,26.4375
Nifty 50,19-11-2008,11.54,2.21,2.14,25.5034
Nifty 50,20-11-2008,11.18,2.15,2.21,24.037
Nifty 50,21-11-2008,11.8,2.26,2.1,26.668
Nifty 50,24-11-2008,11.86,2.28,2.09,27.0408
Nifty 50,25-11-2008,11.63,2.23,2.13,25.9349
Nifty 50,26-11-2008,12.06,2.31,2.05,27.8586
Nifty 50,28-11-2008,12.08,2.32,2.05,28.0256
Nifty 50,01-12-2008,11.76,2.25,2.11,26.46
Nifty 50,02-12-2008,11.65,2.23,2.13,25.9795
Nifty 50,03-12-2008,11.64,2.23,2.13,25.9572
Nifty 50,04-12-2008,12.22,2.34,2.03,28.5948
Nifty 50,05-12-2008,11.9,2.24,2.08,26.656
Nifty 50,08-12-2008,12.2,2.3,2.03,28.06
Nifty 50,10-12-2008,12.84,2.42,1.93,31.0728
Nifty 50,11-12-2008,12.8,2.41,1.94,30.848
Nifty 50,12-12-2008,12.81,2.41,1.93,30.8721
Nifty 50,15-12-2008,13.07,2.46,1.9,32.1522
Nifty 50,16-12-2008,13.33,2.51,1.86,33.4583
Nifty 50,17-12-2008,12.95,2.44,1.91,31.598
Nifty 50,18-12-2008,13.42,2.53,1.85,33.9526
Nifty 50,19-12-2008,13.49,2.54,1.84,34.2646
Nifty 50,22-12-2008,13.32,2.51,1.86,33.4332
Nifty 50,23-12-2008,13.01,2.45,1.9,31.8745
Nifty 50,24-12-2008,12.79,2.41,1.94,30.8239
Nifty 50,26-12-2008,12.52,2.36,1.98,29.5472
Nifty 50,29-12-2008,12.81,2.41,1.93,30.8721
Nifty 50,30-12-2008,13.06,2.46,1.9,32.1276
Nifty 50,31-12-2008,12.97,2.44,1.91,31.6468
Nifty 50,01-01-2009,13.3,2.5,1.86,33.25
Nifty 50,02-01-2009,13.36,2.51,1.85,33.5336
Nifty 50,05-01-2009,13.68,2.58,1.81,35.2944
Nifty 50,06-01-2009,13.64,2.57,1.82,35.0548
Nifty 50,07-01-2009,12.8,2.41,1.93,30.848
Nifty 50,09-01-2009,12.59,2.37,1.97,29.8383
Nifty 50,12-01-2009,12.32,2.31,2.02,28.4592
Nifty 50,13-01-2009,12.16,2.28,2.04,27.7248
Nifty 50,14-01-2009,12.56,2.36,1.98,29.6416
Nifty 50,15-01-2009,12.1,2.28,2.05,27.588
Nifty 50,16-01-2009,12.51,2.35,1.98,29.3985
Nifty 50,19-01-2009,12.58,2.37,1.97,29.8146
Nifty 50,20-01-2009,12.36,2.33,2,28.7988
Nifty 50,21-01-2009,11.97,2.25,2.07,26.9325
Nifty 50,22-01-2009,11.96,2.26,2.06,27.0296
Nifty 50,23-01-2009,12.27,2.23,2.09,27.3621
Nifty 50,27-01-2009,12.67,2.3,2.02,29.141
Nifty 50,28-01-2009,13.1,2.37,1.97,31.047
Nifty 50,29-01-2009,13.17,2.35,1.98,30.9495
Nifty 50,30-01-2009,13.4,2.39,1.95,32.026
Nifty 50,02-02-2009,13.12,2.3,2.02,30.176
Nifty 50,03-02-2009,13.2,2.31,2.01,30.492
Nifty 50,04-02-2009,13.29,2.33,2,30.9657
Nifty 50,05-02-2009,13.19,2.31,2.02,30.4689
Nifty 50,06-02-2009,13.49,2.36,1.97,31.8364
Nifty 50,09-02-2009,13.86,2.43,1.92,33.6798
Nifty 50,10-02-2009,13.93,2.44,1.91,33.9892
Nifty 50,11-02-2009,13.89,2.43,1.91,33.7527
Nifty 50,12-02-2009,13.73,2.41,1.94,33.0893
Nifty 50,13-02-2009,14,2.45,1.9,34.3
Nifty 50,16-02-2009,13.52,2.36,1.97,31.9072
Nifty 50,17-02-2009,13.15,2.3,2.02,30.245
Nifty 50,18-02-2009,13.18,2.3,2.02,30.314
Nifty 50,19-02-2009,13.24,2.31,2.01,30.5844
Nifty 50,20-02-2009,12.99,2.27,2.05,29.4873
Nifty 50,24-02-2009,12.98,2.27,2.05,29.4646
Nifty 50,25-02-2009,13.11,2.29,2.03,30.0219
Nifty 50,26-02-2009,13.22,2.31,2.01,30.5382
Nifty 50,27-02-2009,13.12,2.29,2.03,30.0448
Nifty 50,02-03-2009,12.7,2.22,2.09,28.194
Nifty 50,03-03-2009,12.45,2.18,2.14,27.141
Nifty 50,04-03-2009,12.56,2.19,2.12,27.5064
Nifty 50,05-03-2009,12.23,2.14,2.17,26.1722
Nifty 50,06-03-2009,12.44,2.17,2.14,26.9948
Nifty 50,09-03-2009,12.21,2.14,2.18,26.1294
Nifty 50,12-03-2009,12.42,2.17,2.14,26.9514
Nifty 50,13-03-2009,12.91,2.26,2.06,29.1766
Nifty 50,16-03-2009,13.18,2.3,2.02,30.314
Nifty 50,17-03-2009,13.09,2.29,2.03,29.9761
Nifty 50,18-03-2009,13.27,2.32,2,30.7864
Nifty 50,19-03-2009,13.33,2.33,2,31.0589
Nifty 50,20-03-2009,13.33,2.33,2,31.0589
Nifty 50,23-03-2009,13.96,2.44,1.9,34.0624
Nifty 50,24-03-2009,13.96,2.44,1.91,34.0624
Nifty 50,25-03-2009,14.17,2.48,1.88,35.1416
Nifty 50,26-03-2009,14.64,2.56,1.82,37.4784
Nifty 50,27-03-2009,14.7,2.57,1.8,37.779
Nifty 50,30-03-2009,14.08,2.46,1.88,34.6368
Nifty 50,31-03-2009,14.29,2.5,1.85,35.725
Nifty 50,01-04-2009,14.49,2.53,1.83,36.6597
Nifty 50,02-04-2009,15.2,2.66,1.74,40.432
Nifty 50,06-04-2009,15.42,2.69,1.72,41.4798
Nifty 50,08-04-2009,15.82,2.77,1.67,43.8214
Nifty 50,09-04-2009,15.82,2.77,1.67,43.8214
Nifty 50,13-04-2009,16.01,2.8,1.65,44.828
Nifty 50,15-04-2009,16.45,2.88,1.61,47.376
Nifty 50,16-04-2009,15.9,2.79,1.66,44.361
Nifty 50,17-04-2009,15.97,2.8,1.65,44.716
Nifty 50,20-04-2009,15.94,2.79,1.66,44.4726
Nifty 50,21-04-2009,15.86,2.78,1.65,44.0908
Nifty 50,22-04-2009,15.69,2.75,1.67,43.1475
Nifty 50,23-04-2009,16.12,2.82,1.63,45.4584
Nifty 50,24-04-2009,16.43,2.87,1.6,47.1541
Nifty 50,27-04-2009,16.53,2.87,1.6,47.4411
Nifty 50,28-04-2009,16.02,2.78,1.65,44.5356
Nifty 50,29-04-2009,16.53,2.87,1.6,47.4411
Nifty 50,04-05-2009,17.37,3.02,1.52,52.4574
Nifty 50,05-05-2009,17.4,3.02,1.52,52.548
Nifty 50,06-05-2009,17.23,2.99,1.53,51.5177
Nifty 50,07-05-2009,17.51,3.04,1.51,53.2304
Nifty 50,08-05-2009,17.21,2.99,1.54,51.4579
Nifty 50,11-05-2009,16.78,2.93,1.56,49.1654
Nifty 50,12-05-2009,17.38,3.04,1.51,52.8352
Nifty 50,13-05-2009,17.17,3,1.53,51.51
Nifty 50,14-05-2009,16.97,2.97,1.55,50.4009
Nifty 50,15-05-2009,17.34,3.03,1.51,52.5402
Nifty 50,18-05-2009,20.41,3.57,1.29,72.8637
Nifty 50,19-05-2009,20.39,3.57,1.29,72.7923
Nifty 50,20-05-2009,20.18,3.53,1.3,71.2354
Nifty 50,21-05-2009,19.85,3.48,1.32,69.078
Nifty 50,22-05-2009,19.87,3.5,1.31,69.545
Nifty 50,25-05-2009,19.85,3.5,1.31,69.475
Nifty 50,26-05-2009,19.29,3.36,1.34,64.8144
Nifty 50,27-05-2009,20,3.49,1.29,69.8
Nifty 50,28-05-2009,20.32,3.54,1.27,71.9328
Nifty 50,29-05-2009,20.82,3.63,1.24,75.5766
Nifty 50,01-06-2009,20.62,3.69,1.21,76.0878
Nifty 50,02-06-2009,20.6,3.69,1.22,76.014
Nifty 50,03-06-2009,20.62,3.69,1.21,76.0878
Nifty 50,04-06-2009,20.87,3.73,1.2,77.8451
Nifty 50,05-06-2009,20.93,3.74,1.2,78.2782
Nifty 50,08-06-2009,20.21,3.61,1.24,72.9581
Nifty 50,09-06-2009,20.77,3.71,1.21,77.0567
Nifty 50,10-06-2009,21.24,3.8,1.18,80.712
Nifty 50,11-06-2009,21.16,3.78,1.19,79.9848
Nifty 50,12-06-2009,20.91,3.72,1.19,77.7852
Nifty 50,15-06-2009,20.47,3.64,1.22,74.5108
Nifty 50,16-06-2009,20.63,3.67,1.21,75.7121
Nifty 50,17-06-2009,19.5,3.56,1.26,69.42
Nifty 50,18-06-2009,19.03,3.47,1.29,66.0341
Nifty 50,19-06-2009,19.31,3.52,1.27,67.9712
Nifty 50,22-06-2009,18.96,3.46,1.3,65.6016
Nifty 50,23-06-2009,19.01,3.47,1.29,65.9647
Nifty 50,24-06-2009,19.22,3.51,1.28,67.4622
Nifty 50,25-06-2009,19.07,3.46,1.3,65.9822
Nifty 50,26-06-2009,20.08,3.63,1.14,72.8904
Nifty 50,29-06-2009,20.25,3.64,1.13,73.71
Nifty 50,30-06-2009,19.97,3.56,1.16,71.0932
Nifty 50,01-07-2009,20.2,3.6,1.15,72.72
Nifty 50,02-07-2009,20.23,3.61,1.15,73.0303
Nifty 50,03-07-2009,20.58,3.67,1.13,75.5286
Nifty 50,06-07-2009,19.38,3.37,1.22,65.3106
Nifty 50,07-07-2009,19.55,3.4,1.21,66.47
Nifty 50,08-07-2009,18.98,3.3,1.25,62.634
Nifty 50,09-07-2009,18.99,3.3,1.25,62.667
Nifty 50,10-07-2009,18.58,3.24,1.27,60.1992
Nifty 50,13-07-2009,18.42,3.22,1.28,59.3124
Nifty 50,14-07-2009,19.02,3.33,1.23,63.3366
Nifty 50,15-07-2009,19.58,3.4,1.21,66.572
Nifty 50,16-07-2009,19.21,3.4,1.21,65.314
Nifty 50,17-07-2009,19.87,3.52,1.17,69.9424
Nifty 50,20-07-2009,20.44,3.62,1.14,73.9928
Nifty 50,21-07-2009,20.29,3.59,1.15,72.8411
Nifty 50,22-07-2009,19.89,3.54,1.17,70.4106
Nifty 50,23-07-2009,20.27,3.64,1.13,73.7828
Nifty 50,24-07-2009,20.6,3.67,1.12,75.602
Nifty 50,27-07-2009,20.59,3.68,1.12,75.7712
Nifty 50,28-07-2009,20.3,3.67,1.12,74.501
Nifty 50,29-07-2009,20.08,3.63,1.14,72.8904
Nifty 50,30-07-2009,20.31,3.68,1.12,74.7408
Nifty 50,31-07-2009,20.68,3.73,1.11,77.1364
Nifty 50,03-08-2009,21.09,3.79,1.09,79.9311
Nifty 50,04-08-2009,20.99,3.77,1.09,79.1323
Nifty 50,05-08-2009,21.05,3.78,1.09,79.569
Nifty 50,06-08-2009,20.56,3.69,1.12,75.8664
Nifty 50,07-08-2009,20.1,3.61,1.14,72.561
Nifty 50,10-08-2009,19.9,3.57,1.15,71.043
Nifty 50,11-08-2009,20.06,3.6,1.15,72.216
Nifty 50,12-08-2009,19.99,3.59,1.15,71.7641
Nifty 50,13-08-2009,20.66,3.71,1.11,76.6486
Nifty 50,14-08-2009,20.54,3.58,1.12,73.5332
Nifty 50,17-08-2009,19.68,3.43,1.17,67.5024
Nifty 50,18-08-2009,20,3.49,1.15,69.8
Nifty 50,19-08-2009,19.71,3.44,1.16,67.8024
Nifty 50,20-08-2009,19.98,3.48,1.15,69.5304
Nifty 50,21-08-2009,20.31,3.54,1.13,71.8974
Nifty 50,24-08-2009,20.82,3.63,1.1,75.5766
Nifty 50,25-08-2009,20.88,3.64,1.1,76.0032
Nifty 50,26-08-2009,20.97,3.66,1.09,76.7502
Nifty 50,27-08-2009,21.01,3.67,1.09,77.1067
Nifty 50,28-08-2009,21.26,3.71,1.08,78.8746
Nifty 50,31-08-2009,20.94,3.66,1.09,76.6404
Nifty 50,01-09-2009,20.78,3.63,1.1,75.4314
Nifty 50,02-09-2009,20.7,3.61,1.11,74.727
Nifty 50,03-09-2009,20.63,3.6,1.11,74.268
Nifty 50,04-09-2009,21.02,3.67,1.09,77.1434
Nifty 50,07-09-2009,21.49,3.75,1.07,80.5875
Nifty 50,08-09-2009,21.59,3.77,1.06,81.3943
Nifty 50,09-09-2009,21.63,3.78,1.06,81.7614
Nifty 50,10-09-2009,21.66,3.78,1.06,81.8748
Nifty 50,11-09-2009,21.7,3.79,1.06,82.243
Nifty 50,14-09-2009,21.66,3.78,1.06,81.8748
Nifty 50,15-09-2009,22.03,3.85,1.04,84.8155
Nifty 50,16-09-2009,22.33,3.9,1.03,87.087
Nifty 50,17-09-2009,22.36,3.9,1.02,87.204
Nifty 50,18-09-2009,22.41,3.91,1.02,87.6231
Nifty 50,22-09-2009,22.61,3.95,1.01,89.3095
Nifty 50,23-09-2009,22.38,3.68,1.02,82.3584
Nifty 50,24-09-2009,22.46,3.69,1.02,82.8774
Nifty 50,25-09-2009,22.33,3.67,1.02,81.9511
Nifty 50,29-09-2009,22.55,3.7,1.01,83.435
Nifty 50,30-09-2009,22.9,3.76,1,86.104
Nifty 50,01-10-2009,22.89,3.76,1,86.0664
Nifty 50,05-10-2009,22.53,3.7,1.01,83.361
Nifty 50,06-10-2009,22.67,3.72,1.01,84.3324
Nifty 50,07-10-2009,22.48,3.69,1.02,82.9512
Nifty 50,08-10-2009,22.58,3.71,1.01,83.7718
Nifty 50,09-10-2009,22.31,3.67,1.02,81.8777
Nifty 50,12-10-2009,22.8,3.75,1,85.5
Nifty 50,14-10-2009,22.97,3.79,0.99,87.0563
Nifty 50,15-10-2009,22.93,3.79,0.99,86.9047
Nifty 50,16-10-2009,23.08,3.81,0.98,87.9348
Nifty 50,17-10-2009,23.08,3.81,0.98,87.9348
Nifty 50,20-10-2009,22.94,3.79,0.99,86.9426
Nifty 50,21-10-2009,22.71,3.75,1,85.1625
Nifty 50,22-10-2009,22.44,3.73,1,83.7012
Nifty 50,23-10-2009,22.19,3.74,1,82.9906
Nifty 50,26-10-2009,21.96,3.72,1.01,81.6912
Nifty 50,27-10-2009,21.42,3.63,1.03,77.7546
Nifty 50,28-10-2009,21.33,3.61,1.04,77.0013
Nifty 50,29-10-2009,21,3.56,1.05,74.76
Nifty 50,30-10-2009,20.45,3.53,1.06,72.1885
Nifty 50,03-11-2009,19.81,3.42,1.1,67.7502
Nifty 50,04-11-2009,20.45,3.53,1.06,72.1885
Nifty 50,05-11-2009,20.68,3.57,1.05,73.8276
Nifty 50,06-11-2009,21.05,3.59,1.04,75.5695
Nifty 50,09-11-2009,21.5,3.67,1.02,78.905
Nifty 50,10-11-2009,21.43,3.65,1.02,78.2195
Nifty 50,11-11-2009,22.24,3.78,0.98,84.0672
Nifty 50,12-11-2009,22.02,3.5,1,77.07
Nifty 50,13-11-2009,22.22,3.54,0.99,78.6588
Nifty 50,16-11-2009,22.48,3.58,0.98,80.4784
Nifty 50,17-11-2009,22.5,3.58,0.98,80.55
Nifty 50,18-11-2009,22.47,3.58,0.98,80.4426
Nifty 50,19-11-2009,22.18,3.53,0.99,78.2954
Nifty 50,20-11-2009,22.46,3.58,0.98,80.4068
Nifty 50,23-11-2009,22.69,3.61,0.97,81.9109
Nifty 50,24-11-2009,22.63,3.6,0.97,81.468
Nifty 50,25-11-2009,22.71,3.61,0.97,81.9831
Nifty 50,26-11-2009,22.25,3.54,0.99,78.765
Nifty 50,27-11-2009,21.97,3.5,1,76.895
Nifty 50,30-11-2009,22.37,3.56,0.98,79.6372
Nifty 50,01-12-2009,22.77,3.62,0.97,82.4274
Nifty 50,02-12-2009,22.77,3.63,0.97,82.6551
Nifty 50,03-12-2009,22.81,3.63,0.96,82.8003
Nifty 50,04-12-2009,22.71,3.62,0.97,82.2102
Nifty 50,07-12-2009,22.52,3.59,0.98,80.8468
Nifty 50,08-12-2009,22.92,3.65,0.96,83.658
Nifty 50,09-12-2009,22.76,3.62,0.97,82.3912
Nifty 50,10-12-2009,22.86,3.64,0.96,83.2104
Nifty 50,11-12-2009,22.79,3.63,0.96,82.7277
Nifty 50,14-12-2009,22.74,3.62,0.97,82.3188
Nifty 50,15-12-2009,22.41,3.57,0.98,80.0037
Nifty 50,16-12-2009,22.45,3.57,0.98,80.1465
Nifty 50,17-12-2009,22.45,3.57,0.98,80.1465
Nifty 50,18-12-2009,22.21,3.5,0.99,77.735
Nifty 50,21-12-2009,22.05,3.48,0.99,76.734
Nifty 50,22-12-2009,22.2,3.5,0.99,77.7
Nifty 50,23-12-2009,22.91,3.61,0.96,82.7051
Nifty 50,24-12-2009,23.07,3.64,0.95,83.9748
Nifty 50,29-12-2009,23.11,3.64,0.95,84.1204
Nifty 50,30-12-2009,23.03,3.63,0.95,83.5989
Nifty 50,31-12-2009,23.17,3.65,0.95,84.5705
Nifty 50,04-01-2010,23.31,3.67,0.94,85.5477
Nifty 50,05-01-2010,23.57,3.71,0.93,87.4447
Nifty 50,06-01-2010,23.59,3.72,0.93,87.7548
Nifty 50,07-01-2010,23.51,3.7,0.93,86.987
Nifty 50,08-01-2010,23.43,3.69,0.94,86.4567
Nifty 50,11-01-2010,23.45,3.7,0.94,86.765
Nifty 50,12-01-2010,23.28,3.67,0.94,85.4376
Nifty 50,13-01-2010,23.38,3.68,0.94,86.0384
Nifty 50,14-01-2010,23.5,3.7,0.93,86.95
Nifty 50,15-01-2010,23.46,3.69,0.94,86.5674
Nifty 50,18-01-2010,23.57,3.71,0.93,87.4447
Nifty 50,19-01-2010,23.35,3.68,0.94,85.928
Nifty 50,20-01-2010,23.06,3.67,0.94,84.6302
Nifty 50,21-01-2010,22.5,3.58,0.97,80.55
Nifty 50,22-01-2010,22.24,3.54,0.98,78.7296
Nifty 50,25-01-2010,21.7,3.52,0.98,76.384
Nifty 50,27-01-2010,21.03,3.41,1.01,71.7123
Nifty 50,28-01-2010,21.09,3.42,1.01,72.1278
Nifty 50,29-01-2010,21,3.43,1.01,72.03
Nifty 50,01-02-2010,21.07,3.45,1,72.6915
Nifty 50,02-02-2010,20.77,3.4,1.02,70.618
Nifty 50,03-02-2010,21.21,3.47,1,73.5987
Nifty 50,04-02-2010,20.84,3.41,1.02,71.0644
Nifty 50,05-02-2010,20.18,3.32,1.05,66.9976
Nifty 50,06-02-2010,20.35,3.35,1.04,68.1725
Nifty 50,08-02-2010,20.36,3.35,1.04,68.206
Nifty 50,09-02-2010,20.5,3.37,1.03,69.085
Nifty 50,10-02-2010,20.35,3.35,1.04,68.1725
Nifty 50,11-02-2010,20.65,3.4,1.02,70.21
Nifty 50,15-02-2010,20.54,3.38,1.03,69.4252
Nifty 50,16-02-2010,20.77,3.42,1.02,71.0334
Nifty 50,17-02-2010,21.02,3.46,1,72.7292
Nifty 50,18-02-2010,20.91,3.44,1.01,71.9304
Nifty 50,19-02-2010,20.72,3.41,1.02,70.6552
Nifty 50,22-02-2010,20.77,3.42,1.02,71.0334
Nifty 50,23-02-2010,20.83,3.43,1.01,71.4469
Nifty 50,24-02-2010,20.78,3.42,1.02,71.0676
Nifty 50,25-02-2010,20.79,3.42,1.02,71.1018
Nifty 50,26-02-2010,20.92,3.46,1,72.3832
Nifty 50,02-03-2010,21.33,3.53,0.98,75.2949
Nifty 50,03-03-2010,21.63,3.58,0.97,77.4354
Nifty 50,04-03-2010,21.59,3.57,0.97,77.0763
Nifty 50,05-03-2010,21.63,3.58,0.97,77.4354
Nifty 50,08-03-2010,21.8,3.61,0.96,78.698
Nifty 50,09-03-2010,21.7,3.59,0.97,77.903
Nifty 50,10-03-2010,21.77,3.6,0.96,78.372
Nifty 50,11-03-2010,21.84,3.61,0.96,78.8424
Nifty 50,12-03-2010,21.86,3.62,0.96,79.1332
Nifty 50,15-03-2010,21.82,3.61,0.96,78.7702
Nifty 50,16-03-2010,22.12,3.66,0.95,80.9592
Nifty 50,17-03-2010,22.26,3.68,0.94,81.9168
Nifty 50,18-03-2010,22.32,3.69,0.94,82.3608
Nifty 50,19-03-2010,22.39,3.71,0.94,83.0669
Nifty 50,22-03-2010,22.15,3.66,0.95,81.069
Nifty 50,23-03-2010,22.23,3.68,0.94,81.8064
Nifty 50,25-03-2010,22.38,3.7,0.94,82.806
Nifty 50,26-03-2010,22.47,3.72,0.93,83.5884
Nifty 50,29-03-2010,22.56,3.73,0.93,84.1488
Nifty 50,30-03-2010,22.39,3.71,0.94,83.0669
Nifty 50,31-03-2010,22.33,3.7,0.94,82.621
Nifty 50,01-04-2010,22.52,3.73,0.93,83.9996
Nifty 50,05-04-2010,22.85,3.78,0.92,86.373
Nifty 50,06-04-2010,22.84,3.78,0.92,86.3352
Nifty 50,07-04-2010,22.88,3.79,0.92,86.7152
Nifty 50,08-04-2010,22.96,3.77,0.92,86.5592
Nifty 50,09-04-2010,23.21,3.81,0.91,88.4301
Nifty 50,12-04-2010,23.11,3.79,0.91,87.5869
Nifty 50,13-04-2010,23.04,3.78,0.92,87.0912
Nifty 50,15-04-2010,22.83,3.75,0.93,85.6125
Nifty 50,16-04-2010,22.78,3.74,0.93,85.1972
Nifty 50,19-04-2010,22.58,3.7,0.94,83.546
Nifty 50,20-04-2010,22.71,3.72,0.93,84.4812
Nifty 50,21-04-2010,22.78,3.73,0.93,84.9694
Nifty 50,22-04-2010,22.88,3.75,0.93,85.8
Nifty 50,23-04-2010,23.03,3.77,0.92,86.8231
Nifty 50,26-04-2010,23.11,3.78,0.92,87.3558
Nifty 50,27-04-2010,22.45,3.77,0.92,84.6365
Nifty 50,28-04-2010,22.05,3.71,0.94,81.8055
Nifty 50,29-04-2010,22.22,3.74,0.93,83.1028
Nifty 50,30-04-2010,22.29,3.75,0.92,83.5875
Nifty 50,03-05-2010,22.06,3.71,0.93,81.8426
Nifty 50,04-05-2010,21.74,3.66,0.95,79.5684
Nifty 50,05-05-2010,21.64,3.64,0.95,78.7696
Nifty 50,06-05-2010,21.5,3.62,0.96,77.83
Nifty 50,07-05-2010,21.19,3.57,0.97,75.6483
Nifty 50,10-05-2010,21.92,3.69,0.95,80.8848
Nifty 50,11-05-2010,21.68,3.65,0.96,79.132
Nifty 50,12-05-2010,21.77,3.66,0.96,79.6782
Nifty 50,13-05-2010,21.86,3.68,0.95,80.4448
Nifty 50,14-05-2010,21.26,3.62,0.97,76.9612
Nifty 50,17-05-2010,21.12,3.6,0.97,76.032
Nifty 50,18-05-2010,21.14,3.6,0.97,76.104
Nifty 50,19-05-2010,20.53,3.5,1,71.855
Nifty 50,20-05-2010,20.65,3.52,1,72.688
Nifty 50,21-05-2010,20.58,3.5,1,72.03
Nifty 50,24-05-2010,20.63,3.51,1,72.4113
Nifty 50,25-05-2010,20.06,3.42,1.03,68.6052
Nifty 50,26-05-2010,20.52,3.49,1,71.6148
Nifty 50,27-05-2010,20.88,3.56,0.98,74.3328
Nifty 50,28-05-2010,21.22,3.6,0.97,76.392
Nifty 50,31-05-2010,21.3,3.61,0.97,76.893
Nifty 50,01-06-2010,20.81,3.53,0.99,73.4593
Nifty 50,02-06-2010,21.02,3.57,0.98,75.0414
Nifty 50,03-06-2010,21.4,3.63,0.96,77.682
Nifty 50,04-06-2010,21.5,3.65,0.96,78.475
Nifty 50,07-06-2010,21.11,3.58,0.98,75.5738
Nifty 50,08-06-2010,20.91,3.55,0.99,74.2305
Nifty 50,09-06-2010,20.97,3.56,0.98,74.6532
Nifty 50,10-06-2010,21.3,3.61,0.97,76.893
Nifty 50,11-06-2010,21.44,3.64,0.96,78.0416
Nifty 50,14-06-2010,21.77,3.7,0.95,80.549
Nifty 50,15-06-2010,21.87,3.72,0.94,81.3564
Nifty 50,16-06-2010,21.92,3.72,0.94,81.5424
Nifty 50,17-06-2010,22.09,3.75,0.93,82.8375
Nifty 50,18-06-2010,22.04,3.75,0.94,82.65
Nifty 50,21-06-2010,22.42,3.81,0.92,85.4202
Nifty 50,22-06-2010,22.27,3.78,0.93,84.1806
Nifty 50,23-06-2010,22.29,3.79,0.92,84.4791
Nifty 50,24-06-2010,22.28,3.79,0.92,84.4412
Nifty 50,25-06-2010,22.07,3.75,0.93,82.7625
Nifty 50,28-06-2010,22.34,3.8,0.92,84.892
Nifty 50,29-06-2010,22.01,3.74,0.94,82.3174
Nifty 50,30-06-2010,22.25,3.78,0.93,84.105
Nifty 50,01-07-2010,21.99,3.74,0.94,82.2426
Nifty 50,02-07-2010,21.93,3.73,0.94,81.7989
Nifty 50,05-07-2010,21.93,3.73,0.94,81.7989
Nifty 50,06-07-2010,22.15,3.76,0.93,83.284
Nifty 50,07-07-2010,21.95,3.73,0.94,81.8735
Nifty 50,08-07-2010,22.18,3.77,0.93,83.6186
Nifty 50,09-07-2010,22.42,3.81,0.92,85.4202
Nifty 50,12-07-2010,22.56,3.83,0.91,86.4048
Nifty 50,13-07-2010,22.63,3.85,0.91,87.1255
Nifty 50,14-07-2010,22.57,3.84,0.91,86.6688
Nifty 50,15-07-2010,22.54,3.83,0.91,86.3282
Nifty 50,16-07-2010,22.61,3.84,0.91,86.8224
Nifty 50,19-07-2010,22.61,3.84,0.91,86.8224
Nifty 50,20-07-2010,22.53,3.83,0.91,86.2899
Nifty 50,21-07-2010,22.66,3.85,0.91,87.241
Nifty 50,22-07-2010,22.75,3.88,0.9,88.27
Nifty 50,23-07-2010,22.78,3.89,0.9,88.6142
Nifty 50,26-07-2010,22.53,3.87,0.91,87.1911
Nifty 50,27-07-2010,22.58,3.87,0.9,87.3846
Nifty 50,28-07-2010,22.44,3.85,0.91,86.394
Nifty 50,29-07-2010,22.49,3.81,1.01,85.6869
Nifty 50,30-07-2010,22.31,3.78,1.02,84.3318
Nifty 50,02-08-2010,22.91,3.83,1.01,87.7453
Nifty 50,03-08-2010,22.95,3.68,1.04,84.456
Nifty 50,04-08-2010,23.07,3.7,1.03,85.359
Nifty 50,05-08-2010,22.98,3.69,1.04,84.7962
Nifty 50,06-08-2010,22.95,3.56,1.11,81.702
Nifty 50,09-08-2010,23,3.59,1.1,82.57
Nifty 50,10-08-2010,22.89,3.58,1.11,81.9462
Nifty 50,11-08-2010,22.72,3.55,1.12,80.656
Nifty 50,12-08-2010,22.71,3.55,1.12,80.6205
Nifty 50,13-08-2010,22.86,3.57,1.11,81.6102
Nifty 50,16-08-2010,22.76,3.55,1.12,80.798
Nifty 50,17-08-2010,22.75,3.55,1.12,80.7625
Nifty 50,18-08-2010,23.02,3.59,1.1,82.6418
Nifty 50,19-08-2010,23.28,3.63,1.09,84.5064
Nifty 50,20-08-2010,23.24,3.62,1.09,84.1288
Nifty 50,23-08-2010,23.29,3.63,1.09,84.5427
Nifty 50,24-08-2010,23.13,3.61,1.1,83.4993
Nifty 50,25-08-2010,22.98,3.58,1.11,82.2684
Nifty 50,26-08-2010,23.05,3.59,1.11,82.7495
Nifty 50,27-08-2010,22.76,3.54,1.12,80.5704
Nifty 50,30-08-2010,22.78,3.55,1.12,80.869
Nifty 50,31-08-2010,22.73,3.54,1.12,80.4642
Nifty 50,01-09-2010,23.02,3.58,1.11,82.4116
Nifty 50,02-09-2010,23.08,3.59,1.1,82.8572
Nifty 50,03-09-2010,23.05,3.59,1.1,82.7495
Nifty 50,06-09-2010,23.46,3.65,1.09,85.629
Nifty 50,07-09-2010,23.58,3.67,1.08,86.5386
Nifty 50,08-09-2010,23.59,3.67,1.08,86.5753
Nifty 50,09-09-2010,23.73,3.69,1.07,87.5637
Nifty 50,13-09-2010,24.32,3.78,1.05,91.9296
Nifty 50,14-09-2010,24.47,3.81,1.04,93.2307
Nifty 50,15-09-2010,24.74,3.85,1.03,95.249
Nifty 50,16-09-2010,24.61,3.83,1.04,94.2563
Nifty 50,17-09-2010,24.84,3.87,1.03,96.1308
Nifty 50,20-09-2010,25.25,3.93,1.01,99.2325
Nifty 50,21-09-2010,25.37,3.87,1.02,98.1819
Nifty 50,22-09-2010,25.29,3.86,1.02,97.6194
Nifty 50,23-09-2010,25.16,3.84,1.03,96.6144
Nifty 50,24-09-2010,25.41,3.88,1.02,98.5908
Nifty 50,27-09-2010,25.48,3.89,1.01,99.1172
Nifty 50,28-09-2010,25.45,3.82,1.03,97.219
Nifty 50,29-09-2010,25.29,3.79,1.03,95.8491
Nifty 50,30-09-2010,25.46,3.82,1.03,97.2572
Nifty 50,01-10-2010,25.54,3.93,1.02,100.3722
Nifty 50,04-10-2010,25.61,3.88,1.02,99.3668
Nifty 50,05-10-2010,25.55,3.87,1.02,98.8785
Nifty 50,06-10-2010,25.72,3.89,1.01,100.0508
Nifty 50,07-10-2010,25.44,3.85,1.02,97.944
Nifty 50,08-10-2010,25.37,3.84,1.03,97.4208
Nifty 50,11-10-2010,25.51,3.86,1.02,98.4686
Nifty 50,12-10-2010,25.32,3.83,1.03,96.9756
Nifty 50,13-10-2010,25.91,3.92,1.01,101.5672
Nifty 50,14-10-2010,25.68,3.89,1.02,99.8952
Nifty 50,15-10-2010,25.2,3.81,1.03,96.012
Nifty 50,18-10-2010,25.07,3.82,1.03,95.7674
Nifty 50,19-10-2010,24.87,3.79,1.04,94.2573
Nifty 50,20-10-2010,24.69,3.76,1.05,92.8344
Nifty 50,21-10-2010,25.18,3.84,1.03,96.6912
Nifty 50,22-10-2010,25.03,3.82,1.03,95.6146
Nifty 50,25-10-2010,25.2,3.84,1.03,96.768
Nifty 50,26-10-2010,24.98,3.82,1.03,95.4236
Nifty 50,27-10-2010,24.69,3.78,1.04,93.3282
Nifty 50,28-10-2010,24.59,3.76,1.04,92.4584
Nifty 50,29-10-2010,24.71,3.78,1.04,93.4038
Nifty 50,01-11-2010,25.12,3.85,1.02,96.712
Nifty 50,02-11-2010,25.13,3.85,1.02,96.7505
Nifty 50,03-11-2010,25.3,3.87,1.01,97.911
Nifty 50,04-11-2010,25.47,3.95,0.99,100.6065
Nifty 50,05-11-2010,25.59,3.97,0.99,101.5923
Nifty 50,08-11-2010,25.43,3.94,1,100.1942
Nifty 50,09-11-2010,25.55,3.96,0.99,101.178
Nifty 50,10-11-2010,25.44,3.94,1,100.2336
Nifty 50,11-11-2010,25.11,3.89,1.01,97.6779
Nifty 50,12-11-2010,24.62,3.82,1.03,94.0484
Nifty 50,15-11-2010,24.39,3.86,1.02,94.1454
Nifty 50,16-11-2010,23.86,3.77,1.04,89.9522
Nifty 50,18-11-2010,23.9,3.78,1.04,90.342
Nifty 50,19-11-2010,23.47,3.71,1.06,87.0737
Nifty 50,22-11-2010,23.98,3.79,1.04,90.8842
Nifty 50,23-11-2010,23.69,3.74,1.05,88.6006
Nifty 50,24-11-2010,23.41,3.7,1.06,86.617
Nifty 50,25-11-2010,23.15,3.66,1.08,84.729
Nifty 50,26-11-2010,22.96,3.63,1.08,83.3448
Nifty 50,29-11-2010,23.26,3.67,1.07,85.3642
Nifty 50,30-11-2010,23.39,3.69,1.06,86.3091
Nifty 50,01-12-2010,23.78,3.76,1.05,89.4128
Nifty 50,02-12-2010,23.96,3.78,1.04,90.5688
Nifty 50,03-12-2010,23.89,3.77,1.04,90.0653
Nifty 50,06-12-2010,23.88,3.77,1.04,90.0276
Nifty 50,07-12-2010,23.82,3.76,1.04,89.5632
Nifty 50,08-12-2010,23.53,3.72,1.06,87.5316
Nifty 50,09-12-2010,22.98,3.63,1.08,83.4174
Nifty 50,10-12-2010,23.35,3.69,1.07,86.1615
Nifty 50,13-12-2010,23.58,3.72,1.06,87.7176
Nifty 50,14-12-2010,23.72,3.75,1.05,88.95
Nifty 50,15-12-2010,23.51,3.71,1.06,87.2221
Nifty 50,16-12-2010,23.74,3.75,1.05,89.025
Nifty 50,20-12-2010,23.73,3.75,1.05,88.9875
Nifty 50,21-12-2010,23.95,3.78,1.04,90.531
Nifty 50,22-12-2010,23.88,3.77,1.04,90.0276
Nifty 50,23-12-2010,23.86,3.77,1.04,89.9522
Nifty 50,24-12-2010,23.99,3.79,1.04,90.9221
Nifty 50,27-12-2010,23.94,3.78,1.04,90.4932
Nifty 50,28-12-2010,23.93,3.78,1.04,90.4554
Nifty 50,29-12-2010,24.19,3.82,1.03,92.4058
Nifty 50,30-12-2010,24.35,3.85,1.02,93.7475
Nifty 50,31-12-2010,24.48,3.87,1.02,94.7376
Nifty 50,03-01-2011,24.57,3.88,1.01,95.3316
Nifty 50,04-01-2011,24.53,3.87,1.01,94.9311
Nifty 50,05-01-2011,24.26,3.83,1.03,92.9158
Nifty 50,06-01-2011,24.14,3.81,1.03,91.9734
Nifty 50,07-01-2011,23.56,3.72,1.06,87.6432
Nifty 50,10-01-2011,23.01,3.63,1.08,83.5263
Nifty 50,11-01-2011,22.98,3.63,1.08,83.4174
Nifty 50,12-01-2011,23.41,3.7,1.06,86.617
Nifty 50,13-01-2011,22.92,3.63,1.08,83.1996
Nifty 50,14-01-2011,22.5,3.57,1.1,80.325
Nifty 50,17-01-2011,22.5,3.57,1.1,80.325
Nifty 50,18-01-2011,22.66,3.61,1.09,81.8026
Nifty 50,19-01-2011,22.51,3.59,1.09,80.8109
Nifty 50,20-01-2011,22.59,3.6,1.09,81.324
Nifty 50,21-01-2011,22.41,3.59,1.09,80.4519
Nifty 50,24-01-2011,22.26,3.62,1.08,80.5812
Nifty 50,25-01-2011,21.96,3.59,1.1,78.8364
Nifty 50,27-01-2011,21.64,3.53,1.11,76.3892
Nifty 50,28-01-2011,21.23,3.48,1.13,73.8804
Nifty 50,31-01-2011,21.06,3.47,1.13,73.0782
Nifty 50,01-02-2011,20.7,3.42,1.15,70.794
Nifty 50,02-02-2011,20.8,3.43,1.15,71.344
Nifty 50,03-02-2011,21.16,3.49,1.13,73.8484
Nifty 50,04-02-2011,20.67,3.4,1.15,70.278
Nifty 50,07-02-2011,20.69,3.41,1.15,70.5529
Nifty 50,08-02-2011,20.35,3.35,1.17,68.1725
Nifty 50,09-02-2011,20.12,3.32,1.19,66.7984
Nifty 50,10-02-2011,20.01,3.3,1.19,66.033
Nifty 50,11-02-2011,20.34,3.35,1.17,68.139
Nifty 50,14-02-2011,20.86,3.45,1.14,71.967
Nifty 50,15-02-2011,20.96,3.47,1.13,72.7312
Nifty 50,16-02-2011,20.95,3.47,1.13,72.6965
Nifty 50,17-02-2011,21.19,3.51,1.12,74.3769
Nifty 50,18-02-2011,20.86,3.46,1.14,72.1756
Nifty 50,21-02-2011,21.09,3.49,1.13,73.6041
Nifty 50,22-02-2011,20.9,3.46,1.14,72.314
Nifty 50,23-02-2011,20.82,3.44,1.14,71.6208
Nifty 50,24-02-2011,20.15,3.33,1.18,67.0995
Nifty 50,25-02-2011,20.31,3.36,1.17,68.2416
Nifty 50,28-02-2011,20.42,3.38,1.17,69.0196
Nifty 50,01-03-2011,21.14,3.5,1.13,73.99
Nifty 50,03-03-2011,21.2,3.51,1.12,74.412
Nifty 50,04-03-2011,21.21,3.51,1.12,74.4471
Nifty 50,07-03-2011,20.92,3.46,1.14,72.3832
Nifty 50,08-03-2011,21.14,3.5,1.13,73.99
Nifty 50,09-03-2011,21.18,3.5,1.12,74.13
Nifty 50,10-03-2011,21.04,3.48,1.13,73.2192
Nifty 50,11-03-2011,20.85,3.45,1.14,71.9325
Nifty 50,14-03-2011,21.18,3.5,1.12,74.13
Nifty 50,15-03-2011,20.87,3.45,1.14,72.0015
Nifty 50,16-03-2011,21.1,3.49,1.13,73.639
Nifty 50,17-03-2011,20.86,3.45,1.14,71.967
Nifty 50,18-03-2011,20.58,3.4,1.16,69.972
Nifty 50,21-03-2011,20.54,3.4,1.16,69.836
Nifty 50,22-03-2011,20.73,3.43,1.15,71.1039
Nifty 50,23-03-2011,20.99,3.47,1.13,72.8353
Nifty 50,24-03-2011,21.15,3.5,1.13,74.025
Nifty 50,25-03-2011,21.46,3.59,1.1,77.0414
Nifty 50,28-03-2011,21.59,3.61,1.1,77.9399
Nifty 50,29-03-2011,21.77,3.64,1.09,79.2428
Nifty 50,30-03-2011,21.97,3.67,1.08,80.6299
Nifty 50,31-03-2011,22.14,3.7,1.07,81.918
Nifty 50,01-04-2011,22.11,3.7,1.07,81.807
Nifty 50,04-04-2011,22.43,3.75,1.06,84.1125
Nifty 50,05-04-2011,22.43,3.75,1.06,84.1125
Nifty 50,06-04-2011,22.36,3.74,1.06,83.6264
Nifty 50,07-04-2011,22.34,3.73,1.06,83.3282
Nifty 50,08-04-2011,22.18,3.71,1.07,82.2878
Nifty 50,11-04-2011,21.96,3.67,1.08,80.5932
Nifty 50,13-04-2011,22.43,3.75,1.06,84.1125
Nifty 50,15-04-2011,22.02,3.69,1.07,81.2538
Nifty 50,18-04-2011,21.66,3.63,1.09,78.6258
Nifty 50,19-04-2011,21.65,3.64,1.09,78.806
Nifty 50,20-04-2011,22.06,3.71,1.07,81.8426
Nifty 50,21-04-2011,22.18,3.73,1.06,82.7314
Nifty 50,25-04-2011,21.94,3.73,1.06,81.8362
Nifty 50,26-04-2011,21.91,3.72,1.06,81.5052
Nifty 50,27-04-2011,21.79,3.7,1.07,80.623
Nifty 50,28-04-2011,21.61,3.67,1.08,79.3087
Nifty 50,29-04-2011,21.36,3.65,1.09,77.964
Nifty 50,02-05-2011,21.19,3.62,1.09,76.7078
Nifty 50,03-05-2011,20.68,3.53,1.12,73.0004
Nifty 50,04-05-2011,20.58,3.51,1.13,72.2358
Nifty 50,05-05-2011,20.32,3.43,1.23,69.6976
Nifty 50,06-05-2011,20.67,3.49,1.21,72.1383
Nifty 50,09-05-2011,20.66,3.49,1.21,72.1034
Nifty 50,10-05-2011,20.61,3.48,1.22,71.7228
Nifty 50,11-05-2011,20.71,3.5,1.21,72.485
Nifty 50,12-05-2011,20.4,3.45,1.23,70.38
Nifty 50,13-05-2011,20.6,3.48,1.22,71.688
Nifty 50,16-05-2011,20.39,3.45,1.23,70.3455
Nifty 50,17-05-2011,20.16,3.41,1.24,68.7456
Nifty 50,18-05-2011,20.18,3.4,1.25,68.612
Nifty 50,19-05-2011,20.2,3.41,1.24,68.882
Nifty 50,20-05-2011,20.34,3.44,1.23,69.9696
Nifty 50,23-05-2011,19.93,3.38,1.25,67.3634
Nifty 50,24-05-2011,19.9,3.38,1.25,67.262
Nifty 50,25-05-2011,19.72,3.36,1.26,66.2592
Nifty 50,26-05-2011,19.95,3.4,1.25,67.83
Nifty 50,27-05-2011,20.26,3.44,1.23,69.6944
Nifty 50,30-05-2011,20.25,3.39,1.24,68.6475
Nifty 50,31-05-2011,20.53,3.45,1.22,70.8285
Nifty 50,01-06-2011,20.65,3.47,1.22,71.6555
Nifty 50,02-06-2011,20.49,3.44,1.23,70.4856
Nifty 50,03-06-2011,20.37,3.42,1.23,69.6654
Nifty 50,06-06-2011,20.43,3.43,1.23,70.0749
Nifty 50,07-06-2011,20.52,3.44,1.22,70.5888
Nifty 50,08-06-2011,20.41,3.43,1.28,70.0063
Nifty 50,09-06-2011,20.39,3.42,1.28,69.7338
Nifty 50,10-06-2011,20.26,3.4,1.29,68.884
Nifty 50,13-06-2011,20.25,3.4,1.29,68.85
Nifty 50,14-06-2011,20.31,3.41,1.29,69.2571
Nifty 50,15-06-2011,20.12,3.38,1.3,68.0056
Nifty 50,16-06-2011,19.93,3.35,1.31,66.7655
Nifty 50,17-06-2011,19.82,3.33,1.32,66.0006
Nifty 50,20-06-2011,19.42,3.26,1.35,63.3092
Nifty 50,21-06-2011,19.48,3.27,1.34,63.6996
Nifty 50,22-06-2011,19.46,3.27,1.34,63.6342
Nifty 50,23-06-2011,19.61,3.3,1.33,64.713
Nifty 50,24-06-2011,20.17,3.39,1.3,68.3763
Nifty 50,27-06-2011,20.38,3.43,1.28,69.9034
Nifty 50,28-06-2011,20.44,3.44,1.28,70.3136
Nifty 50,29-06-2011,20.65,3.47,1.27,71.6555
Nifty 50,30-06-2011,20.82,3.5,1.25,72.87
Nifty 50,01-07-2011,20.75,3.49,1.26,72.4175
Nifty 50,04-07-2011,20.83,3.5,1.25,72.905
Nifty 50,05-07-2011,20.76,3.49,1.26,72.4524
Nifty 50,06-07-2011,20.74,3.49,1.26,72.3826
Nifty 50,07-07-2011,21.12,3.55,1.24,74.976
Nifty 50,08-07-2011,20.87,3.51,1.25,73.2537
Nifty 50,11-07-2011,20.67,3.48,1.26,71.9316
Nifty 50,12-07-2011,20.29,3.43,1.28,69.5947
Nifty 50,13-07-2011,20.51,3.46,1.27,70.9646
Nifty 50,14-07-2011,20.55,3.47,1.27,71.3085
Nifty 50,15-07-2011,20.45,3.46,1.27,70.757
Nifty 50,18-07-2011,20.4,3.45,1.27,70.38
Nifty 50,19-07-2011,20.57,3.48,1.26,71.5836
Nifty 50,20-07-2011,20.34,3.45,1.27,70.173
Nifty 50,21-07-2011,20.25,3.44,1.28,69.66
Nifty 50,22-07-2011,20.57,3.5,1.26,71.995
Nifty 50,25-07-2011,20.71,3.52,1.25,72.8992
Nifty 50,26-07-2011,20.22,3.46,1.27,69.9612
Nifty 50,27-07-2011,20.09,3.44,1.28,69.1096
Nifty 50,28-07-2011,19.86,3.4,1.29,67.524
Nifty 50,29-07-2011,19.76,3.4,1.29,67.184
Nifty 50,01-08-2011,19.81,3.42,1.28,67.7502
Nifty 50,02-08-2011,19.6,3.39,1.3,66.444
Nifty 50,03-08-2011,19.42,3.33,1.27,64.6686
Nifty 50,04-08-2011,19.19,3.29,1.29,63.1351
Nifty 50,05-08-2011,18.76,3.21,1.32,60.2196
Nifty 50,08-08-2011,18.44,3.16,1.34,58.2704
Nifty 50,09-08-2011,18.24,3.13,1.35,57.0912
Nifty 50,10-08-2011,18.56,3.19,1.33,59.2064
Nifty 50,11-08-2011,18.47,3.17,1.34,58.5499
Nifty 50,12-08-2011,18.24,3.13,1.35,57.0912
Nifty 50,16-08-2011,18.11,3.11,1.36,56.3221
Nifty 50,17-08-2011,18.25,3.12,1.36,56.94
Nifty 50,18-08-2011,17.85,2.92,1.53,52.122
Nifty 50,19-08-2011,17.49,2.86,1.57,50.0214
Nifty 50,22-08-2011,17.68,2.89,1.55,51.0952
Nifty 50,23-08-2011,17.87,2.92,1.53,52.1804
Nifty 50,24-08-2011,17.65,2.89,1.55,51.0085
Nifty 50,25-08-2011,17.47,2.86,1.57,49.9642
Nifty 50,26-08-2011,17.14,2.8,1.6,47.992
Nifty 50,29-08-2011,17.76,2.9,1.54,51.504
Nifty 50,30-08-2011,18.05,2.95,1.52,53.2475
Nifty 50,02-09-2011,18.19,2.98,1.51,54.2062
Nifty 50,05-09-2011,18.11,2.96,1.51,53.6056
Nifty 50,06-09-2011,18.28,2.99,1.5,54.6572
Nifty 50,07-09-2011,18.5,3.03,1.48,56.055
Nifty 50,08-09-2011,18.6,3.04,1.47,56.544
Nifty 50,09-09-2011,18.26,2.99,1.5,54.5974
Nifty 50,12-09-2011,17.86,2.92,1.53,52.1512
Nifty 50,13-09-2011,17.84,2.92,1.54,52.0928
Nifty 50,14-09-2011,18.1,2.96,1.51,53.576
Nifty 50,15-09-2011,18.33,3,1.49,54.99
Nifty 50,16-09-2011,18.36,3,1.49,55.08
Nifty 50,19-09-2011,18.17,2.97,1.51,53.9649
Nifty 50,20-09-2011,18.56,3.04,1.48,56.4224
Nifty 50,21-09-2011,18.54,3.03,1.48,56.1762
Nifty 50,22-09-2011,17.78,2.91,1.54,51.7398
Nifty 50,23-09-2011,17.58,2.87,1.56,50.4546
Nifty 50,26-09-2011,17.46,2.86,1.57,49.9356
Nifty 50,27-09-2011,17.95,2.94,1.53,52.773
Nifty 50,28-09-2011,17.86,2.92,1.53,52.1512
Nifty 50,29-09-2011,18.11,2.96,1.51,53.6056
Nifty 50,30-09-2011,17.85,2.92,1.53,52.122
Nifty 50,03-10-2011,17.51,2.86,1.56,50.0786
Nifty 50,04-10-2011,17.23,2.82,1.59,48.5886
Nifty 50,05-10-2011,17.16,2.81,1.6,48.2196
Nifty 50,07-10-2011,17.65,2.89,1.55,51.0085
Nifty 50,10-10-2011,18.03,2.99,1.51,53.9097
Nifty 50,11-10-2011,18.01,2.98,1.52,53.6698
Nifty 50,12-10-2011,18.43,3.06,1.48,56.3958
Nifty 50,13-10-2011,18.35,3.04,1.49,55.784
Nifty 50,14-10-2011,18.55,3.08,1.47,57.134
Nifty 50,17-10-2011,18.5,3.07,1.47,56.795
Nifty 50,18-10-2011,18,3.02,1.5,54.36
Nifty 50,19-10-2011,18.36,3.08,1.47,56.5488
Nifty 50,20-10-2011,18.14,3.05,1.48,55.327
Nifty 50,21-10-2011,17.99,3.03,1.49,54.5097
Nifty 50,24-10-2011,18.1,3.06,1.48,55.386
Nifty 50,25-10-2011,18.39,3.11,1.45,57.1929
Nifty 50,26-10-2011,18.43,3.12,1.45,57.5016
Nifty 50,28-10-2011,19.03,3.21,1.41,61.0863
Nifty 50,31-10-2011,18.9,3.19,1.42,60.291
Nifty 50,01-11-2011,19.04,3.15,1.43,59.976
Nifty 50,02-11-2011,19.04,3.15,1.43,59.976
Nifty 50,03-11-2011,19.06,3.16,1.43,60.2296
Nifty 50,04-11-2011,19.21,3.17,1.43,60.8957
Nifty 50,08-11-2011,19.11,3.17,1.43,60.5787
Nifty 50,09-11-2011,18.78,3.13,1.44,58.7814
Nifty 50,11-11-2011,18.61,3.1,1.46,57.691
Nifty 50,14-11-2011,18.59,3.09,1.47,57.4431
Nifty 50,15-11-2011,18.35,3.04,1.49,55.784
Nifty 50,16-11-2011,18.21,3.02,1.5,54.9942
Nifty 50,17-11-2011,17.87,2.96,1.53,52.8952
Nifty 50,18-11-2011,17.76,2.94,1.54,52.2144
Nifty 50,21-11-2011,17.3,2.87,1.58,49.651
Nifty 50,22-11-2011,17.42,2.89,1.57,50.3438
Nifty 50,23-11-2011,17.04,2.82,1.6,48.0528
Nifty 50,24-11-2011,17.22,2.85,1.59,49.077
Nifty 50,25-11-2011,17.05,2.82,1.6,48.081
Nifty 50,28-11-2011,17.56,2.91,1.55,51.0996
Nifty 50,29-11-2011,17.4,2.87,1.57,49.938
Nifty 50,30-11-2011,17.49,2.89,1.56,50.5461
Nifty 50,01-12-2011,17.87,2.95,1.53,52.7165
Nifty 50,02-12-2011,18.28,3.01,1.49,55.0228
Nifty 50,05-12-2011,18.24,3.01,1.5,54.9024
Nifty 50,07-12-2011,18.33,3.02,1.49,55.3566
Nifty 50,08-12-2011,17.9,2.95,1.53,52.805
Nifty 50,09-12-2011,17.62,2.9,1.55,51.098
Nifty 50,12-12-2011,17.25,2.84,1.58,48.99
Nifty 50,13-12-2011,17.38,2.87,1.57,49.8806
Nifty 50,14-12-2011,17.25,2.84,1.58,48.99
Nifty 50,15-12-2011,17.19,2.83,1.59,48.6477
Nifty 50,16-12-2011,16.84,2.78,1.62,46.8152
Nifty 50,19-12-2011,16.71,2.75,1.64,45.9525
Nifty 50,20-12-2011,16.46,2.71,1.66,44.6066
Nifty 50,21-12-2011,17,2.8,1.61,47.6
Nifty 50,22-12-2011,17.14,2.83,1.59,48.5062
Nifty 50,23-12-2011,17.07,2.81,1.6,47.9667
Nifty 50,26-12-2011,17.31,2.85,1.58,49.3335
Nifty 50,27-12-2011,17.2,2.84,1.59,48.848
Nifty 50,28-12-2011,17.04,2.81,1.6,47.8824
Nifty 50,29-12-2011,16.83,2.77,1.62,46.6191
Nifty 50,30-12-2011,16.75,2.76,1.63,46.23
Nifty 50,02-01-2012,16.79,2.77,1.63,46.5083
Nifty 50,03-01-2012,17.26,2.82,1.6,48.6732
Nifty 50,04-01-2012,17.2,2.81,1.6,48.332
Nifty 50,05-01-2012,17.2,2.8,1.6,48.16
Nifty 50,06-01-2012,17.22,2.8,1.6,48.216
Nifty 50,07-01-2012,17.19,2.8,1.6,48.132
Nifty 50,09-01-2012,17.18,2.79,1.6,47.9322
Nifty 50,10-01-2012,17.56,2.86,1.57,50.2216
Nifty 50,11-01-2012,17.61,2.86,1.57,50.3646
Nifty 50,12-01-2012,17.5,2.85,1.58,49.875
Nifty 50,13-01-2012,17.5,2.87,1.56,50.225
Nifty 50,16-01-2012,17.53,2.87,1.56,50.3111
Nifty 50,17-01-2012,17.85,2.92,1.53,52.122
Nifty 50,18-01-2012,17.81,2.9,1.54,51.649
Nifty 50,19-01-2012,18.03,2.94,1.53,53.0082
Nifty 50,20-01-2012,18.14,2.96,1.52,53.6944
Nifty 50,23-01-2012,18.14,2.96,1.52,53.6944
Nifty 50,24-01-2012,18.28,3.01,1.49,55.0228
Nifty 50,25-01-2012,18.38,2.99,1.51,54.9562
Nifty 50,27-01-2012,18.55,3.02,1.49,56.021
Nifty 50,30-01-2012,18.13,2.95,1.53,53.4835
Nifty 50,31-01-2012,18.53,3.02,1.49,55.9606
Nifty 50,01-02-2012,18.66,3.04,1.48,56.7264
Nifty 50,02-02-2012,18.77,3.06,1.47,57.4362
Nifty 50,03-02-2012,18.97,3.03,1.48,57.4791
Nifty 50,06-02-2012,19.13,3.05,1.47,58.3465
Nifty 50,07-02-2012,19.02,3.04,1.47,57.8208
Nifty 50,08-02-2012,19.14,3.04,1.48,58.1856
Nifty 50,09-02-2012,19.3,3.06,1.45,59.058
Nifty 50,10-02-2012,19,3.02,1.47,57.38
Nifty 50,13-02-2012,18.94,3.03,1.47,57.3882
Nifty 50,14-02-2012,18.95,3.04,1.46,57.608
Nifty 50,15-02-2012,19.35,3.11,1.43,60.1785
Nifty 50,16-02-2012,19.34,3.1,1.43,59.954
Nifty 50,17-02-2012,19.49,3.12,1.42,60.8088
Nifty 50,21-02-2012,19.64,3.16,1.41,62.0624
Nifty 50,22-02-2012,19.29,3.1,1.44,59.799
Nifty 50,23-02-2012,19.21,3.09,1.44,59.3589
Nifty 50,24-02-2012,19.02,3.06,1.46,58.2012
Nifty 50,27-02-2012,18.5,2.98,1.5,55.13
Nifty 50,28-02-2012,19.05,3.03,1.47,57.7215
Nifty 50,29-02-2012,19.09,3.04,1.47,58.0336
Nifty 50,01-03-2012,18.92,3.01,1.48,56.9492
Nifty 50,02-03-2012,18.99,3.04,1.48,57.7296
Nifty 50,03-03-2012,18.99,3.04,1.48,57.7296
Nifty 50,05-03-2012,18.71,2.99,1.5,55.9429
Nifty 50,06-03-2012,18.51,2.96,1.52,54.7896
Nifty 50,07-03-2012,18.5,2.96,1.52,54.76
Nifty 50,09-03-2012,18.9,3.02,1.48,57.078
Nifty 50,12-03-2012,18.94,3.05,1.49,57.767
Nifty 50,13-03-2012,19.18,3.09,1.47,59.2662
Nifty 50,14-03-2012,19.31,3.1,1.46,59.861
Nifty 50,15-03-2012,19.01,3.06,1.48,58.1706
Nifty 50,16-03-2012,18.79,3.02,1.5,56.7458
Nifty 50,19-03-2012,18.58,2.99,1.51,55.5542
Nifty 50,20-03-2012,18.64,3,1.51,55.92
Nifty 50,21-03-2012,18.96,3.05,1.48,57.828
Nifty 50,22-03-2012,18.47,2.97,1.52,54.8559
Nifty 50,23-03-2012,18.65,3,1.51,55.95
Nifty 50,26-03-2012,18.32,2.95,1.54,54.044
Nifty 50,27-03-2012,18.53,2.98,1.52,55.2194
Nifty 50,28-03-2012,18.36,2.95,1.53,54.162
Nifty 50,29-03-2012,18.3,2.94,1.54,53.802
Nifty 50,30-03-2012,18.71,3.01,1.5,56.3171
Nifty 50,02-04-2012,18.79,3.02,1.5,56.7458
Nifty 50,03-04-2012,18.93,3.04,1.49,57.5472
Nifty 50,04-04-2012,18.81,3.02,1.5,56.8062
Nifty 50,09-04-2012,18.5,2.97,1.52,54.945
Nifty 50,10-04-2012,18.53,2.98,1.52,55.2194
Nifty 50,11-04-2012,18.47,2.97,1.52,54.8559
Nifty 50,12-04-2012,18.65,3,1.51,55.95
Nifty 50,13-04-2012,18.3,2.96,1.53,54.168
Nifty 50,16-04-2012,18.41,2.98,1.52,54.8618
Nifty 50,17-04-2012,18.63,3.01,1.5,56.0763
Nifty 50,18-04-2012,18.67,3.02,1.5,56.3834
Nifty 50,19-04-2012,18.72,3.04,1.49,56.9088
Nifty 50,20-04-2012,18.58,3.02,1.5,56.1116
Nifty 50,23-04-2012,18.26,2.96,1.53,54.0496
Nifty 50,24-04-2012,18.34,2.98,1.52,54.6532
Nifty 50,25-04-2012,18.27,2.96,1.53,54.0792
Nifty 50,26-04-2012,18.22,2.96,1.53,53.9312
Nifty 50,27-04-2012,17.93,3.04,1.54,54.5072
Nifty 50,28-04-2012,17.99,3.05,1.54,54.8695
Nifty 50,30-04-2012,18.12,3.08,1.52,55.8096
Nifty 50,02-05-2012,17.99,3.07,1.53,55.2293
Nifty 50,03-05-2012,17.81,3.04,1.54,54.1424
Nifty 50,04-05-2012,17.45,2.98,1.57,52.001
Nifty 50,07-05-2012,17.54,3,1.56,52.62
Nifty 50,08-05-2012,17.15,2.93,1.6,50.2495
Nifty 50,09-05-2012,17.03,2.92,1.61,49.7276
Nifty 50,10-05-2012,17,2.91,1.61,49.47
Nifty 50,11-05-2012,16.87,2.89,1.62,48.7543
Nifty 50,14-05-2012,16.95,2.88,1.63,48.816
Nifty 50,15-05-2012,17.04,2.9,1.62,49.416
Nifty 50,16-05-2012,16.74,2.85,1.64,47.709
Nifty 50,17-05-2012,16.78,2.86,1.64,47.9908
Nifty 50,18-05-2012,16.85,2.87,1.63,48.3595
Nifty 50,21-05-2012,16.62,2.88,1.63,47.8656
Nifty 50,22-05-2012,16.46,2.85,1.64,46.911
Nifty 50,23-05-2012,16.38,2.84,1.65,46.5192
Nifty 50,24-05-2012,16.69,2.89,1.62,48.2341
Nifty 50,25-05-2012,16.68,2.89,1.62,48.2052
Nifty 50,28-05-2012,16.9,2.93,1.6,49.517
Nifty 50,29-05-2012,16.9,2.93,1.6,49.517
Nifty 50,30-05-2012,16.75,2.9,1.65,48.575
Nifty 50,31-05-2012,16.66,2.89,1.66,48.1474
Nifty 50,01-06-2012,16.36,2.84,1.69,46.4624
Nifty 50,04-06-2012,16.28,2.84,1.68,46.2352
Nifty 50,05-06-2012,16.33,2.8,1.68,45.724
Nifty 50,06-06-2012,16.78,2.86,1.6,47.9908
Nifty 50,07-06-2012,16.96,2.89,1.58,49.0144
Nifty 50,08-06-2012,16.83,2.9,1.58,48.807
Nifty 50,11-06-2012,16.79,2.89,1.58,48.5231
Nifty 50,12-06-2012,16.99,2.93,1.56,49.7807
Nifty 50,13-06-2012,16.99,2.93,1.56,49.7807
Nifty 50,14-06-2012,16.77,2.89,1.58,48.4653
Nifty 50,15-06-2012,17.05,2.94,1.55,50.127
Nifty 50,18-06-2012,16.8,2.9,1.58,48.72
Nifty 50,19-06-2012,16.93,2.92,1.57,49.4356
Nifty 50,20-06-2012,16.98,2.93,1.56,49.7514
Nifty 50,21-06-2012,17.13,2.96,1.55,50.7048
Nifty 50,22-06-2012,17.07,2.94,1.55,50.1858
Nifty 50,25-06-2012,16.96,2.93,1.56,49.6928
Nifty 50,26-06-2012,16.99,2.93,1.56,49.7807
Nifty 50,27-06-2012,17.06,2.94,1.55,50.1564
Nifty 50,28-06-2012,17.08,2.95,1.55,50.386
Nifty 50,29-06-2012,17.51,3.02,1.51,52.8802
Nifty 50,02-07-2012,17.51,3.02,1.51,52.8802
Nifty 50,03-07-2012,17.54,3.03,1.51,53.1462
Nifty 50,04-07-2012,17.59,3.03,1.51,53.2977
Nifty 50,05-07-2012,17.67,3.05,1.5,53.8935
Nifty 50,06-07-2012,17.64,3.04,1.5,53.6256
Nifty 50,09-07-2012,17.5,3.02,1.51,52.85
Nifty 50,10-07-2012,17.74,3.06,1.49,54.2844
Nifty 50,11-07-2012,17.61,3.04,1.51,53.5344
Nifty 50,12-07-2012,17.37,3,1.53,52.11
Nifty 50,13-07-2012,17.2,2.99,1.53,51.428
Nifty 50,16-07-2012,17.05,2.98,1.54,50.809
Nifty 50,17-07-2012,17.04,2.97,1.54,50.6088
Nifty 50,18-07-2012,17.11,2.99,1.53,51.1589
Nifty 50,19-07-2012,17.18,3,1.52,51.54
Nifty 50,20-07-2012,17.08,2.98,1.53,50.8984
Nifty 50,23-07-2012,16.9,2.93,1.56,49.517
Nifty 50,24-07-2012,16.86,2.94,1.56,49.5684
Nifty 50,25-07-2012,16.8,2.89,1.58,48.552
Nifty 50,26-07-2012,16.62,2.85,1.6,47.367
Nifty 50,27-07-2012,16.68,2.89,1.58,48.2052
Nifty 50,30-07-2012,17,2.94,1.55,49.98
Nifty 50,31-07-2012,17.09,2.96,1.54,50.5864
Nifty 50,01-08-2012,17.13,2.97,1.54,50.8761
Nifty 50,02-08-2012,17.07,2.96,1.54,50.5272
Nifty 50,03-08-2012,17.03,2.95,1.54,50.2385
Nifty 50,06-08-2012,17.25,2.99,1.52,51.5775
Nifty 50,07-08-2012,17.43,3.02,1.51,52.6386
Nifty 50,08-08-2012,17.43,3.02,1.51,52.6386
Nifty 50,09-08-2012,17.35,3.01,1.51,52.2235
Nifty 50,10-08-2012,17.34,3.01,1.51,52.1934
Nifty 50,13-08-2012,17.51,3.03,1.5,53.0553
Nifty 50,14-08-2012,17.88,3.04,1.52,54.3552
Nifty 50,16-08-2012,17.97,2.99,1.51,53.7303
Nifty 50,17-08-2012,17.97,2.92,1.54,52.4724
Nifty 50,21-08-2012,18.19,2.95,1.53,53.6605
Nifty 50,22-08-2012,18.16,2.95,1.53,53.572
Nifty 50,23-08-2012,18.17,2.95,1.53,53.6015
Nifty 50,24-08-2012,18.07,2.94,1.54,53.1258
Nifty 50,27-08-2012,17.95,2.92,1.55,52.414
Nifty 50,28-08-2012,17.9,2.91,1.55,52.089
Nifty 50,29-08-2012,17.74,2.88,1.56,51.0912
Nifty 50,30-08-2012,17.83,2.9,1.56,51.707
Nifty 50,31-08-2012,17.64,2.87,1.57,50.6268
Nifty 50,03-09-2012,17.63,2.86,1.58,50.4218
Nifty 50,04-09-2012,17.69,2.87,1.57,50.7703
Nifty 50,05-09-2012,17.53,2.85,1.58,49.9605
Nifty 50,06-09-2012,17.58,2.85,1.58,50.103
Nifty 50,07-09-2012,17.92,2.91,1.55,52.1472
Nifty 50,08-09-2012,17.98,2.92,1.54,52.5016
Nifty 50,10-09-2012,17.99,2.92,1.54,52.5308
Nifty 50,11-09-2012,18.11,2.94,1.53,53.2434
Nifty 50,12-09-2012,18.24,2.96,1.52,53.9904
Nifty 50,13-09-2012,18.26,2.97,1.52,54.2322
Nifty 50,14-09-2012,18.74,3.04,1.48,56.9696
Nifty 50,17-09-2012,18.85,3.06,1.47,57.681
Nifty 50,18-09-2012,18.81,3.06,1.48,57.5586
Nifty 50,20-09-2012,18.66,3.03,1.49,56.5398
Nifty 50,21-09-2012,19.12,3.1,1.45,59.272
Nifty 50,24-09-2012,19.05,3.09,1.46,58.8645
Nifty 50,25-09-2012,19.06,3.1,1.46,59.086
Nifty 50,26-09-2012,19.02,3.09,1.46,58.7718
Nifty 50,27-09-2012,18.98,3.06,1.46,58.0788
Nifty 50,28-09-2012,19.17,3.18,1.42,60.9606
Nifty 50,01-10-2012,19.22,3.19,1.41,61.3118
Nifty 50,03-10-2012,19.27,3.19,1.41,61.4713
Nifty 50,04-10-2012,19.45,3.2,1.4,62.24
Nifty 50,05-10-2012,19.32,3.18,1.41,61.4376
Nifty 50,08-10-2012,19.08,3.14,1.43,59.9112
Nifty 50,09-10-2012,19.18,3.16,1.42,60.6088
Nifty 50,10-10-2012,19,3.13,1.43,59.47
Nifty 50,11-10-2012,19.19,3.16,1.42,60.6404
Nifty 50,12-10-2012,19,3.14,1.43,59.66
Nifty 50,15-10-2012,19.04,3.15,1.42,59.976
Nifty 50,16-10-2012,18.86,3.11,1.41,58.6546
Nifty 50,17-10-2012,18.88,3.11,1.4,58.7168
Nifty 50,18-10-2012,19.07,3.14,1.39,59.8798
Nifty 50,19-10-2012,18.94,3.12,1.4,59.0928
Nifty 50,22-10-2012,18.88,3.14,1.39,59.2832
Nifty 50,23-10-2012,18.77,3.11,1.42,58.3747
Nifty 50,25-10-2012,18.81,3.09,1.41,58.1229
Nifty 50,26-10-2012,18.57,3.06,1.42,56.8242
Nifty 50,29-10-2012,18.58,3.06,1.42,56.8548
Nifty 50,30-10-2012,18.36,3.02,1.44,55.4472
Nifty 50,31-10-2012,18.4,3.03,1.44,55.752
Nifty 50,01-11-2012,18.46,3.05,1.43,56.303
Nifty 50,02-11-2012,18.6,3.08,1.42,57.288
Nifty 50,05-11-2012,18.62,3.06,1.43,56.9772
Nifty 50,06-11-2012,18.66,3.07,1.43,57.2862
Nifty 50,07-11-2012,18.78,3.08,1.43,57.8424
Nifty 50,08-11-2012,18.61,3.06,1.43,56.9466
Nifty 50,09-11-2012,18.43,3.03,1.45,55.8429
Nifty 50,12-11-2012,17.95,3.02,1.44,54.209
Nifty 50,13-11-2012,17.9,3.02,1.45,54.058
Nifty 50,15-11-2012,17.78,3,1.45,53.34
Nifty 50,16-11-2012,17.62,2.97,1.47,52.3314
Nifty 50,19-11-2012,17.61,2.97,1.47,52.3017
Nifty 50,20-11-2012,17.61,2.97,1.47,52.3017
Nifty 50,21-11-2012,17.74,2.99,1.46,53.0426
Nifty 50,22-11-2012,17.79,3,1.46,53.37
Nifty 50,23-11-2012,17.78,2.99,1.46,53.1622
Nifty 50,26-11-2012,17.82,3,1.45,53.46
Nifty 50,27-11-2012,18.11,3.04,1.43,55.0544
Nifty 50,29-11-2012,18.42,3.09,1.41,56.9178
Nifty 50,30-11-2012,18.59,3.12,1.4,58.0008
Nifty 50,03-12-2012,18.56,3.11,1.4,57.7216
Nifty 50,04-12-2012,18.62,3.12,1.4,58.0944
Nifty 50,05-12-2012,18.66,3.13,1.4,58.4058
Nifty 50,06-12-2012,18.75,3.15,1.39,59.0625
Nifty 50,07-12-2012,18.68,3.13,1.4,58.4684
Nifty 50,10-12-2012,18.69,3.14,1.4,58.6866
Nifty 50,11-12-2012,18.66,3.13,1.4,58.4058
Nifty 50,12-12-2012,18.62,3.12,1.4,58.0944
Nifty 50,13-12-2012,18.51,3.11,1.41,57.5661
Nifty 50,14-12-2012,18.6,3.12,1.4,58.032
Nifty 50,17-12-2012,18.53,3.11,1.41,57.6283
Nifty 50,18-12-2012,18.65,3.13,1.4,58.3745
Nifty 50,19-12-2012,18.76,3.15,1.39,59.094
Nifty 50,20-12-2012,18.71,3.14,1.39,58.7494
Nifty 50,21-12-2012,18.5,3.1,1.41,57.35
Nifty 50,24-12-2012,18.52,3.11,1.41,57.5972
Nifty 50,26-12-2012,18.68,3.13,1.4,58.4684
Nifty 50,27-12-2012,18.57,3.12,1.4,57.9384
Nifty 50,28-12-2012,18.69,3.14,1.4,58.6866
Nifty 50,31-12-2012,18.68,3.13,1.4,58.4684
Nifty 50,01-01-2013,18.82,3.16,1.39,59.4712
Nifty 50,02-01-2013,18.96,3.18,1.38,60.2928
Nifty 50,03-01-2013,19.01,3.19,1.37,60.6419
Nifty 50,04-01-2013,19.03,3.19,1.37,60.7057
Nifty 50,07-01-2013,18.94,3.18,1.38,60.2292
Nifty 50,08-01-2013,18.98,3.19,1.37,60.5462
Nifty 50,09-01-2013,18.89,3.17,1.38,59.8813
Nifty 50,10-01-2013,18.88,3.17,1.38,59.8496
Nifty 50,11-01-2013,18.82,3.16,1.39,59.4712
Nifty 50,14-01-2013,19.05,3.2,1.37,60.96
Nifty 50,15-01-2013,19.12,3.21,1.36,61.3752
Nifty 50,16-01-2013,18.95,3.19,1.37,60.4505
Nifty 50,17-01-2013,19.07,3.21,1.36,61.2147
Nifty 50,18-01-2013,19.01,3.22,1.36,61.2122
Nifty 50,21-01-2013,18.97,3.23,1.36,61.2731
Nifty 50,22-01-2013,18.75,3.21,1.36,60.1875
Nifty 50,23-01-2013,18.76,3.21,1.36,60.2196
Nifty 50,24-01-2013,18.6,3.19,1.37,59.334
Nifty 50,25-01-2013,18.77,3.22,1.36,60.4394
Nifty 50,28-01-2013,18.75,3.22,1.36,60.375
Nifty 50,29-01-2013,18.67,3.21,1.36,59.9307
Nifty 50,30-01-2013,18.66,3.21,1.36,59.8986
Nifty 50,31-01-2013,18.5,3.2,1.37,59.2
Nifty 50,01-02-2013,18.42,3.18,1.37,58.5756
Nifty 50,04-02-2013,18.43,3.18,1.38,58.6074
Nifty 50,05-02-2013,18.33,3.16,1.38,57.9228
Nifty 50,06-02-2013,18.34,3.16,1.38,57.9544
Nifty 50,07-02-2013,18.27,3.15,1.39,57.5505
Nifty 50,08-02-2013,18.16,3.13,1.4,56.8408
Nifty 50,11-02-2013,18.17,3.13,1.4,56.8721
Nifty 50,12-02-2013,18.29,3.14,1.39,57.4306
Nifty 50,13-02-2013,18.33,3.15,1.39,57.7395
Nifty 50,14-02-2013,18.27,3.13,1.4,57.1851
Nifty 50,15-02-2013,18.21,3.13,1.4,56.9973
Nifty 50,18-02-2013,18.27,3.14,1.39,57.3678
Nifty 50,19-02-2013,18.52,3.16,1.38,58.5232
Nifty 50,20-02-2013,18.61,3.16,1.38,58.8076
Nifty 50,21-02-2013,18.32,3.11,1.4,56.9752
Nifty 50,22-02-2013,18.28,3.11,1.41,56.8508
Nifty 50,25-02-2013,18.29,3.11,1.4,56.8819
Nifty 50,26-02-2013,18,3.06,1.43,55.08
Nifty 50,27-02-2013,17.98,3.08,1.42,55.3784
Nifty 50,28-02-2013,17.66,3.03,1.44,53.5098
Nifty 50,01-03-2013,17.74,3.04,1.44,53.9296
Nifty 50,04-03-2013,17.67,3.03,1.44,53.5401
Nifty 50,05-03-2013,17.94,3.08,1.42,55.2552
Nifty 50,06-03-2013,18.05,3.1,1.41,55.955
Nifty 50,07-03-2013,18.19,3.12,1.4,56.7528
Nifty 50,08-03-2013,18.44,3.16,1.38,58.2704
Nifty 50,11-03-2013,18.37,3.15,1.39,57.8655
Nifty 50,12-03-2013,18.28,3.13,1.4,57.2164
Nifty 50,13-03-2013,18.09,3.1,1.41,56.079
Nifty 50,14-03-2013,18.26,3.13,1.4,57.1538
Nifty 50,15-03-2013,18.15,3.11,1.41,56.4465
Nifty 50,18-03-2013,18.04,3.09,1.42,55.7436
Nifty 50,19-03-2013,17.76,3.04,1.44,53.9904
Nifty 50,20-03-2013,17.6,3.01,1.45,52.976
Nifty 50,21-03-2013,17.49,3,1.46,52.47
Nifty 50,22-03-2013,17.47,2.99,1.46,52.2353
Nifty 50,25-03-2013,17.41,2.98,1.47,51.8818
Nifty 50,26-03-2013,17.44,2.98,1.47,51.9712
Nifty 50,28-03-2013,17.57,3.01,1.46,52.8857
Nifty 50,01-04-2013,17.51,3.01,1.46,52.7051
Nifty 50,02-04-2013,17.64,3.03,1.44,53.4492
Nifty 50,03-04-2013,17.41,2.99,1.46,52.0559
Nifty 50,04-04-2013,17.11,2.94,1.49,50.3034
Nifty 50,05-04-2013,17.04,2.93,1.49,49.9272
Nifty 50,08-04-2013,17.01,2.92,1.5,49.6692
Nifty 50,09-04-2013,16.86,2.9,1.51,48.894
Nifty 50,10-04-2013,17.06,2.93,1.49,49.9858
Nifty 50,11-04-2013,17.17,2.95,1.48,50.6515
Nifty 50,12-04-2013,16.96,2.91,1.5,49.3536
Nifty 50,15-04-2013,17.08,2.93,1.49,50.0444
Nifty 50,16-04-2013,17.45,3,1.46,52.35
Nifty 50,17-04-2013,17.31,3,1.46,51.93
Nifty 50,18-04-2013,17.6,3.05,1.44,53.68
Nifty 50,22-04-2013,17.76,3.07,1.42,54.5232
Nifty 50,23-04-2013,17.76,3.08,1.42,54.7008
Nifty 50,25-04-2013,18,3.12,1.4,56.16
Nifty 50,26-04-2013,17.73,3.09,1.41,54.7857
Nifty 50,29-04-2013,17.78,3.11,1.41,55.2958
Nifty 50,30-04-2013,17.85,3.13,1.4,55.8705
Nifty 50,02-05-2013,18.05,3.16,1.38,57.038
Nifty 50,03-05-2013,17.89,3.13,1.4,55.9957
Nifty 50,06-05-2013,17.97,3.15,1.39,56.6055
Nifty 50,07-05-2013,18.19,3.19,1.37,58.0261
Nifty 50,08-05-2013,18.2,3.2,1.37,58.24
Nifty 50,09-05-2013,18.11,3.19,1.37,57.7709
Nifty 50,10-05-2013,18.22,3.21,1.36,58.4862
Nifty 50,11-05-2013,18.26,3.22,1.36,58.7972
Nifty 50,13-05-2013,17.79,3.15,1.39,56.0385
Nifty 50,14-05-2013,17.88,3.16,1.38,56.5008
Nifty 50,15-05-2013,18.33,3.24,1.35,59.3892
Nifty 50,16-05-2013,18.33,3.25,1.35,59.5725
Nifty 50,17-05-2013,18.38,3.26,1.34,59.9188
Nifty 50,20-05-2013,18.37,3.25,1.35,59.7025
Nifty 50,21-05-2013,18.24,3.22,1.36,58.7328
Nifty 50,22-05-2013,18.15,3.21,1.36,58.2615
Nifty 50,23-05-2013,17.77,3.15,1.39,55.9755
Nifty 50,24-05-2013,17.88,3.15,1.39,56.322
Nifty 50,27-05-2013,18.19,3.21,1.36,58.3899
Nifty 50,28-05-2013,18.25,3.22,1.36,58.765
Nifty 50,29-05-2013,18.31,3.22,1.36,58.9582
Nifty 50,30-05-2013,18.37,3.23,1.36,59.3351
Nifty 50,31-05-2013,17.95,3.16,1.39,56.722
Nifty 50,03-06-2013,17.81,3.13,1.4,55.7453
Nifty 50,04-06-2013,17.75,3.12,1.4,55.38
Nifty 50,05-06-2013,17.77,3.12,1.4,55.4424
Nifty 50,06-06-2013,17.89,3.12,1.4,55.8168
Nifty 50,07-06-2013,17.76,3.1,1.41,55.056
Nifty 50,10-06-2013,17.73,3.1,1.41,54.963
Nifty 50,11-06-2013,17.47,3.06,1.43,53.4582
Nifty 50,12-06-2013,17.38,3.04,1.44,52.8352
Nifty 50,13-06-2013,17.2,3.01,1.45,51.772
Nifty 50,14-06-2013,17.53,3.07,1.43,53.8171
Nifty 50,17-06-2013,17.75,3.09,1.42,54.8475
Nifty 50,18-06-2013,17.64,3.07,1.43,54.1548
Nifty 50,19-06-2013,17.68,3.07,1.42,54.2776
Nifty 50,20-06-2013,17.17,2.99,1.47,51.3383
Nifty 50,21-06-2013,17.2,2.99,1.46,51.428
Nifty 50,24-06-2013,16.97,2.95,1.48,50.0615
Nifty 50,25-06-2013,17.03,2.96,1.48,50.4088
Nifty 50,26-06-2013,16.96,2.95,1.48,50.032
Nifty 50,27-06-2013,17.28,2.98,1.46,51.4944
Nifty 50,28-06-2013,17.76,3.04,1.43,53.9904
Nifty 50,01-07-2013,17.96,3.07,1.4,55.1372
Nifty 50,02-07-2013,17.84,3.05,1.41,54.412
Nifty 50,03-07-2013,17.57,2.98,1.42,52.3586
Nifty 50,04-07-2013,17.77,2.99,1.42,53.1323
Nifty 50,05-07-2013,17.87,3,1.41,53.61
Nifty 50,08-07-2013,17.71,2.98,1.42,52.7758
Nifty 50,09-07-2013,17.85,3,1.41,53.55
Nifty 50,10-07-2013,17.73,2.98,1.42,52.8354
Nifty 50,11-07-2013,18.09,3.04,1.39,54.9936
Nifty 50,12-07-2013,18.31,3.08,1.38,56.3948
Nifty 50,15-07-2013,18.36,3.09,1.37,56.7324
Nifty 50,16-07-2013,18.13,3.05,1.39,55.2965
Nifty 50,17-07-2013,18.18,3.06,1.38,55.6308
Nifty 50,18-07-2013,18.32,3.09,1.37,56.6088
Nifty 50,19-07-2013,18.3,3.09,1.37,56.547
Nifty 50,22-07-2013,18.23,3.09,1.37,56.3307
Nifty 50,23-07-2013,18.32,3.11,1.36,56.9752
Nifty 50,24-07-2013,18.03,3.07,1.38,55.3521
Nifty 50,25-07-2013,17.68,3.02,1.4,53.3936
Nifty 50,26-07-2013,17.58,3.01,1.4,52.9158
Nifty 50,29-07-2013,17.31,2.93,1.44,50.7183
Nifty 50,30-07-2013,17.11,2.85,1.46,48.7635
Nifty 50,31-07-2013,17.05,2.84,1.47,48.422
Nifty 50,01-08-2013,17.03,2.84,1.47,48.3652
Nifty 50,02-08-2013,16.88,2.81,1.48,47.4328
Nifty 50,05-08-2013,16.94,2.82,1.48,47.7708
Nifty 50,06-08-2013,16.51,2.75,1.52,45.4025
Nifty 50,07-08-2013,16.36,2.73,1.53,44.6628
Nifty 50,08-08-2013,16.5,2.76,1.51,45.54
Nifty 50,12-08-2013,16.59,2.78,1.5,46.1202
Nifty 50,13-08-2013,16.84,2.82,1.48,47.4888
Nifty 50,14-08-2013,16.97,2.84,1.47,48.1948
Nifty 50,16-08-2013,16.35,2.73,1.53,44.6355
Nifty 50,19-08-2013,15.62,2.68,1.56,41.8616
Nifty 50,20-08-2013,15.58,2.68,1.56,41.7544
Nifty 50,21-08-2013,15.3,2.63,1.59,40.239
Nifty 50,22-08-2013,15.6,2.68,1.56,41.808
Nifty 50,23-08-2013,15.79,2.71,1.54,42.7909
Nifty 50,26-08-2013,15.8,2.71,1.54,42.818
Nifty 50,27-08-2013,15.24,2.62,1.59,39.9288
Nifty 50,28-08-2013,15.23,2.62,1.6,39.9026
Nifty 50,29-08-2013,15.59,2.68,1.56,41.7812
Nifty 50,30-08-2013,15.77,2.71,1.54,42.7367
Nifty 50,02-09-2013,16,2.75,1.52,44
Nifty 50,03-09-2013,15.4,2.65,1.58,40.81
Nifty 50,04-09-2013,15.7,2.7,1.55,42.39
Nifty 50,05-09-2013,16.12,2.77,1.51,44.6524
Nifty 50,06-09-2013,16.37,2.81,1.48,45.9997
Nifty 50,10-09-2013,17.14,2.95,1.42,50.563
Nifty 50,11-09-2013,17.19,2.96,1.41,50.8824
Nifty 50,12-09-2013,17,2.89,1.44,49.13
Nifty 50,13-09-2013,17,2.87,1.44,48.79
Nifty 50,16-09-2013,16.98,2.85,1.45,48.393
Nifty 50,17-09-2013,17,2.84,1.45,48.28
Nifty 50,18-09-2013,17.15,2.86,1.49,49.049
Nifty 50,19-09-2013,17.77,2.95,1.42,52.4215
Nifty 50,20-09-2013,17.47,2.88,1.47,50.3136
Nifty 50,23-09-2013,17.12,2.82,1.5,48.2784
Nifty 50,24-09-2013,17.13,2.79,1.51,47.7927
Nifty 50,25-09-2013,17.07,2.79,1.55,47.6253
Nifty 50,26-09-2013,17.1,2.79,1.55,47.709
Nifty 50,27-09-2013,17.11,2.82,1.56,48.2502
Nifty 50,30-09-2013,16.82,2.77,1.56,46.5914
Nifty 50,01-10-2013,16.95,2.78,1.56,47.121
Nifty 50,03-10-2013,17.33,2.82,1.54,48.8706
Nifty 50,04-10-2013,17.32,2.81,1.56,48.6692
Nifty 50,07-10-2013,17.32,2.81,1.56,48.6692
Nifty 50,08-10-2013,17.38,2.82,1.56,49.0116
Nifty 50,09-10-2013,17.62,2.86,1.54,50.3932
Nifty 50,10-10-2013,17.66,2.86,1.53,50.5076
Nifty 50,11-10-2013,17.88,2.9,1.52,51.852
Nifty 50,14-10-2013,17.94,2.91,1.51,52.2054
Nifty 50,15-10-2013,17.85,2.9,1.52,51.765
Nifty 50,17-10-2013,17.63,2.88,1.53,50.7744
Nifty 50,18-10-2013,18.02,2.95,1.49,53.159
Nifty 50,21-10-2013,18.07,2.96,1.49,53.4872
Nifty 50,22-10-2013,18.01,2.95,1.49,53.1295
Nifty 50,23-10-2013,17.83,2.93,1.49,52.2419
Nifty 50,24-10-2013,17.79,2.93,1.5,52.1247
Nifty 50,25-10-2013,17.73,2.92,1.5,51.7716
Nifty 50,28-10-2013,17.61,2.9,1.51,51.069
Nifty 50,29-10-2013,17.95,2.95,1.48,52.9525
Nifty 50,30-10-2013,18.04,2.97,1.47,53.5788
Nifty 50,31-10-2013,18.18,2.99,1.46,54.3582
Nifty 50,01-11-2013,18.2,3,1.46,54.6
Nifty 50,03-11-2013,18.23,3,1.46,54.69
Nifty 50,05-11-2013,18.06,2.97,1.47,53.6382
Nifty 50,06-11-2013,17.92,2.95,1.48,52.864
Nifty 50,07-11-2013,17.78,2.94,1.49,52.2732
Nifty 50,08-11-2013,17.65,2.92,1.5,51.538
Nifty 50,11-11-2013,17.48,2.89,1.52,50.5172
Nifty 50,12-11-2013,17.31,2.86,1.53,49.5066
Nifty 50,13-11-2013,17.23,2.85,1.54,49.1055
Nifty 50,14-11-2013,17.42,2.88,1.52,50.1696
Nifty 50,18-11-2013,17.76,2.95,1.49,52.392
Nifty 50,19-11-2013,17.85,2.95,1.49,52.6575
Nifty 50,20-11-2013,17.61,2.91,1.51,51.2451
Nifty 50,21-11-2013,17.26,2.85,1.54,49.191
Nifty 50,22-11-2013,17.71,2.85,1.55,50.4735
Nifty 50,25-11-2013,18.06,2.9,1.52,52.374
Nifty 50,26-11-2013,17.94,2.88,1.53,51.6672
Nifty 50,27-11-2013,18.03,2.88,1.54,51.9264
Nifty 50,28-11-2013,18.13,2.89,1.53,52.3957
Nifty 50,29-11-2013,18.38,2.93,1.51,53.8534
Nifty 50,02-12-2013,18.51,2.95,1.5,54.6045
Nifty 50,03-12-2013,18.46,2.94,1.51,54.2724
Nifty 50,04-12-2013,18.34,2.92,1.52,53.5528
Nifty 50,05-12-2013,18.58,2.96,1.5,54.9968
Nifty 50,06-12-2013,18.58,2.97,1.49,55.1826
Nifty 50,09-12-2013,18.9,3.02,1.47,57.078
Nifty 50,10-12-2013,18.8,3.01,1.47,56.588
Nifty 50,11-12-2013,18.73,3,1.48,56.19
Nifty 50,12-12-2013,18.52,2.96,1.5,54.8192
Nifty 50,13-12-2013,18.32,2.93,1.51,53.6776
Nifty 50,16-12-2013,18.27,2.92,1.52,53.3484
Nifty 50,17-12-2013,18.23,2.91,1.52,53.0493
Nifty 50,18-12-2013,18.46,2.95,1.5,54.457
Nifty 50,19-12-2013,18.31,2.93,1.51,53.6483
Nifty 50,20-12-2013,18.63,2.98,1.49,55.5174
Nifty 50,23-12-2013,18.66,2.98,1.49,55.6068
Nifty 50,24-12-2013,18.61,2.98,1.49,55.4578
Nifty 50,26-12-2013,18.64,2.98,1.49,55.5472
Nifty 50,27-12-2013,18.75,3,1.48,56.25
Nifty 50,30-12-2013,18.66,2.99,1.49,55.7934
Nifty 50,31-12-2013,18.7,2.99,1.48,55.913
Nifty 50,01-01-2014,18.69,2.99,1.49,55.8831
Nifty 50,02-01-2014,18.46,2.95,1.5,54.457
Nifty 50,03-01-2014,18.43,2.95,1.51,54.3685
Nifty 50,06-01-2014,18.37,2.94,1.51,54.0078
Nifty 50,07-01-2014,18.28,2.92,1.52,53.3776
Nifty 50,08-01-2014,18.32,2.93,1.52,53.6776
Nifty 50,09-01-2014,18.3,2.93,1.52,53.619
Nifty 50,10-01-2014,18.24,2.93,1.52,53.4432
Nifty 50,13-01-2014,18.55,2.98,1.49,55.279
Nifty 50,14-01-2014,18.44,2.96,1.5,54.5824
Nifty 50,15-01-2014,18.68,3,1.48,56.04
Nifty 50,16-01-2014,18.63,3,1.48,55.89
Nifty 50,17-01-2014,18.45,2.97,1.5,54.7965
Nifty 50,20-01-2014,18.35,2.99,1.49,54.8665
Nifty 50,21-01-2014,18.38,2.99,1.48,54.9562
Nifty 50,22-01-2014,18.45,3,1.48,55.35
Nifty 50,23-01-2014,18.49,3,1.48,55.47
Nifty 50,24-01-2014,18.25,2.97,1.49,54.2025
Nifty 50,27-01-2014,17.85,2.9,1.53,51.765
Nifty 50,28-01-2014,17.82,2.9,1.53,51.678
Nifty 50,29-01-2014,17.79,2.9,1.53,51.591
Nifty 50,30-01-2014,17.65,2.87,1.54,50.6555
Nifty 50,31-01-2014,17.7,2.88,1.54,50.976
Nifty 50,03-02-2014,17.34,2.84,1.56,49.2456
Nifty 50,04-02-2014,17.35,2.84,1.56,49.274
Nifty 50,05-02-2014,17.41,2.85,1.56,49.6185
Nifty 50,06-02-2014,17.16,2.86,1.55,49.0776
Nifty 50,07-02-2014,17.25,2.87,1.54,49.5075
Nifty 50,10-02-2014,17.24,2.87,1.55,49.4788
Nifty 50,11-02-2014,17.26,2.87,1.54,49.5362
Nifty 50,12-02-2014,17.32,2.88,1.54,49.8816
Nifty 50,13-02-2014,17.09,2.84,1.56,48.5356
Nifty 50,14-02-2014,17.22,2.87,1.55,49.4214
Nifty 50,17-02-2014,17.28,2.87,1.54,49.5936
Nifty 50,18-02-2014,17.59,2.9,1.53,51.011
Nifty 50,19-02-2014,17.59,2.91,1.52,51.1869
Nifty 50,20-02-2014,17.42,2.88,1.54,50.1696
Nifty 50,21-02-2014,17.33,2.91,1.52,50.4303
Nifty 50,24-02-2014,17.42,2.93,1.51,51.0406
Nifty 50,25-02-2014,17.46,2.93,1.51,51.1578
Nifty 50,26-02-2014,17.57,2.95,1.5,51.8315
Nifty 50,28-02-2014,17.67,2.97,1.49,52.4799
Nifty 50,03-03-2014,17.52,2.94,1.5,51.5088
Nifty 50,04-03-2014,17.73,2.98,1.49,52.8354
Nifty 50,05-03-2014,17.82,2.99,1.48,53.2818
Nifty 50,06-03-2014,18.02,3.03,1.46,54.6006
Nifty 50,07-03-2014,18.38,3.09,1.43,56.7942
Nifty 50,10-03-2014,18.41,3.09,1.43,56.8869
Nifty 50,11-03-2014,18.34,3.08,1.44,56.4872
Nifty 50,12-03-2014,18.35,3.08,1.44,56.518
Nifty 50,13-03-2014,18.28,3.07,1.44,56.1196
Nifty 50,14-03-2014,18.31,3.08,1.44,56.3948
Nifty 50,18-03-2014,18.35,3.08,1.44,56.518
Nifty 50,19-03-2014,18.38,3.09,1.43,56.7942
Nifty 50,20-03-2014,18.26,3.07,1.44,56.0582
Nifty 50,21-03-2014,18.29,3.07,1.44,56.1503
Nifty 50,22-03-2014,18.29,3.07,1.44,56.1503
Nifty 50,24-03-2014,18.54,3.12,1.42,57.8448
Nifty 50,25-03-2014,18.56,3.12,1.42,57.9072
Nifty 50,26-03-2014,18.59,3.12,1.42,58.0008
Nifty 50,27-03-2014,18.71,3.14,1.41,58.7494
Nifty 50,28-03-2014,18.84,3.23,1.37,60.8532
Nifty 50,31-03-2014,18.86,3.23,1.37,60.9178
Nifty 50,01-04-2014,18.91,3.24,1.37,61.2684
Nifty 50,02-04-2014,19,3.26,1.36,61.94
Nifty 50,03-04-2014,18.95,3.25,1.37,61.5875
Nifty 50,04-04-2014,18.84,3.23,1.37,60.8532
Nifty 50,07-04-2014,18.84,3.23,1.37,60.8532
Nifty 50,09-04-2014,19.12,3.28,1.35,62.7136
Nifty 50,10-04-2014,19.12,3.28,1.35,62.7136
Nifty 50,11-04-2014,19.07,3.27,1.36,62.3589
Nifty 50,15-04-2014,18.95,3.25,1.37,61.5875
Nifty 50,16-04-2014,18.79,3.22,1.38,60.5038
Nifty 50,17-04-2014,19.04,3.27,1.36,62.2608
Nifty 50,21-04-2014,19.14,3.29,1.35,62.9706
Nifty 50,22-04-2014,19.13,3.29,1.35,62.9377
Nifty 50,23-04-2014,19.2,3.3,1.34,63.36
Nifty 50,25-04-2014,19.04,3.27,1.36,62.2608
Nifty 50,28-04-2014,18.98,3.26,1.36,61.8748
Nifty 50,29-04-2014,18.88,3.24,1.37,61.1712
Nifty 50,30-04-2014,18.79,3.23,1.37,60.6917
Nifty 50,02-05-2014,18.72,3.2,1.42,59.904
Nifty 50,05-05-2014,18.69,3.21,1.42,59.9949
Nifty 50,06-05-2014,18.74,3.21,1.41,60.1554
Nifty 50,07-05-2014,18.56,3.18,1.43,59.0208
Nifty 50,08-05-2014,18.52,3.17,1.45,58.7084
Nifty 50,09-05-2014,19.1,3.26,1.41,62.266
Nifty 50,12-05-2014,19.47,3.33,1.38,64.8351
Nifty 50,13-05-2014,19.67,3.38,1.36,66.4846
Nifty 50,14-05-2014,19.67,3.38,1.36,66.4846
Nifty 50,15-05-2014,19.71,3.38,1.36,66.6198
Nifty 50,16-05-2014,19.93,3.42,1.34,68.1606
Nifty 50,19-05-2014,20.15,3.45,1.33,69.5175
Nifty 50,20-05-2014,20.21,3.46,1.33,69.9266
Nifty 50,21-05-2014,20.07,3.44,1.33,69.0408
Nifty 50,22-05-2014,20.14,3.46,1.33,69.6844
Nifty 50,23-05-2014,20.39,3.5,1.31,71.365
Nifty 50,26-05-2014,20.32,3.49,1.31,70.9168
Nifty 50,27-05-2014,20.21,3.48,1.32,70.3308
Nifty 50,28-05-2014,20.22,3.48,1.32,70.3656
Nifty 50,29-05-2014,19.79,3.44,1.34,68.0776
Nifty 50,30-05-2014,19.82,3.43,1.34,67.9826
Nifty 50,02-06-2014,20.27,3.5,1.31,70.945
Nifty 50,03-06-2014,20.46,3.52,1.3,72.0192
Nifty 50,04-06-2014,20.42,3.52,1.31,71.8784
Nifty 50,05-06-2014,20.6,3.55,1.29,73.13
Nifty 50,06-06-2014,20.75,3.6,1.28,74.7
Nifty 50,09-06-2014,20.85,3.62,1.26,75.477
Nifty 50,10-06-2014,20.86,3.62,1.26,75.5132
Nifty 50,11-06-2014,20.78,3.56,1.28,73.9768
Nifty 50,12-06-2014,20.84,3.58,1.28,74.6072
Nifty 50,13-06-2014,20.55,3.52,1.28,72.336
Nifty 50,16-06-2014,20.53,3.52,1.28,72.2656
Nifty 50,17-06-2014,20.76,3.48,1.28,72.2448
Nifty 50,18-06-2014,20.56,3.45,1.3,70.932
Nifty 50,19-06-2014,20.52,3.44,1.3,70.5888
Nifty 50,20-06-2014,20.38,3.43,1.3,69.9034
Nifty 50,23-06-2014,20.33,3.42,1.31,69.5286
Nifty 50,24-06-2014,20.56,3.46,1.29,71.1376
Nifty 50,25-06-2014,20.53,3.46,1.29,71.0338
Nifty 50,26-06-2014,20.33,3.42,1.31,69.5286
Nifty 50,27-06-2014,20.37,3.43,1.31,69.8691
Nifty 50,30-06-2014,20.65,3.48,1.29,71.862
Nifty 50,01-07-2014,20.71,3.49,1.28,72.2779
Nifty 50,02-07-2014,20.96,3.53,1.27,73.9888
Nifty 50,03-07-2014,20.93,3.52,1.27,73.6736
Nifty 50,04-07-2014,20.99,3.54,1.26,74.3046
Nifty 50,07-07-2014,21.08,3.56,1.26,75.0448
Nifty 50,08-07-2014,20.64,3.48,1.29,71.8272
Nifty 50,09-07-2014,20.54,3.46,1.29,71.0684
Nifty 50,10-07-2014,20.48,3.46,1.3,70.8608
Nifty 50,11-07-2014,20.12,3.41,1.31,68.6092
Nifty 50,14-07-2014,20.12,3.41,1.31,68.6092
Nifty 50,15-07-2014,20.31,3.44,1.3,69.8664
Nifty 50,16-07-2014,20.57,3.48,1.29,71.5836
Nifty 50,17-07-2014,20.62,3.49,1.28,71.9638
Nifty 50,18-07-2014,20.6,3.5,1.28,72.1
Nifty 50,21-07-2014,20.58,3.51,1.28,72.2358
Nifty 50,22-07-2014,20.78,3.54,1.26,73.5612
Nifty 50,23-07-2014,20.82,3.56,1.26,74.1192
Nifty 50,24-07-2014,20.92,3.57,1.25,74.6844
Nifty 50,25-07-2014,20.79,3.55,1.26,73.8045
Nifty 50,28-07-2014,20.66,3.53,1.27,72.9298
Nifty 50,30-07-2014,20.78,3.54,1.27,73.5612
Nifty 50,31-07-2014,20.56,3.48,1.3,71.5488
Nifty 50,01-08-2014,20.05,3.42,1.32,68.571
Nifty 50,04-08-2014,20.26,3.46,1.31,70.0996
Nifty 50,05-08-2014,20.43,3.48,1.3,71.0964
Nifty 50,06-08-2014,20.2,3.4,1.32,68.68
Nifty 50,07-08-2014,20.14,3.35,1.32,67.469
Nifty 50,08-08-2014,19.93,3.29,1.34,65.5697
Nifty 50,11-08-2014,20,3.32,1.33,66.4
Nifty 50,12-08-2014,20.26,3.36,1.31,68.0736
Nifty 50,13-08-2014,20.31,3.37,1.31,68.4447
Nifty 50,14-08-2014,20.45,3.39,1.3,69.3255
Nifty 50,18-08-2014,20.57,3.43,1.29,70.5551
Nifty 50,19-08-2014,20.63,3.44,1.28,70.9672
Nifty 50,20-08-2014,20.58,3.43,1.29,70.5894
Nifty 50,21-08-2014,20.63,3.43,1.29,70.7609
Nifty 50,22-08-2014,20.69,3.44,1.28,71.1736
Nifty 50,25-08-2014,20.67,3.44,1.28,71.1048
Nifty 50,26-08-2014,20.67,3.44,1.28,71.1048
Nifty 50,27-08-2014,20.75,3.45,1.28,71.5875
Nifty 50,28-08-2014,20.8,3.46,1.27,71.968
Nifty 50,01-09-2014,20.99,3.49,1.26,73.2551
Nifty 50,02-09-2014,21.14,3.52,1.25,74.4128
Nifty 50,03-09-2014,21.22,3.53,1.25,74.9066
Nifty 50,04-09-2014,21.17,3.52,1.25,74.5184
Nifty 50,05-09-2014,21.15,3.52,1.25,74.448
Nifty 50,08-09-2014,21.73,3.56,1.24,77.3588
Nifty 50,09-09-2014,21.68,3.55,1.24,76.964
Nifty 50,10-09-2014,21.52,3.52,1.25,75.7504
Nifty 50,11-09-2014,21.5,3.52,1.25,75.68
Nifty 50,12-09-2014,21.55,3.53,1.25,76.0715
Nifty 50,15-09-2014,21.38,3.5,1.26,74.83
Nifty 50,16-09-2014,21.09,3.45,1.28,72.7605
Nifty 50,17-09-2014,21.21,3.47,1.27,73.5987
Nifty 50,18-09-2014,21.58,3.53,1.25,76.1774
Nifty 50,19-09-2014,21.23,3.55,1.25,75.3665
Nifty 50,22-09-2014,21.3,3.56,1.25,75.828
Nifty 50,23-09-2014,20.96,3.5,1.27,73.36
Nifty 50,24-09-2014,20.92,3.48,1.31,72.8016
Nifty 50,25-09-2014,20.68,3.43,1.33,70.9324
Nifty 50,26-09-2014,20.83,3.45,1.31,71.8635
Nifty 50,29-09-2014,20.81,3.44,1.32,71.5864
Nifty 50,30-09-2014,20.82,3.43,1.31,71.4126
Nifty 50,01-10-2014,20.77,3.4,1.32,70.618
Nifty 50,07-10-2014,20.53,3.36,1.34,68.9808
Nifty 50,08-10-2014,20.5,3.34,1.34,68.47
Nifty 50,09-10-2014,20.81,3.37,1.33,70.1297
Nifty 50,10-10-2014,20.55,3.33,1.35,68.4315
Nifty 50,13-10-2014,20.47,3.34,1.34,68.3698
Nifty 50,14-10-2014,20.41,3.33,1.34,67.9653
Nifty 50,16-10-2014,20.13,3.28,1.36,66.0264
Nifty 50,17-10-2014,20.21,3.3,1.36,66.693
Nifty 50,20-10-2014,20.47,3.34,1.34,68.3698
Nifty 50,21-10-2014,20.53,3.36,1.33,68.9808
Nifty 50,22-10-2014,20.65,3.39,1.32,70.0035
Nifty 50,23-10-2014,20.7,3.4,1.32,70.38
Nifty 50,27-10-2014,20.64,3.39,1.32,69.9696
Nifty 50,28-10-2014,20.75,3.4,1.32,70.55
Nifty 50,29-10-2014,20.92,3.43,1.31,71.7556
Nifty 50,30-10-2014,21.16,3.46,1.29,73.2136
Nifty 50,31-10-2014,21.58,3.51,1.27,75.7458
Nifty 50,03-11-2014,21.58,3.51,1.27,75.7458
Nifty 50,05-11-2014,21.54,3.52,1.27,75.8208
Nifty 50,07-11-2014,21.31,3.52,1.27,75.0112
Nifty 50,10-11-2014,21.24,3.52,1.27,74.7648
Nifty 50,11-11-2014,21.29,3.53,1.27,75.1537
Nifty 50,12-11-2014,21.33,3.54,1.26,75.5082
Nifty 50,13-11-2014,21.26,3.53,1.27,75.0478
Nifty 50,14-11-2014,21.35,3.54,1.26,75.579
Nifty 50,17-11-2014,21.45,3.56,1.25,76.362
Nifty 50,18-11-2014,21.47,3.56,1.26,76.4332
Nifty 50,19-11-2014,21.33,3.54,1.26,75.5082
Nifty 50,20-11-2014,21.51,3.55,1.26,76.3605
Nifty 50,21-11-2014,21.7,3.58,1.25,77.686
Nifty 50,24-11-2014,21.78,3.6,1.24,78.408
Nifty 50,25-11-2014,21.61,3.57,1.25,77.1477
Nifty 50,26-11-2014,21.65,3.58,1.25,77.507
Nifty 50,27-11-2014,21.7,3.59,1.25,77.903
Nifty 50,28-11-2014,21.94,3.63,1.23,79.6422
Nifty 50,01-12-2014,21.85,3.61,1.24,78.8785
Nifty 50,02-12-2014,21.77,3.6,1.24,78.372
Nifty 50,03-12-2014,21.81,3.61,1.24,78.7341
Nifty 50,04-12-2014,21.87,3.62,1.23,79.1694
Nifty 50,05-12-2014,21.81,3.61,1.24,78.7341
Nifty 50,08-12-2014,21.56,3.57,1.25,76.9692
Nifty 50,09-12-2014,21.31,3.52,1.27,75.0112
Nifty 50,10-12-2014,21.35,3.53,1.27,75.3655
Nifty 50,11-12-2014,21.19,3.5,1.27,74.165
Nifty 50,12-12-2014,21.01,3.47,1.29,72.9047
Nifty 50,15-12-2014,21,3.47,1.29,72.87
Nifty 50,16-12-2014,20.61,3.41,1.31,70.2801
Nifty 50,17-12-2014,20.51,3.39,1.32,69.5289
Nifty 50,18-12-2014,20.85,3.45,1.3,71.9325
Nifty 50,19-12-2014,21.01,3.48,1.29,73.1148
Nifty 50,22-12-2014,21.27,3.52,1.27,74.8704
Nifty 50,23-12-2014,21.12,3.49,1.28,73.7088
Nifty 50,24-12-2014,20.88,3.45,1.29,72.036
Nifty 50,26-12-2014,20.95,3.46,1.29,72.487
Nifty 50,29-12-2014,21.07,3.47,1.28,73.1129
Nifty 50,30-12-2014,21.07,3.48,1.28,73.3236
Nifty 50,31-12-2014,21.16,3.49,1.27,73.8484
Nifty 50,01-01-2015,21.16,3.49,1.27,73.8484
Nifty 50,02-01-2015,21.45,3.54,1.26,75.933
Nifty 50,05-01-2015,21.4,3.53,1.26,75.542
Nifty 50,06-01-2015,20.76,3.42,1.3,70.9992
Nifty 50,07-01-2015,20.7,3.41,1.3,70.587
Nifty 50,08-01-2015,21.04,3.47,1.28,73.0088
Nifty 50,09-01-2015,21.16,3.49,1.27,73.8484
Nifty 50,12-01-2015,21.27,3.51,1.27,74.6577
Nifty 50,13-01-2015,21.21,3.5,1.27,74.235
Nifty 50,14-01-2015,21.14,3.49,1.27,73.7786
Nifty 50,15-01-2015,21.7,3.58,1.24,77.686
Nifty 50,16-01-2015,21.75,3.59,1.24,78.0825
Nifty 50,19-01-2015,21.8,3.6,1.23,78.48
Nifty 50,20-01-2015,22.16,3.67,1.21,81.3272
Nifty 50,21-01-2015,22.21,3.68,1.21,81.7328
Nifty 50,22-01-2015,22.25,3.69,1.2,82.1025
Nifty 50,23-01-2015,22.48,3.73,1.19,83.8504
Nifty 50,27-01-2015,22.67,3.76,1.18,85.2392
Nifty 50,28-01-2015,22.67,3.76,1.18,85.2392
Nifty 50,29-01-2015,22.84,3.77,1.18,86.1068
Nifty 50,30-01-2015,22.48,3.71,1.2,83.4008
Nifty 50,02-02-2015,22.51,3.71,1.2,83.5121
Nifty 50,03-02-2015,22.42,3.69,1.21,82.7298
Nifty 50,04-02-2015,22.53,3.68,1.21,82.9104
Nifty 50,05-02-2015,22.57,3.67,1.21,82.8319
Nifty 50,06-02-2015,22.44,3.65,1.22,81.906
Nifty 50,09-02-2015,22.59,3.59,1.24,81.0981
Nifty 50,10-02-2015,22.69,3.61,1.23,81.9109
Nifty 50,11-02-2015,22.85,3.64,1.22,83.174
Nifty 50,12-02-2015,23.07,3.67,1.21,84.6669
Nifty 50,13-02-2015,23.31,3.71,1.2,86.4801
Nifty 50,16-02-2015,23.22,3.74,1.25,86.8428
Nifty 50,18-02-2015,23.28,3.77,1.24,87.7656
Nifty 50,19-02-2015,23.76,3.78,1.24,89.8128
Nifty 50,20-02-2015,23.62,3.75,1.25,88.575
Nifty 50,23-02-2015,23.41,3.72,1.26,87.0852
Nifty 50,24-02-2015,23.43,3.72,1.26,87.1596
Nifty 50,25-02-2015,23.44,3.72,1.26,87.1968
Nifty 50,26-02-2015,23.22,3.69,1.27,85.6818
Nifty 50,27-02-2015,23.65,3.76,1.24,88.924
Nifty 50,28-02-2015,23.8,3.78,1.24,89.964
Nifty 50,02-03-2015,23.95,3.8,1.23,91.01
Nifty 50,03-03-2015,24.06,3.82,1.22,91.9092
Nifty 50,04-03-2015,23.86,3.79,1.23,90.4294
Nifty 50,05-03-2015,23.9,3.8,1.23,90.82
Nifty 50,09-03-2015,23.48,3.73,1.25,87.5804
Nifty 50,10-03-2015,23.36,3.71,1.26,86.6656
Nifty 50,11-03-2015,23.32,3.7,1.26,86.284
Nifty 50,12-03-2015,23.53,3.74,1.25,88.0022
Nifty 50,13-03-2015,23.18,3.68,1.27,85.3024
Nifty 50,16-03-2015,23.14,3.68,1.27,85.1552
Nifty 50,17-03-2015,23.39,3.71,1.26,86.7769
Nifty 50,18-03-2015,23.29,3.7,1.26,86.173
Nifty 50,19-03-2015,23.15,3.68,1.27,85.192
Nifty 50,20-03-2015,22.98,3.65,1.28,83.877
Nifty 50,23-03-2015,22.92,3.64,1.28,83.4288
Nifty 50,24-03-2015,22.9,3.64,1.29,83.356
Nifty 50,25-03-2015,22.87,3.63,1.29,83.0181
Nifty 50,26-03-2015,22.36,3.55,1.32,79.378
Nifty 50,27-03-2015,22.3,3.59,1.3,80.057
Nifty 50,30-03-2015,22.7,3.65,1.28,82.855
Nifty 50,31-03-2015,22.7,3.65,1.28,82.855
Nifty 50,01-04-2015,22.95,3.69,1.27,84.6855
Nifty 50,06-04-2015,23.18,3.73,1.26,86.4614
Nifty 50,07-04-2015,23.19,3.73,1.25,86.4987
Nifty 50,08-04-2015,23.33,3.75,1.25,87.4875
Nifty 50,09-04-2015,23.5,3.78,1.24,88.83
Nifty 50,10-04-2015,23.51,3.78,1.24,88.8678
Nifty 50,13-04-2015,23.66,3.81,1.23,90.1446
Nifty 50,15-04-2015,23.43,3.77,1.25,88.3311
Nifty 50,16-04-2015,23.33,3.75,1.25,87.4875
Nifty 50,17-04-2015,23.06,3.71,1.27,85.5526
Nifty 50,20-04-2015,22.64,3.64,1.29,82.4096
Nifty 50,21-04-2015,22.44,3.61,1.3,81.0084
Nifty 50,22-04-2015,22.59,3.63,1.29,82.0017
Nifty 50,23-04-2015,22.5,3.62,1.3,81.45
Nifty 50,24-04-2015,22.34,3.58,1.4,79.9772
Nifty 50,27-04-2015,22.26,3.56,1.4,79.2456
Nifty 50,28-04-2015,22.46,3.59,1.39,80.6314
Nifty 50,29-04-2015,22.29,3.57,1.4,79.5753
Nifty 50,30-04-2015,22.07,3.53,1.45,77.9071
Nifty 50,04-05-2015,22.47,3.59,1.43,80.6673
Nifty 50,05-05-2015,22.45,3.59,1.43,80.5955
Nifty 50,06-05-2015,21.71,3.49,1.47,75.7679
Nifty 50,07-05-2015,21.61,3.47,1.47,74.9867
Nifty 50,08-05-2015,21.92,3.53,1.45,77.3776
Nifty 50,11-05-2015,22.41,3.62,1.42,81.1242
Nifty 50,12-05-2015,21.92,3.53,1.45,77.3776
Nifty 50,13-05-2015,22.17,3.58,1.43,79.3686
Nifty 50,14-05-2015,22.14,3.56,1.44,78.8184
Nifty 50,15-05-2015,22.24,3.58,1.43,79.6192
Nifty 50,18-05-2015,22.57,3.63,1.41,81.9291
Nifty 50,19-05-2015,22.55,3.62,1.41,81.631
Nifty 50,20-05-2015,22.69,3.65,1.4,82.8185
Nifty 50,21-05-2015,22.67,3.65,1.4,82.7455
Nifty 50,22-05-2015,22.94,3.62,1.4,83.0428
Nifty 50,25-05-2015,22.64,3.58,1.41,81.0512
Nifty 50,26-05-2015,22.55,3.57,1.42,80.5035
Nifty 50,27-05-2015,22.6,3.57,1.42,80.682
Nifty 50,28-05-2015,22.61,3.56,1.42,80.4916
Nifty 50,29-05-2015,23.12,3.66,1.39,84.6192
Nifty 50,01-06-2015,23.25,3.65,1.39,84.8625
Nifty 50,02-06-2015,22.71,3.57,1.43,81.0747
Nifty 50,03-06-2015,22.41,3.53,1.45,79.1073
Nifty 50,04-06-2015,22.53,3.52,1.45,79.3056
Nifty 50,05-06-2015,22.49,3.47,1.45,78.0403
Nifty 50,08-06-2015,22.29,3.44,1.47,76.6776
Nifty 50,09-06-2015,22.23,3.44,1.47,76.4712
Nifty 50,10-06-2015,22.52,3.48,1.45,78.3696
Nifty 50,11-06-2015,22.08,3.41,1.48,75.2928
Nifty 50,12-06-2015,22.12,3.4,1.49,75.208
Nifty 50,15-06-2015,22.21,3.41,1.48,75.7361
Nifty 50,16-06-2015,22.3,3.42,1.48,76.266
Nifty 50,17-06-2015,22.43,3.44,1.47,77.1592
Nifty 50,18-06-2015,22.66,3.48,1.45,78.8568
Nifty 50,19-06-2015,22.79,3.5,1.44,79.765
Nifty 50,22-06-2015,23.15,3.56,1.42,82.414
Nifty 50,23-06-2015,23.23,3.57,1.41,82.9311
Nifty 50,24-06-2015,23.17,3.56,1.42,82.4852
Nifty 50,25-06-2015,23.27,3.58,1.41,83.3066
Nifty 50,26-06-2015,23.23,3.56,1.42,82.6988
Nifty 50,29-06-2015,23.05,3.53,1.43,81.3665
Nifty 50,30-06-2015,23.19,3.48,1.44,80.7012
Nifty 50,01-07-2015,23.43,3.52,1.42,82.4736
Nifty 50,02-07-2015,23.4,3.51,1.42,82.134
Nifty 50,03-07-2015,23.52,3.52,1.43,82.7904
Nifty 50,06-07-2015,23.62,3.54,1.42,83.6148
Nifty 50,07-07-2015,23.59,3.54,1.42,83.5086
Nifty 50,08-07-2015,23.18,3.47,1.45,80.4346
Nifty 50,09-07-2015,23.08,3.46,1.45,79.8568
Nifty 50,10-07-2015,23.17,3.44,1.45,79.7048
Nifty 50,13-07-2015,23.45,3.49,1.44,81.8405
Nifty 50,14-07-2015,23.44,3.48,1.44,81.5712
Nifty 50,15-07-2015,23.63,3.51,1.43,82.9413
Nifty 50,16-07-2015,23.86,3.55,1.41,84.703
Nifty 50,17-07-2015,23.87,3.52,1.42,84.0224
Nifty 50,20-07-2015,23.88,3.53,1.42,84.2964
Nifty 50,21-07-2015,23.68,3.5,1.43,82.88
Nifty 50,22-07-2015,23.96,3.54,1.41,84.8184
Nifty 50,23-07-2015,23.84,3.52,1.42,83.9168
Nifty 50,24-07-2015,23.65,3.48,1.43,82.302
Nifty 50,27-07-2015,23.21,3.42,1.46,79.3782
Nifty 50,28-07-2015,23.02,3.41,1.46,78.4982
Nifty 50,29-07-2015,23.08,3.42,1.45,78.9336
Nifty 50,30-07-2015,23.23,3.44,1.45,79.9112
Nifty 50,31-07-2015,23.53,3.5,1.41,82.355
Nifty 50,03-08-2015,23.54,3.5,1.41,82.39
Nifty 50,04-08-2015,23.48,3.49,1.42,81.9452
Nifty 50,05-08-2015,23.62,3.51,1.41,82.9062
Nifty 50,06-08-2015,23.67,3.52,1.4,83.3184
Nifty 50,07-08-2015,23.61,3.49,1.4,82.3989
Nifty 50,10-08-2015,23.54,3.48,1.41,81.9192
Nifty 50,11-08-2015,23.38,3.45,1.42,80.661
Nifty 50,12-08-2015,23.1,3.4,1.44,78.54
Nifty 50,13-08-2015,23.16,3.41,1.44,78.9756
Nifty 50,14-08-2015,23.69,3.45,1.42,81.7305
Nifty 50,17-08-2015,23.48,3.44,1.43,80.7712
Nifty 50,18-08-2015,23.45,3.43,1.43,80.4335
Nifty 50,19-08-2015,23.53,3.44,1.42,80.9432
Nifty 50,20-08-2015,23.19,3.39,1.44,78.6141
Nifty 50,21-08-2015,22.99,3.36,1.42,77.2464
Nifty 50,24-08-2015,21.63,3.16,1.51,68.3508
Nifty 50,25-08-2015,21.83,3.19,1.5,69.6377
Nifty 50,26-08-2015,21.59,3.15,1.51,68.0085
Nifty 50,27-08-2015,22.02,3.22,1.48,70.9044
Nifty 50,28-08-2015,22.17,3.22,1.48,71.3874
Nifty 50,31-08-2015,22.08,3.21,1.48,70.8768
Nifty 50,01-09-2015,21.57,3.13,1.52,67.5141
Nifty 50,02-09-2015,21.38,3.11,1.53,66.4918
Nifty 50,03-09-2015,21.68,3.15,1.51,68.292
Nifty 50,04-09-2015,21.21,3.08,1.54,65.3268
Nifty 50,07-09-2015,20.95,3.04,1.56,63.688
Nifty 50,08-09-2015,21.31,3.1,1.54,66.061
Nifty 50,09-09-2015,21.67,3.15,1.51,68.2605
Nifty 50,10-09-2015,21.59,3.14,1.52,67.7926
Nifty 50,11-09-2015,21.59,3.14,1.52,67.7926
Nifty 50,14-09-2015,21.82,3.17,1.5,69.1694
Nifty 50,15-09-2015,21.7,3.15,1.51,68.355
Nifty 50,16-09-2015,21.89,3.18,1.5,69.6102
Nifty 50,18-09-2015,22.12,3.21,1.48,71.0052
Nifty 50,21-09-2015,22.11,3.21,1.48,70.9731
Nifty 50,22-09-2015,21.65,3.15,1.51,68.1975
Nifty 50,23-09-2015,21.75,3.16,1.51,68.73
Nifty 50,24-09-2015,21.81,3.17,1.5,69.1377
Nifty 50,28-09-2015,21.78,3.16,1.48,68.8248
Nifty 50,29-09-2015,21.91,3.18,1.48,69.6738
Nifty 50,30-09-2015,22.21,3.22,1.46,71.5162
Nifty 50,01-10-2015,22.21,3.2,1.43,71.072
Nifty 50,05-10-2015,22.68,3.27,1.4,74.1636
Nifty 50,06-10-2015,22.78,3.29,1.39,74.9462
Nifty 50,07-10-2015,22.84,3.3,1.39,75.372
Nifty 50,08-10-2015,22.71,3.28,1.4,74.4888
Nifty 50,09-10-2015,22.88,3.3,1.39,75.504
Nifty 50,12-10-2015,22.73,3.28,1.39,74.5544
Nifty 50,13-10-2015,22.25,3.28,1.4,72.98
Nifty 50,14-10-2015,22.16,3.27,1.4,72.4632
Nifty 50,15-10-2015,22.35,3.3,1.39,73.755
Nifty 50,16-10-2015,22.51,3.3,1.38,74.283
Nifty 50,19-10-2015,22.61,3.31,1.38,74.8391
Nifty 50,20-10-2015,22.51,3.31,1.38,74.5081
Nifty 50,21-10-2015,22.48,3.3,1.38,74.184
Nifty 50,23-10-2015,22.55,3.32,1.38,74.866
Nifty 50,26-10-2015,22.45,3.3,1.38,74.085
Nifty 50,27-10-2015,22.39,3.3,1.39,73.887
Nifty 50,28-10-2015,22.2,3.27,1.4,72.594
Nifty 50,29-10-2015,22.19,3.25,1.41,72.1175
Nifty 50,30-10-2015,22.06,3.23,1.41,71.2538
Nifty 50,02-11-2015,21.98,3.22,1.42,70.7756
Nifty 50,03-11-2015,22.02,3.23,1.41,71.1246
Nifty 50,04-11-2015,21.87,3.22,1.42,70.4214
Nifty 50,05-11-2015,21.58,3.19,1.43,68.8402
Nifty 50,06-11-2015,21.57,3.19,1.43,68.8083
Nifty 50,09-11-2015,21.41,3.18,1.44,68.0838
Nifty 50,10-11-2015,21.05,3.13,1.46,65.8865
Nifty 50,11-11-2015,21.17,3.14,1.45,66.4738
Nifty 50,13-11-2015,20.97,3.12,1.47,65.4264
Nifty 50,16-11-2015,21.11,3.14,1.46,66.2854
Nifty 50,17-11-2015,21.19,3.15,1.45,66.7485
Nifty 50,18-11-2015,20.9,3.11,1.47,64.999
Nifty 50,19-11-2015,21.2,3.15,1.45,66.78
Nifty 50,20-11-2015,21.24,3.16,1.45,67.1184
Nifty 50,23-11-2015,21.22,3.15,1.45,66.843
Nifty 50,24-11-2015,21.17,3.15,1.45,66.6855
Nifty 50,26-11-2015,21.31,3.17,1.44,67.5527
Nifty 50,27-11-2015,21.47,3.19,1.43,68.4893
Nifty 50,30-11-2015,21.45,3.19,1.43,68.4255
Nifty 50,01-12-2015,21.51,3.19,1.43,68.6169
Nifty 50,02-12-2015,21.44,3.19,1.44,68.3936
Nifty 50,03-12-2015,21.26,3.16,1.45,67.1816
Nifty 50,04-12-2015,21.04,3.13,1.46,65.8552
Nifty 50,07-12-2015,20.99,3.12,1.47,65.4888
Nifty 50,08-12-2015,20.82,3.09,1.48,64.3338
Nifty 50,09-12-2015,20.58,3.06,1.5,62.9748
Nifty 50,10-12-2015,20.77,3.09,1.48,64.1793
Nifty 50,11-12-2015,20.57,3.05,1.52,62.7385
Nifty 50,14-12-2015,20.69,3.07,1.51,63.5183
Nifty 50,15-12-2015,20.82,3.09,1.5,64.3338
Nifty 50,16-12-2015,20.96,3.11,1.49,65.1856
Nifty 50,17-12-2015,21.21,3.15,1.47,66.8115
Nifty 50,18-12-2015,20.99,3.11,1.49,65.2789
Nifty 50,21-12-2015,21.19,3.14,1.48,66.5366
Nifty 50,22-12-2015,21.06,3.12,1.49,65.7072
Nifty 50,23-12-2015,21.27,3.15,1.47,67.0005
Nifty 50,24-12-2015,21.26,3.15,1.47,66.969
Nifty 50,28-12-2015,21.43,3.18,1.46,68.1474
Nifty 50,29-12-2015,21.44,3.18,1.46,68.1792
Nifty 50,30-12-2015,21.35,3.17,1.46,67.6795
Nifty 50,31-12-2015,21.49,3.19,1.46,68.5531
Nifty 50,01-01-2016,21.53,3.19,1.45,68.6807
Nifty 50,04-01-2016,21.07,3.13,1.48,65.9491
Nifty 50,05-01-2016,21.05,3.12,1.49,65.676
Nifty 50,06-01-2016,20.93,3.1,1.49,64.883
Nifty 50,07-01-2016,20.47,3.04,1.53,62.2288
Nifty 50,08-01-2016,20.56,3.05,1.52,62.708
Nifty 50,11-01-2016,20.46,3.03,1.53,61.9938
Nifty 50,12-01-2016,20.31,3.01,1.54,61.1331
Nifty 50,13-01-2016,20.45,3.03,1.53,61.9635
Nifty 50,14-01-2016,20.38,3.02,1.53,61.5476
Nifty 50,15-01-2016,20.12,2.98,1.55,59.9576
Nifty 50,18-01-2016,19.86,2.95,1.57,58.587
Nifty 50,19-01-2016,20.08,2.98,1.56,59.8384
Nifty 50,20-01-2016,19.74,2.93,1.58,57.8382
Nifty 50,21-01-2016,19.65,2.92,1.59,57.378
Nifty 50,22-01-2016,20.01,2.98,1.56,59.6298
Nifty 50,25-01-2016,20.04,2.98,1.56,59.7192
Nifty 50,27-01-2016,20.05,2.98,1.55,59.749
Nifty 50,28-01-2016,19.85,2.98,1.56,59.153
Nifty 50,29-01-2016,20.22,3.03,1.53,61.2666
Nifty 50,01-02-2016,20.22,3.03,1.53,61.2666
Nifty 50,02-02-2016,19.9,2.99,1.55,59.501
Nifty 50,03-02-2016,19.65,2.95,1.57,57.9675
Nifty 50,04-02-2016,19.76,2.97,1.56,58.6872
Nifty 50,05-02-2016,19.99,3,1.54,59.97
Nifty 50,08-02-2016,19.69,2.96,1.57,58.2824
Nifty 50,09-02-2016,19.46,2.93,1.58,57.0178
Nifty 50,10-02-2016,19.27,2.89,1.6,55.6903
Nifty 50,11-02-2016,18.65,2.8,1.66,52.22
Nifty 50,12-02-2016,18.67,2.8,1.66,52.276
Nifty 50,15-02-2016,19.32,2.87,1.61,55.4484
Nifty 50,16-02-2016,19.01,2.83,1.64,53.7983
Nifty 50,17-02-2016,19.18,2.85,1.63,54.663
Nifty 50,18-02-2016,19.44,2.89,1.61,56.1816
Nifty 50,19-02-2016,19.5,2.89,1.6,56.355
Nifty 50,22-02-2016,19.56,2.9,1.6,56.724
Nifty 50,23-02-2016,19.23,2.85,1.63,54.8055
Nifty 50,24-02-2016,18.98,2.82,1.65,53.5236
Nifty 50,25-02-2016,18.85,2.8,1.66,52.78
Nifty 50,26-02-2016,19.01,2.82,1.65,53.6082
Nifty 50,29-02-2016,18.9,2.81,1.66,53.109
Nifty 50,01-03-2016,19.53,2.9,1.6,56.637
Nifty 50,02-03-2016,19.93,2.96,1.57,58.9928
Nifty 50,03-03-2016,20.22,3,1.55,60.66
Nifty 50,04-03-2016,20.24,3.01,1.55,60.9224
Nifty 50,08-03-2016,20.2,3,1.55,60.6
Nifty 50,09-03-2016,20.33,3.02,1.54,61.3966
Nifty 50,10-03-2016,20.2,3,1.55,60.6
Nifty 50,11-03-2016,20.27,3.01,1.54,61.0127
Nifty 50,14-03-2016,20.35,3.02,1.54,61.457
Nifty 50,15-03-2016,20.14,2.99,1.55,60.2186
Nifty 50,16-03-2016,20.24,3,1.55,60.72
Nifty 50,17-03-2016,20.28,3.01,1.54,61.0428
Nifty 50,18-03-2016,20.52,3.05,1.52,62.586
Nifty 50,21-03-2016,20.79,3.09,1.5,64.2411
Nifty 50,22-03-2016,20.82,3.09,1.5,64.3338
Nifty 50,23-03-2016,20.83,3.09,1.5,64.3647
Nifty 50,28-03-2016,20.55,3.05,1.52,62.6775
Nifty 50,29-03-2016,20.5,3.04,1.52,62.32
Nifty 50,30-03-2016,20.88,3.1,1.49,64.728
Nifty 50,31-03-2016,20.89,3.1,1.49,64.759
Nifty 50,01-04-2016,21.19,3.26,1.45,69.0794
Nifty 50,04-04-2016,21.31,3.28,1.44,69.8968
Nifty 50,05-04-2016,20.88,3.21,1.47,67.0248
Nifty 50,06-04-2016,20.91,3.22,1.47,67.3302
Nifty 50,07-04-2016,20.73,3.19,1.48,66.1287
Nifty 50,08-04-2016,20.75,3.19,1.48,66.1925
Nifty 50,11-04-2016,21.07,3.24,1.45,68.2668
Nifty 50,12-04-2016,21.17,3.26,1.45,69.0142
Nifty 50,13-04-2016,21.56,3.32,1.42,71.5792
Nifty 50,18-04-2016,21.68,3.34,1.41,72.4112
Nifty 50,20-04-2016,21.59,3.34,1.41,72.1106
Nifty 50,21-04-2016,21.59,3.34,1.41,72.1106
Nifty 50,22-04-2016,21.55,3.29,1.36,70.8995
Nifty 50,25-04-2016,21.4,3.27,1.37,69.978
Nifty 50,26-04-2016,21.6,3.32,1.35,71.712
Nifty 50,27-04-2016,21.66,3.33,1.35,72.1278
Nifty 50,28-04-2016,21.3,3.27,1.37,69.651
Nifty 50,29-04-2016,21.24,3.27,1.37,69.4548
Nifty 50,02-05-2016,21.25,3.25,1.38,69.0625
Nifty 50,03-05-2016,21.08,3.23,1.39,68.0884
Nifty 50,04-05-2016,20.88,3.21,1.39,67.0248
Nifty 50,05-05-2016,20.96,3.22,1.39,67.4912
Nifty 50,06-05-2016,20.91,3.22,1.39,67.3302
Nifty 50,09-05-2016,21.24,3.28,1.37,69.6672
Nifty 50,10-05-2016,21.3,3.29,1.36,70.077
Nifty 50,11-05-2016,21.19,3.27,1.37,69.2913
Nifty 50,12-05-2016,21.33,3.29,1.36,70.1757
Nifty 50,13-05-2016,21.1,3.26,1.38,68.786
Nifty 50,16-05-2016,21.54,3.28,1.37,70.6512
Nifty 50,17-05-2016,21.62,3.29,1.36,71.1298
Nifty 50,18-05-2016,21.57,3.28,1.37,70.7496
Nifty 50,19-05-2016,21.33,3.24,1.38,69.1092
Nifty 50,20-05-2016,21.19,3.22,1.39,68.2318
Nifty 50,23-05-2016,21.13,3.22,1.39,68.0386
Nifty 50,24-05-2016,21.16,3.22,1.39,68.1352
Nifty 50,25-05-2016,22.07,3.3,1.36,72.831
Nifty 50,26-05-2016,22.39,3.36,1.33,75.2304
Nifty 50,27-05-2016,22.66,3.4,1.32,77.044
Nifty 50,30-05-2016,22.69,3.41,1.31,77.3729
Nifty 50,31-05-2016,22.6,3.4,1.32,76.84
Nifty 50,01-06-2016,22.65,3.41,1.31,77.2365
Nifty 50,02-06-2016,22.76,3.43,1.31,78.0668
Nifty 50,03-06-2016,22.77,3.43,1.31,78.1011
Nifty 50,06-06-2016,22.71,3.42,1.31,77.6682
Nifty 50,07-06-2016,22.69,3.44,1.3,78.0536
Nifty 50,08-06-2016,22.71,3.45,1.3,78.3495
Nifty 50,09-06-2016,22.52,3.42,1.31,77.0184
Nifty 50,10-06-2016,22.43,3.38,1.28,75.8134
Nifty 50,13-06-2016,22.26,3.36,1.29,74.7936
Nifty 50,14-06-2016,22.26,3.36,1.29,74.7936
Nifty 50,15-06-2016,22.53,3.4,1.27,76.602
Nifty 50,16-06-2016,22.35,3.37,1.28,75.3195
Nifty 50,17-06-2016,22.43,3.36,1.28,75.3648
Nifty 50,20-06-2016,22.62,3.39,1.27,76.6818
Nifty 50,21-06-2016,22.56,3.38,1.27,76.2528
Nifty 50,22-06-2016,22.52,3.37,1.27,75.8924
Nifty 50,23-06-2016,22.7,3.4,1.26,77.18
Nifty 50,24-06-2016,22.2,3.29,1.28,73.038
Nifty 50,27-06-2016,22.22,3.29,1.28,73.1038
Nifty 50,28-06-2016,22.31,3.3,1.28,73.623
Nifty 50,29-06-2016,22.52,3.33,1.26,74.9916
Nifty 50,30-06-2016,22.75,3.37,1.25,76.6675
Nifty 50,01-07-2016,22.86,3.38,1.25,77.2668
Nifty 50,04-07-2016,22.98,3.4,1.24,78.132
Nifty 50,05-07-2016,22.88,3.39,1.24,77.5632
Nifty 50,07-07-2016,22.89,3.39,1.24,77.5971
Nifty 50,08-07-2016,22.85,3.38,1.25,77.233
Nifty 50,11-07-2016,23.25,3.44,1.23,79.98
Nifty 50,12-07-2016,23.37,3.46,1.22,80.8602
Nifty 50,13-07-2016,23.37,3.46,1.22,80.8602
Nifty 50,14-07-2016,23.49,3.48,1.21,81.7452
Nifty 50,15-07-2016,23.43,3.47,1.21,81.3021
Nifty 50,18-07-2016,23.34,3.46,1.22,80.7564
Nifty 50,19-07-2016,23.39,3.46,1.22,80.9294
Nifty 50,20-07-2016,23.49,3.48,1.21,81.7452
Nifty 50,21-07-2016,23.34,3.46,1.22,80.7564
Nifty 50,22-07-2016,23.43,3.47,1.21,81.3021
Nifty 50,25-07-2016,23.69,3.44,1.23,81.4936
Nifty 50,26-07-2016,23.56,3.39,1.28,79.8684
Nifty 50,27-07-2016,23.63,3.4,1.27,80.342
Nifty 50,28-07-2016,23.69,3.42,1.26,81.0198
Nifty 50,29-07-2016,23.62,3.38,1.27,79.8356
Nifty 50,01-08-2016,23.61,3.38,1.27,79.8018
Nifty 50,02-08-2016,23.58,3.38,1.27,79.7004
Nifty 50,03-08-2016,23.36,3.35,1.28,78.256
Nifty 50,04-08-2016,23.38,3.35,1.28,78.323
Nifty 50,05-08-2016,23.74,3.4,1.26,80.716
Nifty 50,08-08-2016,23.82,3.41,1.26,81.2262
Nifty 50,09-08-2016,23.73,3.4,1.26,80.682
Nifty 50,10-08-2016,23.44,3.36,1.28,78.7584
Nifty 50,11-08-2016,23.49,3.34,1.26,78.4566
Nifty 50,12-08-2016,23.71,3.36,1.24,79.6656
Nifty 50,16-08-2016,23.63,3.35,1.25,79.1605
Nifty 50,17-08-2016,23.58,3.34,1.25,78.7572
Nifty 50,18-08-2016,23.71,3.36,1.24,79.6656
Nifty 50,19-08-2016,23.7,3.31,1.25,78.447
Nifty 50,22-08-2016,23.59,3.3,1.25,77.847
Nifty 50,23-08-2016,23.73,3.3,1.25,78.309
Nifty 50,24-08-2016,23.78,3.31,1.25,78.7118
Nifty 50,25-08-2016,23.62,3.29,1.26,77.7098
Nifty 50,26-08-2016,23.5,3.27,1.25,76.845
Nifty 50,29-08-2016,23.6,3.29,1.24,77.644
Nifty 50,30-08-2016,23.97,3.34,1.22,80.0598
Nifty 50,31-08-2016,24.09,3.36,1.22,80.9424
Nifty 50,01-09-2016,24.06,3.35,1.22,80.601
Nifty 50,02-09-2016,24.15,3.36,1.22,81.144
Nifty 50,06-09-2016,24.52,3.42,1.2,83.8584
Nifty 50,07-09-2016,24.45,3.4,1.2,83.13
Nifty 50,08-09-2016,24.54,3.41,1.2,83.6814
Nifty 50,09-09-2016,24.31,3.38,1.21,82.1678
Nifty 50,12-09-2016,23.89,3.32,1.23,79.3148
Nifty 50,14-09-2016,23.92,3.33,1.23,79.6536
Nifty 50,15-09-2016,23.97,3.33,1.23,79.8201
Nifty 50,16-09-2016,24.07,3.34,1.26,80.3938
Nifty 50,19-09-2016,24.15,3.34,1.25,80.661
Nifty 50,20-09-2016,24.06,3.33,1.26,80.1198
Nifty 50,21-09-2016,24.11,3.33,1.26,80.2863
Nifty 50,22-09-2016,24.34,3.37,1.25,82.0258
Nifty 50,23-09-2016,24.24,3.35,1.25,81.204
Nifty 50,26-09-2016,23.94,3.31,1.27,79.2414
Nifty 50,27-09-2016,23.9,3.3,1.27,78.87
Nifty 50,28-09-2016,23.97,3.32,1.27,79.5804
Nifty 50,29-09-2016,23.51,3.26,1.29,76.6426
Nifty 50,30-09-2016,23.4,3.27,1.29,76.518
Nifty 50,03-10-2016,23.8,3.31,1.27,78.778
Nifty 50,04-10-2016,23.95,3.33,1.26,79.7535
Nifty 50,05-10-2016,23.43,3.32,1.27,77.7876
Nifty 50,06-10-2016,23.52,3.3,1.27,77.616
Nifty 50,07-10-2016,23.49,3.29,1.27,77.2821
Nifty 50,10-10-2016,23.34,3.3,1.27,77.022
Nifty 50,13-10-2016,23.16,3.25,1.29,75.27
Nifty 50,14-10-2016,22.98,3.25,1.29,74.685
Nifty 50,17-10-2016,23,3.23,1.3,74.29
Nifty 50,18-10-2016,23.22,3.29,1.28,76.3938
Nifty 50,19-10-2016,23.35,3.28,1.28,76.588
Nifty 50,20-10-2016,23.46,3.3,1.27,77.418
Nifty 50,21-10-2016,23.23,3.29,1.27,76.4267
Nifty 50,24-10-2016,23.27,3.3,1.27,76.791
Nifty 50,25-10-2016,23.23,3.29,1.27,76.4267
Nifty 50,26-10-2016,23.3,3.26,1.28,75.958
Nifty 50,27-10-2016,23.28,3.26,1.28,75.8928
Nifty 50,28-10-2016,23.34,3.27,1.28,76.3218
Nifty 50,30-10-2016,23.31,3.27,1.28,76.2237
Nifty 50,01-11-2016,23.31,3.27,1.28,76.2237
Nifty 50,02-11-2016,23.01,3.23,1.3,74.3223
Nifty 50,03-11-2016,22.93,3.21,1.3,73.6053
Nifty 50,04-11-2016,22.73,3.19,1.31,72.5087
Nifty 50,07-11-2016,22.67,3.22,1.3,72.9974
Nifty 50,08-11-2016,22.57,3.24,1.3,73.1268
Nifty 50,09-11-2016,22.48,3.19,1.31,71.7112
Nifty 50,10-11-2016,22.7,3.23,1.3,73.321
Nifty 50,11-11-2016,22.02,3.14,1.33,69.1428
Nifty 50,15-11-2016,21.37,3.07,1.36,65.6059
Nifty 50,16-11-2016,21.62,3.07,1.36,66.3734
Nifty 50,17-11-2016,21.49,3.06,1.37,65.7594
Nifty 50,18-11-2016,21.41,3.06,1.37,65.5146
Nifty 50,21-11-2016,21.19,3,1.4,63.57
Nifty 50,22-11-2016,21.38,3.03,1.38,64.7814
Nifty 50,23-11-2016,21.47,3.04,1.38,65.2688
Nifty 50,24-11-2016,21.29,3.02,1.39,64.2958
Nifty 50,25-11-2016,21.52,3.08,1.36,66.2816
Nifty 50,28-11-2016,21.55,3.08,1.36,66.374
Nifty 50,29-11-2016,21.43,3.09,1.36,66.2187
Nifty 50,30-11-2016,21.61,3.12,1.34,67.4232
Nifty 50,01-12-2016,21.53,3.11,1.35,66.9583
Nifty 50,02-12-2016,21.25,3.07,1.37,65.2375
Nifty 50,05-12-2016,21.34,3.08,1.36,65.7272
Nifty 50,06-12-2016,21.56,3.09,1.36,66.6204
Nifty 50,07-12-2016,21.28,3.07,1.36,65.3296
Nifty 50,08-12-2016,21.83,3.13,1.34,68.3279
Nifty 50,09-12-2016,21.87,3.13,1.34,68.4531
Nifty 50,12-12-2016,21.45,3.1,1.35,66.495
Nifty 50,13-12-2016,21.59,3.12,1.34,67.3608
Nifty 50,14-12-2016,21.48,3.1,1.35,66.588
Nifty 50,15-12-2016,21.41,3.09,1.35,66.1569
Nifty 50,16-12-2016,21.37,3.09,1.36,66.0333
Nifty 50,19-12-2016,21.3,3.07,1.36,65.391
Nifty 50,20-12-2016,21.24,3.06,1.37,64.9944
Nifty 50,21-12-2016,21.16,3.06,1.37,64.7496
Nifty 50,22-12-2016,21.18,3.03,1.38,64.1754
Nifty 50,23-12-2016,21.39,3.03,1.38,64.8117
Nifty 50,26-12-2016,21.36,3,1.4,64.08
Nifty 50,27-12-2016,21.7,3.05,1.37,66.185
Nifty 50,28-12-2016,21.71,3.05,1.37,66.2155
Nifty 50,29-12-2016,21.89,3.07,1.36,67.2023
Nifty 50,30-12-2016,21.93,3.1,1.35,67.983
Nifty 50,02-01-2017,22.08,3.1,1.35,68.448
Nifty 50,03-01-2017,22.12,3.11,1.35,68.7932
Nifty 50,04-01-2017,21.94,3.11,1.35,68.2334
Nifty 50,05-01-2017,22.17,3.14,1.33,69.6138
Nifty 50,06-01-2017,22.09,3.13,1.34,69.1417
Nifty 50,09-01-2017,22.07,3.12,1.34,68.8584
Nifty 50,10-01-2017,22.39,3.14,1.33,70.3046
Nifty 50,11-01-2017,22.42,3.18,1.32,71.2956
Nifty 50,12-01-2017,22.5,3.19,1.31,71.775
Nifty 50,13-01-2017,22.47,3.18,1.31,71.4546
Nifty 50,16-01-2017,22.5,3.19,1.31,71.775
Nifty 50,17-01-2017,22.4,3.18,1.32,71.232
Nifty 50,18-01-2017,22.39,3.19,1.31,71.4241
Nifty 50,19-01-2017,22.44,3.2,1.31,71.808
Nifty 50,20-01-2017,22.37,3.17,1.32,70.9129
Nifty 50,23-01-2017,22.48,3.18,1.32,71.4864
Nifty 50,24-01-2017,22.64,3.21,1.3,72.6744
Nifty 50,25-01-2017,22.98,3.26,1.28,74.9148
Nifty 50,27-01-2017,23,3.28,1.28,75.44
Nifty 50,30-01-2017,22.98,3.27,1.28,75.1446
Nifty 50,31-01-2017,22.86,3.25,1.29,74.295
Nifty 50,01-02-2017,23.27,3.3,1.27,76.791
Nifty 50,02-02-2017,23.38,3.31,1.26,77.3878
Nifty 50,03-02-2017,23.29,3.31,1.26,77.0899
Nifty 50,06-02-2017,23.43,3.34,1.25,78.2562
Nifty 50,07-02-2017,23.31,3.32,1.26,77.3892
Nifty 50,08-02-2017,23.28,3.32,1.26,77.2896
Nifty 50,09-02-2017,23.31,3.33,1.26,77.6223
Nifty 50,10-02-2017,23.34,3.33,1.26,77.7222
Nifty 50,13-02-2017,23.15,3.34,1.25,77.321
Nifty 50,14-02-2017,23.05,3.33,1.26,76.7565
Nifty 50,15-02-2017,22.84,3.31,1.27,75.6004
Nifty 50,16-02-2017,23.08,3.33,1.26,76.8564
Nifty 50,17-02-2017,23.1,3.34,1.25,77.154
Nifty 50,20-02-2017,23.19,3.37,1.24,78.1503
Nifty 50,21-02-2017,23.27,3.38,1.24,78.6526
Nifty 50,22-02-2017,23.32,3.38,1.24,78.8216
Nifty 50,23-02-2017,23.36,3.39,1.24,79.1904
Nifty 50,27-02-2017,23.21,3.37,1.25,78.2177
Nifty 50,28-02-2017,23.13,3.37,1.25,77.9481
Nifty 50,01-03-2017,23.3,3.39,1.24,78.987
Nifty 50,02-03-2017,23.11,3.37,1.25,77.8807
Nifty 50,03-03-2017,23.1,3.37,1.25,77.847
Nifty 50,06-03-2017,23.27,3.4,1.24,79.118
Nifty 50,07-03-2017,23.23,3.39,1.24,78.7497
Nifty 50,08-03-2017,23.17,3.38,1.24,78.3146
Nifty 50,09-03-2017,23.18,3.38,1.24,78.3484
Nifty 50,10-03-2017,23.2,3.39,1.24,78.648
Nifty 50,14-03-2017,23.59,3.44,1.22,81.1496
Nifty 50,15-03-2017,23.59,3.44,1.22,81.1496
Nifty 50,16-03-2017,23.77,3.47,1.21,82.4819
Nifty 50,17-03-2017,23.78,3.47,1.21,82.5166
Nifty 50,20-03-2017,23.7,3.46,1.22,82.002
Nifty 50,21-03-2017,23.68,3.46,1.22,81.9328
Nifty 50,22-03-2017,23.45,3.42,1.23,80.199
Nifty 50,23-03-2017,23.59,3.44,1.22,81.1496
Nifty 50,24-03-2017,23.65,3.45,1.22,81.5925
Nifty 50,27-03-2017,23.49,3.43,1.23,80.5707
Nifty 50,28-03-2017,23.63,3.45,1.22,81.5235
Nifty 50,29-03-2017,23.74,3.47,1.21,82.3778
Nifty 50,30-03-2017,23.82,3.48,1.21,82.8936
Nifty 50,31-03-2017,23.26,3.5,1.25,81.41
Nifty 50,03-04-2017,23.42,3.53,1.25,82.6726
Nifty 50,05-04-2017,23.49,3.54,1.24,83.1546
Nifty 50,06-04-2017,23.48,3.53,1.24,82.8844
Nifty 50,07-04-2017,23.32,3.51,1.25,81.8532
Nifty 50,10-04-2017,23.28,3.5,1.25,81.48
Nifty 50,11-04-2017,23.42,3.52,1.25,82.4384
Nifty 50,12-04-2017,23.33,3.51,1.25,81.8883
Nifty 50,13-04-2017,23.2,3.49,1.26,80.968
Nifty 50,17-04-2017,23.17,3.49,1.26,80.8633
Nifty 50,18-04-2017,23.08,3.47,1.26,80.0876
Nifty 50,19-04-2017,23.08,3.47,1.26,80.0876
Nifty 50,20-04-2017,23.16,3.49,1.26,80.8284
Nifty 50,21-04-2017,23.12,3.48,1.26,80.4576
Nifty 50,24-04-2017,23.41,3.52,1.25,82.4032
Nifty 50,25-04-2017,23.64,3.56,1.23,84.1584
Nifty 50,26-04-2017,23.75,3.57,1.23,84.7875
Nifty 50,27-04-2017,23.73,3.57,1.23,84.7161
Nifty 50,28-04-2017,23.63,3.55,1.23,83.8865
Nifty 50,02-05-2017,23.66,3.56,1.23,84.2296
Nifty 50,03-05-2017,23.65,3.56,1.23,84.194
Nifty 50,04-05-2017,23.77,3.58,1.23,85.0966
Nifty 50,05-05-2017,23.59,3.55,1.24,83.7445
Nifty 50,08-05-2017,23.66,3.56,1.23,84.2296
Nifty 50,09-05-2017,23.67,3.56,1.23,84.2652
Nifty 50,10-05-2017,23.89,3.59,1.22,85.7651
Nifty 50,11-05-2017,23.93,3.6,1.22,86.148
Nifty 50,12-05-2017,23.88,3.59,1.22,85.7292
Nifty 50,15-05-2017,23.99,3.61,1.22,86.6039
Nifty 50,16-05-2017,24.16,3.63,1.21,87.7008
Nifty 50,17-05-2017,25.23,3.64,1.2,91.8372
Nifty 50,18-05-2017,24.91,3.6,1.22,89.676
Nifty 50,19-05-2017,24.91,3.6,1.22,89.676
Nifty 50,22-05-2017,24.94,3.61,1.22,90.0334
Nifty 50,23-05-2017,24.8,3.59,1.22,89.032
Nifty 50,24-05-2017,24.73,3.58,1.23,88.5334
Nifty 50,25-05-2017,24.88,3.63,1.21,90.3144
Nifty 50,26-05-2017,24.32,3.62,1.19,88.0384
Nifty 50,29-05-2017,24.31,3.62,1.19,88.0022
Nifty 50,30-05-2017,24.36,3.63,1.19,88.4268
Nifty 50,31-05-2017,24.35,3.62,1.19,88.147
Nifty 50,01-06-2017,24.34,3.62,1.19,88.1108
Nifty 50,02-06-2017,24.43,3.63,1.18,88.6809
Nifty 50,05-06-2017,24.45,3.64,1.18,88.998
Nifty 50,06-06-2017,24.35,3.63,1.19,88.3905
Nifty 50,07-06-2017,24.48,3.64,1.18,89.1072
Nifty 50,08-06-2017,24.43,3.63,1.18,88.6809
Nifty 50,09-06-2017,24.38,3.64,1.18,88.7432
Nifty 50,12-06-2017,24.25,3.62,1.19,87.785
Nifty 50,13-06-2017,24.27,3.62,1.19,87.8574
Nifty 50,14-06-2017,24.29,3.62,1.19,87.9298
Nifty 50,15-06-2017,24.19,3.6,1.19,87.084
Nifty 50,16-06-2017,24,3.56,1.11,85.44
Nifty 50,19-06-2017,24.37,3.58,1.1,87.2446
Nifty 50,20-06-2017,24.36,3.58,1.1,87.2088
Nifty 50,21-06-2017,24.31,3.57,1.11,86.7867
Nifty 50,22-06-2017,24.49,3.57,1.11,87.4293
Nifty 50,23-06-2017,24.37,3.54,1.11,86.2698
Nifty 50,27-06-2017,24.21,3.52,1.12,85.2192
Nifty 50,28-06-2017,24.15,3.51,1.12,84.7665
Nifty 50,29-06-2017,24.19,3.52,1.12,85.1488
Nifty 50,30-06-2017,24.23,3.52,1.12,85.2896
Nifty 50,03-07-2017,24.47,3.56,1.11,87.1132
Nifty 50,04-07-2017,24.47,3.56,1.11,87.1132
Nifty 50,05-07-2017,24.53,3.57,1.11,87.5721
Nifty 50,06-07-2017,24.62,3.58,1.1,88.1396
Nifty 50,07-07-2017,24.6,3.58,1.1,88.068
Nifty 50,10-07-2017,24.87,3.62,1.09,90.0294
Nifty 50,11-07-2017,24.91,3.62,1.09,90.1742
Nifty 50,12-07-2017,24.98,3.63,1.09,90.6774
Nifty 50,13-07-2017,25.17,3.66,1.08,92.1222
Nifty 50,14-07-2017,25.12,3.66,1.08,91.9392
Nifty 50,17-07-2017,25.17,3.67,1.08,92.3739
Nifty 50,18-07-2017,25.1,3.56,1.06,89.356
Nifty 50,19-07-2017,25.28,3.53,1.01,89.2384
Nifty 50,20-07-2017,25.22,3.52,1.01,88.7744
Nifty 50,21-07-2017,25.32,3.53,1.01,89.3796
Nifty 50,24-07-2017,25.45,3.55,1,90.3475
Nifty 50,25-07-2017,25.45,3.55,1,90.3475
Nifty 50,26-07-2017,25.57,3.57,1,91.2849
Nifty 50,27-07-2017,25.56,3.57,1,91.2492
Nifty 50,28-07-2017,25.56,3.49,0.96,89.2044
Nifty 50,31-07-2017,25.69,3.51,0.95,90.1719
Nifty 50,01-08-2017,25.75,3.52,0.95,90.64
Nifty 50,02-08-2017,25.63,3.51,0.95,89.9613
Nifty 50,03-08-2017,25.5,3.49,0.96,88.995
Nifty 50,04-08-2017,25.61,3.56,0.96,91.1716
Nifty 50,07-08-2017,25.67,3.56,0.96,91.3852
Nifty 50,08-08-2017,25.5,3.53,0.97,90.015
Nifty 50,09-08-2017,25.31,3.51,0.97,88.8381
Nifty 50,10-08-2017,25.06,3.47,0.98,86.9582
Nifty 50,11-08-2017,24.8,3.43,0.99,85.064
Nifty 50,14-08-2017,25.02,3.46,0.98,86.5692
Nifty 50,16-08-2017,25.28,3.49,0.97,88.2272
Nifty 50,17-08-2017,25.3,3.5,0.97,88.55
Nifty 50,18-08-2017,25.1,3.46,0.97,86.846
Nifty 50,21-08-2017,24.99,3.44,0.97,85.9656
Nifty 50,22-08-2017,25.25,3.44,0.97,86.86
Nifty 50,23-08-2017,25.45,3.47,0.96,88.3115
Nifty 50,24-08-2017,25.47,3.46,0.95,88.1262
Nifty 50,28-08-2017,25.61,3.48,0.94,89.1228
Nifty 50,29-08-2017,25.31,3.44,0.95,87.0664
Nifty 50,30-08-2017,25.54,3.47,0.94,88.6238
Nifty 50,31-08-2017,25.62,3.49,0.94,89.4138
Nifty 50,01-09-2017,25.99,3.51,0.93,91.2249
Nifty 50,04-09-2017,25.83,3.48,0.94,89.8884
Nifty 50,05-09-2017,25.97,3.5,0.94,90.895
Nifty 50,06-09-2017,25.88,3.49,0.94,90.3212
Nifty 50,07-09-2017,25.89,3.49,0.94,90.3561
Nifty 50,08-09-2017,25.9,3.47,0.94,89.873
Nifty 50,11-09-2017,26.11,3.5,0.93,91.385
Nifty 50,12-09-2017,26.26,3.51,0.93,92.1726
Nifty 50,13-09-2017,26.23,3.51,0.93,92.0673
Nifty 50,14-09-2017,26.25,3.51,0.93,92.1375
Nifty 50,15-09-2017,26.24,3.51,0.94,92.1024
Nifty 50,18-09-2017,26.42,3.53,0.94,93.2626
Nifty 50,19-09-2017,26.4,3.53,0.94,93.192
Nifty 50,20-09-2017,26.39,3.53,0.94,93.1567
Nifty 50,21-09-2017,26.34,3.52,0.94,92.7168
Nifty 50,22-09-2017,25.95,3.47,0.95,90.0465
Nifty 50,25-09-2017,25.71,3.43,0.96,88.1853
Nifty 50,26-09-2017,25.71,3.43,0.96,88.1853
Nifty 50,27-09-2017,25.36,3.39,0.98,85.9704
Nifty 50,28-09-2017,25.44,3.4,0.97,86.496
Nifty 50,29-09-2017,25.43,3.35,1.17,85.1905
Nifty 50,03-10-2017,25.61,3.37,1.16,86.3057
Nifty 50,04-10-2017,25.75,3.39,1.15,87.2925
Nifty 50,05-10-2017,25.69,3.38,1.15,86.8322
Nifty 50,06-10-2017,25.92,3.41,1.14,88.3872
Nifty 50,09-10-2017,25.95,3.41,1.14,88.4895
Nifty 50,10-10-2017,26.02,3.42,1.14,88.9884
Nifty 50,11-10-2017,25.94,3.41,1.14,88.4554
Nifty 50,12-10-2017,26.22,3.45,1.13,90.459
Nifty 50,13-10-2017,26.41,3.47,1.12,91.6427
Nifty 50,16-10-2017,26.55,3.46,1.12,91.863
Nifty 50,17-10-2017,26.52,3.46,1.12,91.7592
Nifty 50,18-10-2017,26.44,3.45,1.12,91.218
Nifty 50,19-10-2017,26.28,3.43,1.12,90.1404
Nifty 50,23-10-2017,26.37,3.44,1.12,90.7128
Nifty 50,24-10-2017,26.42,3.45,1.12,91.149
Nifty 50,25-10-2017,26.63,3.48,1.11,92.6724
Nifty 50,26-10-2017,26.73,3.49,1.1,93.2877
Nifty 50,27-10-2017,26.67,3.49,1.11,93.0783
Nifty 50,30-10-2017,26.77,3.5,1.1,93.695
Nifty 50,31-10-2017,26.38,3.49,1.08,92.0662
Nifty 50,01-11-2017,26.49,3.52,1.07,93.2448
Nifty 50,02-11-2017,26.63,3.52,1.07,93.7376
Nifty 50,03-11-2017,26.87,3.53,1.07,94.8511
Nifty 50,06-11-2017,26.74,3.53,1.07,94.3922
Nifty 50,07-11-2017,26.48,3.49,1.08,92.4152
Nifty 50,08-11-2017,26.37,3.48,1.08,91.7676
Nifty 50,09-11-2017,26.31,3.48,1.08,91.5588
Nifty 50,10-11-2017,26.35,3.48,1.08,91.698
Nifty 50,13-11-2017,25.99,3.45,1.09,89.6655
Nifty 50,14-11-2017,25.89,3.44,1.09,89.0616
Nifty 50,15-11-2017,25.72,3.41,1.1,87.7052
Nifty 50,16-11-2017,25.96,3.45,1.09,89.562
Nifty 50,17-11-2017,26.14,3.46,1.08,90.4444
Nifty 50,20-11-2017,26.18,3.47,1.08,90.8446
Nifty 50,21-11-2017,26.2,3.48,1.08,91.176
Nifty 50,22-11-2017,26.4,3.48,1.08,91.872
Nifty 50,23-11-2017,26.48,3.49,1.08,92.4152
Nifty 50,24-11-2017,26.59,3.5,1.07,93.065
Nifty 50,27-11-2017,26.61,3.5,1.07,93.135
Nifty 50,28-11-2017,26.53,3.49,1.07,92.5897
Nifty 50,29-11-2017,26.51,3.49,1.07,92.5199
Nifty 50,30-11-2017,26.16,3.45,1.11,90.252
Nifty 50,01-12-2017,25.9,3.41,1.12,88.319
Nifty 50,04-12-2017,25.91,3.42,1.12,88.6122
Nifty 50,05-12-2017,25.89,3.41,1.12,88.2849
Nifty 50,06-12-2017,25.7,3.39,1.13,87.123
Nifty 50,07-12-2017,26.01,3.43,1.12,89.2143
Nifty 50,08-12-2017,26.26,3.46,1.11,90.8596
Nifty 50,11-12-2017,26.43,3.48,1.1,91.9764
Nifty 50,12-12-2017,26.22,3.45,1.11,90.459
Nifty 50,13-12-2017,26.1,3.44,1.11,89.784
Nifty 50,14-12-2017,26.25,3.46,1.11,90.825
Nifty 50,15-12-2017,26.46,3.48,1.1,92.0808
Nifty 50,18-12-2017,26.6,3.5,1.09,93.1
Nifty 50,19-12-2017,26.79,3.53,1.09,94.5687
Nifty 50,20-12-2017,26.75,3.52,1.09,94.16
Nifty 50,21-12-2017,26.74,3.52,1.09,94.1248
Nifty 50,22-12-2017,26.86,3.54,1.08,95.0844
Nifty 50,26-12-2017,26.96,3.55,1.08,95.708
Nifty 50,27-12-2017,26.85,3.54,1.08,95.049
Nifty 50,28-12-2017,26.82,3.53,1.08,94.6746
Nifty 50,29-12-2017,26.92,3.55,1.08,95.566
Nifty 50,01-01-2018,26.68,3.51,1.09,93.6468
Nifty 50,02-01-2018,26.7,3.52,1.09,93.984
Nifty 50,03-01-2018,26.7,3.52,1.09,93.984
Nifty 50,04-01-2018,26.86,3.54,1.08,95.0844
Nifty 50,05-01-2018,26.99,3.55,1.07,95.8145
Nifty 50,08-01-2018,27.16,3.58,1.07,97.2328
Nifty 50,09-01-2018,27.19,3.58,1.07,97.3402
Nifty 50,10-01-2018,27.18,3.58,1.07,97.3044
Nifty 50,11-01-2018,27.23,3.59,1.06,97.7557
Nifty 50,12-01-2018,27.28,3.6,1.06,98.208
Nifty 50,15-01-2018,27.06,3.62,1.06,97.9572
Nifty 50,16-01-2018,26.96,3.61,1.06,97.3256
Nifty 50,17-01-2018,27.18,3.64,1.05,98.9352
Nifty 50,18-01-2018,27.25,3.65,1.05,99.4625
Nifty 50,19-01-2018,27.44,3.68,1.04,100.9792
Nifty 50,22-01-2018,27.62,3.7,1.03,102.194
Nifty 50,23-01-2018,27.81,3.74,1.02,104.0094
Nifty 50,24-01-2018,27.66,3.74,1.02,103.4484
Nifty 50,25-01-2018,27.61,3.74,1.02,103.2614
Nifty 50,29-01-2018,27.71,3.76,1.02,104.1896
Nifty 50,30-01-2018,27.51,3.73,1.03,102.6123
Nifty 50,31-01-2018,27.5,3.73,1.03,102.575
Nifty 50,01-02-2018,27.48,3.72,1.03,102.2256
Nifty 50,02-02-2018,26.04,3.64,1.05,94.7856
Nifty 50,05-02-2018,25.78,3.6,1.06,92.808
Nifty 50,06-02-2018,25.37,3.55,1.08,90.0635
Nifty 50,07-02-2018,25.32,3.54,1.08,89.6328
Nifty 50,08-02-2018,25.56,3.57,1.07,91.2492
Nifty 50,09-02-2018,25.27,3.53,1.08,89.2031
Nifty 50,12-02-2018,25.48,3.56,1.07,90.7088
Nifty 50,14-02-2018,25.37,3.55,1.08,90.0635
Nifty 50,15-02-2018,25.45,3.56,1.07,90.602
Nifty 50,16-02-2018,25.32,3.53,1.08,89.3796
Nifty 50,19-02-2018,25.14,3.51,1.09,88.2414
Nifty 50,20-02-2018,25.09,3.5,1.09,87.815
Nifty 50,21-02-2018,25.18,3.51,1.09,88.3818
Nifty 50,22-02-2018,25.49,3.51,1.09,89.4699
Nifty 50,23-02-2018,25.75,3.54,1.13,91.155
Nifty 50,26-02-2018,25.95,3.57,1.12,92.6415
Nifty 50,27-02-2018,25.87,3.57,1.12,92.3559
Nifty 50,28-02-2018,25.68,3.54,1.13,90.9072
Nifty 50,01-03-2018,25.59,3.53,1.19,90.3327
Nifty 50,05-03-2018,25.4,3.5,1.2,88.9
Nifty 50,06-03-2018,25.02,3.46,1.21,86.5692
Nifty 50,07-03-2018,24.79,3.43,1.28,85.0297
Nifty 50,08-03-2018,25,3.46,1.27,86.5
Nifty 50,09-03-2018,24.97,3.45,1.28,86.1465
Nifty 50,12-03-2018,25.44,3.52,1.25,89.5488
Nifty 50,13-03-2018,25.45,3.52,1.25,89.584
Nifty 50,14-03-2018,25.41,3.52,1.25,89.4432
Nifty 50,15-03-2018,25.28,3.5,1.26,88.48
Nifty 50,16-03-2018,24.87,3.44,1.28,85.5528
Nifty 50,19-03-2018,24.61,3.41,1.29,83.9201
Nifty 50,20-03-2018,24.69,3.42,1.29,84.4398
Nifty 50,21-03-2018,24.76,3.43,1.28,84.9268
Nifty 50,22-03-2018,24.67,3.42,1.29,84.3714
Nifty 50,23-03-2018,24.38,3.38,1.3,82.4044
Nifty 50,26-03-2018,24.7,3.42,1.29,84.474
Nifty 50,27-03-2018,24.83,3.44,1.28,85.4152
Nifty 50,28-03-2018,24.66,3.42,1.29,84.3372
Nifty 50,02-04-2018,25.35,3.51,1.26,88.9785
Nifty 50,03-04-2018,25.43,3.52,1.25,89.5136
Nifty 50,04-04-2018,25.14,3.48,1.27,87.4872
Nifty 50,05-04-2018,25.63,3.55,1.24,90.9865
Nifty 50,06-04-2018,25.65,3.55,1.24,91.0575
Nifty 50,09-04-2018,25.76,3.57,1.23,91.9632
Nifty 50,10-04-2018,25.82,3.57,1.23,92.1774
Nifty 50,11-04-2018,25.86,3.58,1.23,92.5788
Nifty 50,12-04-2018,25.96,3.59,1.23,93.1964
Nifty 50,13-04-2018,26.01,3.6,1.22,93.636
Nifty 50,16-04-2018,26.13,3.62,1.22,94.5906
Nifty 50,17-04-2018,26.18,3.63,1.22,95.0334
Nifty 50,18-04-2018,26.13,3.62,1.22,94.5906
Nifty 50,19-04-2018,26.23,3.63,1.21,95.2149
Nifty 50,20-04-2018,26.22,3.63,1.21,95.1786
Nifty 50,23-04-2018,26.27,3.64,1.21,95.6228
Nifty 50,24-04-2018,26.35,3.65,1.21,96.1775
Nifty 50,25-04-2018,26.24,3.63,1.21,95.2512
Nifty 50,26-04-2018,26.36,3.65,1.21,96.214
Nifty 50,27-04-2018,26.54,3.67,1.2,97.4018
Nifty 50,30-04-2018,26.66,3.69,1.19,98.3754
Nifty 50,02-05-2018,26.6,3.68,1.2,97.888
Nifty 50,03-05-2018,26.51,3.67,1.2,97.2917
Nifty 50,04-05-2018,26.36,3.65,1.21,96.214
Nifty 50,07-05-2018,26.6,3.68,1.2,97.888
Nifty 50,08-05-2018,26.6,3.68,1.2,97.888
Nifty 50,09-05-2018,26.66,3.69,1.19,98.3754
Nifty 50,10-05-2018,26.6,3.68,1.2,97.888
Nifty 50,11-05-2018,26.82,3.71,1.19,99.5022
Nifty 50,14-05-2018,26.82,3.71,1.19,99.5022
Nifty 50,15-05-2018,26.81,3.71,1.19,99.4651
Nifty 50,16-05-2018,26.66,3.69,1.19,98.3754
Nifty 50,17-05-2018,26.52,3.67,1.2,97.3284
Nifty 50,18-05-2018,26.27,3.64,1.21,95.6228
Nifty 50,21-05-2018,26.08,3.61,1.22,94.1488
Nifty 50,22-05-2018,26.13,3.62,1.22,94.5906
Nifty 50,23-05-2018,25.86,3.58,1.23,92.5788
Nifty 50,24-05-2018,26.07,3.61,1.22,94.1127
Nifty 50,25-05-2018,26.24,3.64,1.21,95.5136
Nifty 50,28-05-2018,27.23,3.67,1.2,99.9341
Nifty 50,29-05-2018,27.06,3.65,1.21,98.769
Nifty 50,30-05-2018,27.01,3.65,1.21,98.5865
Nifty 50,31-05-2018,27.19,3.69,1.23,100.3311
Nifty 50,01-06-2018,27.09,3.68,1.23,99.6912
Nifty 50,04-06-2018,26.92,3.66,1.24,98.5272
Nifty 50,05-06-2018,26.83,3.64,1.25,97.6612
Nifty 50,06-06-2018,27.06,3.67,1.23,99.3102
Nifty 50,07-06-2018,27.27,3.7,1.23,100.899
Nifty 50,08-06-2018,27.27,3.7,1.23,100.899
Nifty 50,11-06-2018,27.47,3.71,1.22,101.9137
Nifty 50,12-06-2018,27.6,3.73,1.22,102.948
Nifty 50,13-06-2018,27.54,3.73,1.22,102.7242
Nifty 50,14-06-2018,27.42,3.72,1.22,102.0024
Nifty 50,15-06-2018,27.44,3.72,1.22,102.0768
Nifty 50,18-06-2018,26.6,3.71,1.22,98.686
Nifty 50,19-06-2018,26.38,3.68,1.23,97.0784
Nifty 50,20-06-2018,26.52,3.7,1.22,98.124
Nifty 50,21-06-2018,26.43,3.69,1.23,97.5267
Nifty 50,22-06-2018,26.63,3.72,1.22,99.0636
Nifty 50,25-06-2018,26.48,3.7,1.23,97.976
Nifty 50,26-06-2018,26.02,3.7,1.23,96.274
Nifty 50,27-06-2018,25.73,3.67,1.24,94.4291
Nifty 50,28-06-2018,25.57,3.64,1.25,93.0748
Nifty 50,29-06-2018,25.9,3.61,1.22,93.499
Nifty 50,02-07-2018,25.76,3.59,1.23,92.4784
Nifty 50,03-07-2018,25.85,3.6,1.22,93.06
Nifty 50,04-07-2018,26.02,3.62,1.21,94.1924
Nifty 50,05-07-2018,26.69,3.62,1.21,96.6178
Nifty 50,06-07-2018,26.62,3.63,1.21,96.6306
Nifty 50,09-07-2018,26.82,3.65,1.2,97.893
Nifty 50,10-07-2018,27.05,3.68,1.19,99.544
Nifty 50,11-07-2018,27.2,3.68,1.19,100.096
Nifty 50,12-07-2018,27.39,3.71,1.18,101.6169
Nifty 50,13-07-2018,27.38,3.71,1.18,101.5798
Nifty 50,16-07-2018,27.17,3.68,1.19,99.9856
Nifty 50,17-07-2018,27.35,3.7,1.19,101.195
Nifty 50,18-07-2018,27.28,3.7,1.19,100.936
Nifty 50,19-07-2018,27.22,3.69,1.19,100.4418
Nifty 50,20-07-2018,27.36,3.59,1.22,98.2224
Nifty 50,23-07-2018,27.54,3.61,1.21,99.4194
Nifty 50,24-07-2018,27.66,3.63,1.2,100.4058
Nifty 50,25-07-2018,27.66,3.63,1.2,100.4058
Nifty 50,26-07-2018,27.75,3.64,1.2,101.01
Nifty 50,27-07-2018,28.02,3.67,1.19,102.8334
Nifty 50,30-07-2018,28.12,3.69,1.19,103.7628
Nifty 50,31-07-2018,28.22,3.7,1.18,104.414
Nifty 50,01-08-2018,28.14,3.69,1.19,103.8366
Nifty 50,02-08-2018,27.89,3.66,1.2,102.0774
Nifty 50,03-08-2018,28.23,3.7,1.18,104.451
Nifty 50,06-08-2018,28.26,3.71,1.18,104.8446
Nifty 50,07-08-2018,28.26,3.71,1.18,104.8446
Nifty 50,08-08-2018,28.23,3.73,1.17,105.2979
Nifty 50,09-08-2018,28.11,3.74,1.17,105.1314
Nifty 50,10-08-2018,27.83,3.72,1.18,103.5276
Nifty 50,13-08-2018,27.8,3.7,1.18,102.86
Nifty 50,14-08-2018,28.02,3.72,1.18,104.2344
Nifty 50,16-08-2018,27.9,3.71,1.18,103.509
Nifty 50,17-08-2018,28.11,3.74,1.17,105.1314
Nifty 50,20-08-2018,28.25,3.76,1.16,106.22
Nifty 50,21-08-2018,28.29,3.77,1.16,106.6533
Nifty 50,23-08-2018,28.32,3.77,1.16,106.7664
Nifty 50,24-08-2018,28.06,3.76,1.16,105.5056
Nifty 50,27-08-2018,28.72,3.81,1.15,109.4232
Nifty 50,28-08-2018,28.66,3.82,1.15,109.4812
Nifty 50,29-08-2018,28.55,3.76,1.14,107.348
Nifty 50,30-08-2018,28.51,3.76,1.15,107.1976
Nifty 50,31-08-2018,28.4,3.76,1.15,106.784
Nifty 50,03-09-2018,28.16,3.73,1.16,105.0368
Nifty 50,04-09-2018,28.01,3.71,1.16,103.9171
Nifty 50,05-09-2018,27.9,3.69,1.17,102.951
Nifty 50,06-09-2018,28.05,3.71,1.16,104.0655
Nifty 50,07-09-2018,28.17,3.73,1.15,105.0741
Nifty 50,10-09-2018,27.81,3.68,1.17,102.3408
Nifty 50,11-09-2018,27.44,3.63,1.19,99.6072
Nifty 50,12-09-2018,27.64,3.66,1.18,101.1624
Nifty 50,14-09-2018,28,3.71,1.16,103.88
Nifty 50,17-09-2018,27.66,3.66,1.18,101.2356
Nifty 50,18-09-2018,27.42,3.63,1.19,99.5346
Nifty 50,19-09-2018,27.31,3.61,1.19,98.5891
Nifty 50,21-09-2018,27.09,3.59,1.2,97.2531
Nifty 50,24-09-2018,26.66,3.53,1.22,94.1098
Nifty 50,25-09-2018,26.91,3.56,1.21,95.7996
Nifty 50,26-09-2018,26.87,3.5,1.22,94.045
Nifty 50,27-09-2018,26.69,3.47,1.23,92.6143
Nifty 50,28-09-2018,26.44,3.47,1.23,91.7468
Nifty 50,01-10-2018,26.62,3.5,1.22,93.17
Nifty 50,03-10-2018,26.26,3.45,1.24,90.597
Nifty 50,04-10-2018,25.63,3.37,1.27,86.3731
Nifty 50,05-10-2018,24.95,3.28,1.3,81.836
Nifty 50,08-10-2018,25.03,3.29,1.3,82.3487
Nifty 50,09-10-2018,24.91,3.27,1.3,81.4557
Nifty 50,10-10-2018,25.3,3.32,1.28,83.996
Nifty 50,11-10-2018,24.75,3.25,1.31,80.4375
Nifty 50,12-10-2018,25.33,3.33,1.28,84.3489
Nifty 50,15-10-2018,25.42,3.34,1.28,84.9028
Nifty 50,16-10-2018,25.52,3.36,1.27,85.7472
Nifty 50,17-10-2018,25.19,3.32,1.29,83.6308
Nifty 50,19-10-2018,24.83,3.27,1.3,81.1941
Nifty 50,22-10-2018,24.65,3.26,1.31,80.359
Nifty 50,23-10-2018,24.41,3.22,1.32,78.6002
Nifty 50,24-10-2018,24.6,3.25,1.31,79.95
Nifty 50,25-10-2018,24.36,3.22,1.33,78.4392
Nifty 50,26-10-2018,24.12,3.19,1.34,76.9428
Nifty 50,29-10-2018,24.65,3.26,1.31,80.359
Nifty 50,30-10-2018,24.55,3.24,1.32,79.542
Nifty 50,31-10-2018,25,3.29,1.27,82.25
Nifty 50,01-11-2018,24.98,3.29,1.27,82.1842
Nifty 50,02-11-2018,25.4,3.35,1.25,85.09
Nifty 50,05-11-2018,25.33,3.34,1.26,84.6022
Nifty 50,06-11-2018,25.32,3.34,1.26,84.5688
Nifty 50,07-11-2018,25.49,3.36,1.25,85.6464
Nifty 50,09-11-2018,25.46,3.35,1.25,85.291
Nifty 50,12-11-2018,25.21,3.32,1.26,83.6972
Nifty 50,13-11-2018,25.45,3.35,1.25,85.2575
Nifty 50,14-11-2018,25.43,3.35,1.25,85.1905
Nifty 50,15-11-2018,25.53,3.36,1.25,85.7808
Nifty 50,16-11-2018,25.69,3.38,1.24,86.8322
Nifty 50,19-11-2018,25.88,3.41,1.23,88.2508
Nifty 50,20-11-2018,25.62,3.37,1.25,86.3394
Nifty 50,21-11-2018,25.55,3.35,1.25,85.5925
Nifty 50,22-11-2018,25.43,3.33,1.26,84.6819
Nifty 50,26-11-2018,25.71,3.36,1.25,86.3856
Nifty 50,27-11-2018,25.85,3.38,1.24,87.373
Nifty 50,28-11-2018,25.96,3.39,1.24,88.0044
Nifty 50,29-11-2018,26.27,3.43,1.22,90.1061
Nifty 50,30-11-2018,26.31,3.44,1.22,90.5064
Nifty 50,03-12-2018,26.33,3.44,1.22,90.5752
Nifty 50,04-12-2018,26.3,3.44,1.22,90.472
Nifty 50,05-12-2018,26.09,3.41,1.23,88.9669
Nifty 50,06-12-2018,25.65,3.35,1.25,85.9275
Nifty 50,07-12-2018,25.87,3.38,1.24,87.4406
Nifty 50,10-12-2018,25.37,3.32,1.27,84.2284
Nifty 50,11-12-2018,25.52,3.34,1.26,85.2368
Nifty 50,12-12-2018,25.98,3.4,1.24,88.332
Nifty 50,13-12-2018,26.11,3.41,1.23,89.0351
Nifty 50,14-12-2018,26.14,3.42,1.23,89.3988
Nifty 50,17-12-2018,26.34,3.44,1.22,90.6096
Nifty 50,18-12-2018,26.39,3.45,1.22,91.0455
Nifty 50,19-12-2018,26.53,3.47,1.21,92.0591
Nifty 50,20-12-2018,26.5,3.46,1.21,91.69
Nifty 50,21-12-2018,26.02,3.4,1.24,88.468
Nifty 50,24-12-2018,25.8,3.37,1.25,86.946
Nifty 50,26-12-2018,25.96,3.39,1.24,88.0044
Nifty 50,27-12-2018,26.08,3.41,1.23,88.9328
Nifty 50,28-12-2018,26.16,3.43,1.24,89.7288
Nifty 50,31-12-2018,26.17,3.38,1.24,88.4546
Nifty 50,01-01-2019,26.28,3.4,1.24,89.352
Nifty 50,02-01-2019,26,3.36,1.25,87.36
Nifty 50,03-01-2019,25.71,3.32,1.26,85.3572
Nifty 50,04-01-2019,25.84,3.34,1.26,86.3056
Nifty 50,07-01-2019,25.95,3.36,1.25,87.192
Nifty 50,08-01-2019,26.02,3.36,1.25,87.4272
Nifty 50,09-01-2019,26.15,3.38,1.24,88.387
Nifty 50,10-01-2019,26.07,3.37,1.25,87.8559
Nifty 50,11-01-2019,26,3.36,1.25,87.36
Nifty 50,14-01-2019,25.8,3.34,1.26,86.172
Nifty 50,15-01-2019,26.16,3.39,1.24,88.6824
Nifty 50,16-01-2019,26.17,3.39,1.24,88.7163
Nifty 50,17-01-2019,26.21,3.4,1.24,89.114
Nifty 50,18-01-2019,26.19,3.4,1.24,89.046
Nifty 50,21-01-2019,26.29,3.41,1.23,89.6489
Nifty 50,22-01-2019,26.54,3.4,1.24,90.236
Nifty 50,23-01-2019,26.32,3.37,1.25,88.6984
Nifty 50,24-01-2019,26.31,3.38,1.24,88.9278
Nifty 50,25-01-2019,26.14,3.36,1.25,87.8304
Nifty 50,28-01-2019,25.85,3.32,1.27,85.822
Nifty 50,29-01-2019,25.84,3.32,1.27,85.7888
Nifty 50,30-01-2019,25.84,3.32,1.27,85.7888
Nifty 50,31-01-2019,26.26,3.37,1.25,88.4962
Nifty 50,01-02-2019,26.4,3.39,1.24,89.496
Nifty 50,04-02-2019,27.02,3.4,1.24,91.868
Nifty 50,05-02-2019,27.07,3.41,1.23,92.3087
Nifty 50,06-02-2019,27.39,3.45,1.22,94.4955
Nifty 50,07-02-2019,27.41,3.45,1.22,94.5645
Nifty 50,08-02-2019,27.1,3.41,1.23,92.411
Nifty 50,11-02-2019,26.96,3.39,1.24,91.3944
Nifty 50,12-02-2019,26.84,3.37,1.25,90.4508
Nifty 50,13-02-2019,26.6,3.36,1.25,89.376
Nifty 50,14-02-2019,26.58,3.35,1.26,89.043
Nifty 50,15-02-2019,26.53,3.34,1.26,88.6102
Nifty 50,18-02-2019,26.32,3.31,1.27,87.1192
Nifty 50,19-02-2019,26.23,3.3,1.27,86.559
Nifty 50,20-02-2019,26.5,3.34,1.26,88.51
Nifty 50,21-02-2019,26.31,3.36,1.25,88.4016
Nifty 50,22-02-2019,26.32,3.41,1.25,89.7512
Nifty 50,25-02-2019,26.53,3.43,1.24,90.9979
Nifty 50,26-02-2019,26.43,3.42,1.25,90.3906
Nifty 50,27-02-2019,26.36,3.41,1.25,89.8876
Nifty 50,28-02-2019,26.32,3.41,1.25,89.7512
Nifty 50,01-03-2019,26.49,3.43,1.24,90.8607
Nifty 50,05-03-2019,26.93,3.47,1.23,93.4471
Nifty 50,06-03-2019,27.09,3.49,1.22,94.5441
Nifty 50,07-03-2019,27.11,3.49,1.22,94.6139
Nifty 50,08-03-2019,27.05,3.48,1.22,94.134
Nifty 50,11-03-2019,27.38,3.52,1.21,96.3776
Nifty 50,12-03-2019,27.7,3.57,1.19,98.889
Nifty 50,13-03-2019,27.8,3.58,1.19,99.524
Nifty 50,14-03-2019,27.81,3.58,1.19,99.5598
Nifty 50,15-03-2019,28.01,3.61,1.18,101.1161
Nifty 50,18-03-2019,28.1,3.62,1.18,101.722
Nifty 50,19-03-2019,28.27,3.64,1.17,102.9028
Nifty 50,20-03-2019,28.24,3.64,1.17,102.7936
Nifty 50,22-03-2019,28.08,3.62,1.18,101.6496
Nifty 50,25-03-2019,27.83,3.58,1.19,99.6314
Nifty 50,26-03-2019,28.15,3.62,1.18,101.903
Nifty 50,27-03-2019,28.05,3.61,1.18,101.2605
Nifty 50,28-03-2019,28.36,3.65,1.17,103.514
Nifty 50,29-03-2019,29.01,3.71,1.13,107.6271
Nifty 50,01-04-2019,29.13,3.72,1.13,108.3636
Nifty 50,02-04-2019,29.24,3.74,1.12,109.3576
Nifty 50,03-04-2019,29.06,3.72,1.13,108.1032
Nifty 50,04-04-2019,28.95,3.7,1.14,107.115
Nifty 50,05-04-2019,29.12,3.72,1.13,108.3264
Nifty 50,08-04-2019,28.96,3.7,1.14,107.152
Nifty 50,09-04-2019,29.13,3.72,1.13,108.3636
Nifty 50,10-04-2019,28.91,3.7,1.14,106.967
Nifty 50,11-04-2019,28.94,3.7,1.14,107.078
Nifty 50,12-04-2019,29.06,3.72,1.13,108.1032
Nifty 50,15-04-2019,29.18,3.73,1.13,108.8414
Nifty 50,16-04-2019,29.42,3.76,1.12,110.6192
Nifty 50,18-04-2019,29.33,3.75,1.12,109.9875
Nifty 50,22-04-2019,28.94,3.7,1.14,107.078
Nifty 50,23-04-2019,28.94,3.7,1.14,107.078
Nifty 50,24-04-2019,29.27,3.75,1.12,109.7625
Nifty 50,25-04-2019,29.06,3.72,1.13,108.1032
Nifty 50,26-04-2019,29.34,3.76,1.12,110.3184
Nifty 50,30-04-2019,29.33,3.76,1.12,110.2808
Nifty 50,02-05-2019,29.27,3.75,1.12,109.7625
Nifty 50,03-05-2019,29.24,3.74,1.12,109.3576
Nifty 50,06-05-2019,28.95,3.71,1.13,107.4045
Nifty 50,07-05-2019,28.73,3.68,1.14,105.7264
Nifty 50,08-05-2019,28.38,3.63,1.16,103.0194
Nifty 50,09-05-2019,28.24,3.61,1.16,101.9464
Nifty 50,10-05-2019,28.14,3.61,1.17,101.5854
Nifty 50,13-05-2019,27.8,3.56,1.18,98.968
Nifty 50,14-05-2019,27.98,3.59,1.17,100.4482
Nifty 50,15-05-2019,27.82,3.57,1.18,99.3174
Nifty 50,16-05-2019,28.07,3.6,1.17,101.052
Nifty 50,17-05-2019,28.44,3.65,1.15,103.806
Nifty 50,20-05-2019,29.48,3.78,1.11,111.4344
Nifty 50,21-05-2019,29.18,3.74,1.12,109.1332
Nifty 50,22-05-2019,29.22,3.75,1.12,109.575
Nifty 50,23-05-2019,29.02,3.73,1.13,108.2446
Nifty 50,24-05-2019,29.44,3.79,1.11,111.5776
Nifty 50,27-05-2019,29.68,3.81,1.22,113.0808
Nifty 50,28-05-2019,29.69,3.81,1.22,113.1189
Nifty 50,29-05-2019,29.44,3.79,1.23,111.5776
Nifty 50,30-05-2019,29.65,3.82,1.22,113.263
Nifty 50,31-05-2019,29.49,3.81,1.22,112.3569
Nifty 50,03-06-2019,29.9,3.86,1.2,115.414
Nifty 50,04-06-2019,29.73,3.84,1.21,114.1632
Nifty 50,06-06-2019,29.29,3.79,1.23,111.0091
Nifty 50,07-06-2019,29.36,3.79,1.23,111.2744
Nifty 50,10-06-2019,29.49,3.81,1.22,112.3569
Nifty 50,11-06-2019,29.59,3.82,1.22,113.0338
Nifty 50,12-06-2019,29.45,3.81,1.22,112.2045
Nifty 50,13-06-2019,29.46,3.81,1.22,112.2426
Nifty 50,14-06-2019,29.24,3.77,1.23,110.2348
Nifty 50,17-06-2019,28.87,3.73,1.25,107.6851
Nifty 50,18-06-2019,28.91,3.73,1.25,107.8343
Nifty 50,19-06-2019,28.91,3.73,1.25,107.8343
Nifty 50,20-06-2019,29.26,3.78,1.23,110.6028
Nifty 50,21-06-2019,28.99,3.74,1.24,108.4226
Nifty 50,24-06-2019,28.93,3.74,1.25,108.1982
Nifty 50,25-06-2019,29.17,3.77,1.24,109.9709
Nifty 50,26-06-2019,29.09,3.78,1.23,109.9602
Nifty 50,27-06-2019,29.07,3.78,1.23,109.8846
Nifty 50,28-06-2019,28.98,3.71,1.24,107.5158
Nifty 50,01-07-2019,29.17,3.73,1.23,108.8041
Nifty 50,02-07-2019,29.28,3.75,1.23,109.8
Nifty 50,03-07-2019,29.3,3.75,1.23,109.875
Nifty 50,04-07-2019,29.37,3.76,1.23,110.4312
Nifty 50,05-07-2019,29.04,3.72,1.24,108.0288
Nifty 50,08-07-2019,28.42,3.64,1.27,103.4488
Nifty 50,09-07-2019,28.41,3.64,1.27,103.4124
Nifty 50,10-07-2019,28.2,3.62,1.27,102.084
Nifty 50,11-07-2019,28.4,3.64,1.26,103.376
Nifty 50,12-07-2019,28.33,3.61,1.29,102.2713
Nifty 50,15-07-2019,28.33,3.62,1.29,102.5546
Nifty 50,16-07-2019,28.51,3.64,1.28,103.7764
Nifty 50,17-07-2019,28.58,3.65,1.28,104.317
Nifty 50,18-07-2019,28.35,3.62,1.29,102.627
Nifty 50,19-07-2019,27.92,3.57,1.31,99.6744
Nifty 50,22-07-2019,27.81,3.55,1.31,98.7255
Nifty 50,23-07-2019,27.77,3.55,1.31,98.5835
Nifty 50,24-07-2019,27.62,3.53,1.32,97.4986
Nifty 50,25-07-2019,27.57,3.52,1.32,97.0464
Nifty 50,26-07-2019,27.73,3.53,1.32,97.8869
Nifty 50,29-07-2019,27.6,3.5,1.33,96.6
Nifty 50,30-07-2019,27.34,3.47,1.34,94.8698
Nifty 50,31-07-2019,27.42,3.45,1.33,94.599
Nifty 50,01-08-2019,27.05,3.41,1.35,92.2405
Nifty 50,02-08-2019,27.09,3.42,1.34,92.6478
Nifty 50,05-08-2019,26.76,3.37,1.36,90.1812
Nifty 50,06-08-2019,26.97,3.4,1.35,91.698
Nifty 50,07-08-2019,26.74,3.37,1.36,90.1138
Nifty 50,08-08-2019,27.2,3.43,1.34,93.296
Nifty 50,09-08-2019,27.41,3.45,1.33,94.5645
Nifty 50,13-08-2019,27.03,3.39,1.35,91.6317
Nifty 50,14-08-2019,27.24,3.43,1.34,93.4332
Nifty 50,16-08-2019,27.33,3.43,1.34,93.7419
Nifty 50,19-08-2019,27.35,3.43,1.34,93.8105
Nifty 50,20-08-2019,27.26,3.42,1.34,93.2292
Nifty 50,21-08-2019,27.01,3.39,1.35,91.5639
Nifty 50,22-08-2019,26.57,3.34,1.38,88.7438
Nifty 50,23-08-2019,26.79,3.36,1.36,90.0144
Nifty 50,26-08-2019,27.36,3.43,1.34,93.8448
Nifty 50,27-08-2019,27.47,3.45,1.33,94.7715
Nifty 50,28-08-2019,27.33,3.43,1.34,93.7419
Nifty 50,29-08-2019,27.09,3.4,1.35,92.106
Nifty 50,30-08-2019,27.27,3.35,1.39,91.3545
Nifty 50,03-09-2019,26.54,3.28,1.42,87.0512
Nifty 50,04-09-2019,26.61,3.29,1.42,87.5469
Nifty 50,05-09-2019,26.67,3.29,1.41,87.7443
Nifty 50,06-09-2019,26.91,3.32,1.4,89.3412
Nifty 50,09-09-2019,27.05,3.34,1.39,90.347
Nifty 50,11-09-2019,27.13,3.35,1.39,90.8855
Nifty 50,12-09-2019,27,3.34,1.4,90.18
Nifty 50,13-09-2019,27.23,3.36,1.39,91.4928
Nifty 50,16-09-2019,27.06,3.34,1.39,90.3804
Nifty 50,17-09-2019,26.6,3.29,1.42,87.514
Nifty 50,18-09-2019,26.66,3.29,1.42,87.7114
Nifty 50,19-09-2019,26.32,3.25,1.43,85.54
Nifty 50,20-09-2019,27.72,3.42,1.36,94.8024
Nifty 50,23-09-2019,28.52,3.52,1.32,100.3904
Nifty 50,24-09-2019,28.49,3.52,1.32,100.2848
Nifty 50,25-09-2019,25.92,3.47,1.34,89.9424
Nifty 50,26-09-2019,26.22,3.51,1.33,92.0322
Nifty 50,27-09-2019,26.52,3.55,1.3,94.146
Nifty 50,30-09-2019,26.44,3.53,1.31,93.3332
Nifty 50,01-10-2019,26.17,3.5,1.32,91.595
Nifty 50,03-10-2019,26.07,3.48,1.32,90.7236
Nifty 50,04-10-2019,25.75,3.44,1.34,88.58
Nifty 50,07-10-2019,25.64,3.43,1.35,87.9452
Nifty 50,09-10-2019,26.13,3.49,1.32,91.1937
Nifty 50,10-10-2019,25.95,3.47,1.33,90.0465
Nifty 50,11-10-2019,26.11,3.49,1.32,91.1239
Nifty 50,14-10-2019,26.2,3.5,1.32,91.7
Nifty 50,15-10-2019,26.4,3.53,1.31,93.192
Nifty 50,16-10-2019,26.48,3.54,1.3,93.7392
Nifty 50,17-10-2019,26.76,3.58,1.29,95.8008
Nifty 50,18-10-2019,26.94,3.6,1.28,96.984
Nifty 50,22-10-2019,26.71,3.58,1.29,95.6218
Nifty 50,23-10-2019,26.75,3.58,1.29,95.765
Nifty 50,24-10-2019,26.7,3.58,1.29,95.586
Nifty 50,25-10-2019,26.7,3.58,1.29,95.586
Nifty 50,27-10-2019,26.8,3.59,1.29,96.212
Nifty 50,29-10-2019,27.17,3.64,1.27,98.8988
Nifty 50,30-10-2019,27.3,3.66,1.26,99.918
Nifty 50,31-10-2019,27.38,3.67,1.26,100.4846
Nifty 50,01-11-2019,27.47,3.67,1.26,100.8149
Nifty 50,04-11-2019,27.59,3.69,1.25,101.8071
Nifty 50,05-11-2019,27.59,3.68,1.25,101.5312
Nifty 50,06-11-2019,27.71,3.7,1.25,102.527
Nifty 50,07-11-2019,27.75,3.71,1.24,102.9525
Nifty 50,08-11-2019,27.51,3.68,1.25,101.2368
Nifty 50,11-11-2019,27.52,3.68,1.25,101.2736
Nifty 50,13-11-2019,27.31,3.66,1.26,99.9546
Nifty 50,14-11-2019,27.38,3.67,1.26,100.4846
Nifty 50,15-11-2019,27.32,3.67,1.26,100.2644
Nifty 50,18-11-2019,27.29,3.67,1.26,100.1543
Nifty 50,19-11-2019,27.31,3.69,1.25,100.7739
Nifty 50,20-11-2019,27.23,3.71,1.24,101.0233
Nifty 50,21-11-2019,27.89,3.7,1.25,103.193
Nifty 50,22-11-2019,27.77,3.68,1.25,102.1936
Nifty 50,25-11-2019,28.14,3.73,1.24,104.9622
Nifty 50,26-11-2019,28.05,3.72,1.24,104.346
Nifty 50,27-11-2019,28.2,3.74,1.23,105.468
Nifty 50,28-11-2019,28.32,3.75,1.23,106.2
Nifty 50,29-11-2019,28.1,3.72,1.24,104.532
Nifty 50,02-12-2019,28.08,3.72,1.24,104.4576
Nifty 50,03-12-2019,27.95,3.7,1.25,103.415
Nifty 50,04-12-2019,28.07,3.72,1.24,104.4204
Nifty 50,05-12-2019,28.01,3.71,1.24,103.9171
Nifty 50,06-12-2019,27.78,3.68,1.25,102.2304
Nifty 50,09-12-2019,27.82,3.69,1.25,102.6558
Nifty 50,10-12-2019,27.63,3.66,1.26,101.1258
Nifty 50,11-12-2019,27.76,3.68,1.25,102.1568
Nifty 50,12-12-2019,27.9,3.7,1.25,103.23
Nifty 50,13-12-2019,28.17,3.73,1.24,105.0741
Nifty 50,16-12-2019,28.09,3.72,1.24,104.4948
Nifty 50,17-12-2019,28.35,3.76,1.23,106.596
Nifty 50,18-12-2019,28.48,3.77,1.22,107.3696
Nifty 50,19-12-2019,28.57,3.79,1.22,108.2803
Nifty 50,20-12-2019,28.6,3.79,1.22,108.394
Nifty 50,23-12-2019,28.58,3.79,1.22,108.3182
Nifty 50,24-12-2019,28.47,3.77,1.22,107.3319
Nifty 50,26-12-2019,28.26,3.74,1.23,105.6924
Nifty 50,27-12-2019,28.48,3.78,1.23,107.6544
Nifty 50,30-12-2019,28.5,3.78,1.23,107.73
Nifty 50,31-12-2019,28.3,3.75,1.24,106.125
Nifty 50,01-01-2020,28.33,3.76,1.24,106.5208
Nifty 50,02-01-2020,28.56,3.79,1.23,108.2424
Nifty 50,03-01-2020,28.44,3.77,1.23,107.2188
Nifty 50,06-01-2020,27.89,3.7,1.26,103.193
Nifty 50,07-01-2020,28.03,3.72,1.25,104.2716
Nifty 50,08-01-2020,27.97,3.71,1.25,103.7687
Nifty 50,09-01-2020,28.41,3.77,1.23,107.1057
Nifty 50,10-01-2020,28.51,3.78,1.23,107.7678
Nifty 50,13-01-2020,28.67,3.8,1.22,108.946
Nifty 50,14-01-2020,28.67,3.81,1.22,109.2327
Nifty 50,15-01-2020,28.63,3.81,1.22,109.0803
Nifty 50,16-01-2020,28.62,3.68,1.24,105.3216
Nifty 50,17-01-2020,28.61,3.67,1.24,104.9987
Nifty 50,20-01-2020,28,3.63,1.25,101.64
Nifty 50,21-01-2020,27.84,3.45,1.25,96.048
Nifty 50,22-01-2020,27.73,3.42,1.26,94.8366
Nifty 50,23-01-2020,27.88,3.43,1.25,95.6284
Nifty 50,24-01-2020,28.1,3.45,1.24,96.945
Nifty 50,27-01-2020,27.73,3.42,1.25,94.8366
Nifty 50,28-01-2020,26.65,3.4,1.26,90.61
Nifty 50,29-01-2020,26.81,3.42,1.26,91.6902
Nifty 50,30-01-2020,26.57,3.39,1.27,90.0723
Nifty 50,31-01-2020,26.41,3.37,1.27,89.0017
Nifty 50,01-02-2020,25.75,3.28,1.31,84.46
Nifty 50,03-02-2020,25.9,3.3,1.3,85.47
Nifty 50,04-02-2020,26.57,3.37,1.27,89.5409
Nifty 50,05-02-2020,27.05,3.4,1.26,91.97
Nifty 50,06-02-2020,27.16,3.42,1.26,92.8872
Nifty 50,07-02-2020,27.03,3.41,1.26,92.1723
Nifty 50,10-02-2020,26.89,3.39,1.27,91.1571
Nifty 50,11-02-2020,27.21,3.41,1.26,92.7861
Nifty 50,12-02-2020,27.65,3.44,1.25,95.116
Nifty 50,13-02-2020,27.59,3.43,1.25,94.6337
Nifty 50,14-02-2020,27.45,3.41,1.26,93.6045
Nifty 50,17-02-2020,27.42,3.39,1.27,92.9538
Nifty 50,18-02-2020,27.29,3.38,1.27,92.2402
Nifty 50,19-02-2020,27.6,3.41,1.26,94.116
Nifty 50,20-02-2020,27.5,3.4,1.26,93.5
Nifty 50,24-02-2020,26.92,3.33,1.29,89.6436
Nifty 50,25-02-2020,26.85,3.32,1.29,89.142
Nifty 50,26-02-2020,26.58,3.29,1.3,87.4482
Nifty 50,27-02-2020,26.48,3.27,1.31,86.5896
Nifty 50,28-02-2020,25.49,3.15,1.36,80.2935
Nifty 50,02-03-2020,25.34,3.13,1.37,79.3142
Nifty 50,03-03-2020,25.73,3.18,1.35,81.8214
Nifty 50,04-03-2020,25.61,3.17,1.35,81.1837
Nifty 50,05-03-2020,25.65,3.17,1.35,81.3105
Nifty 50,06-03-2020,25.01,3.09,1.39,77.2809
Nifty 50,09-03-2020,23.79,2.94,1.46,69.9426
Nifty 50,11-03-2020,23.8,2.94,1.46,69.972
Nifty 50,12-03-2020,21.83,2.7,1.59,58.941
Nifty 50,13-03-2020,22.66,2.8,1.53,63.448
Nifty 50,16-03-2020,20.93,2.59,1.66,54.2087
Nifty 50,17-03-2020,20.41,2.52,1.7,51.4332
Nifty 50,18-03-2020,19.27,2.38,1.8,45.8626
Nifty 50,19-03-2020,18.63,2.36,1.84,43.9668
Nifty 50,20-03-2020,19.72,2.49,1.74,49.1028
Nifty 50,23-03-2020,17.15,2.17,2,37.2155
Nifty 50,24-03-2020,17.58,2.22,1.95,39.0276
Nifty 50,25-03-2020,18.74,2.37,1.83,44.4138
Nifty 50,26-03-2020,19.47,2.46,1.76,47.8962
Nifty 50,27-03-2020,19.52,2.47,1.76,48.2144
Nifty 50,30-03-2020,18.66,2.36,1.84,44.0376
Nifty 50,31-03-2020,19.38,2.45,1.77,47.481
Nifty 50,01-04-2020,18.6,2.35,1.84,43.71
Nifty 50,03-04-2020,18.22,2.3,1.88,41.906
Nifty 50,07-04-2020,19.81,2.51,1.73,49.7231
Nifty 50,08-04-2020,19.72,2.49,1.74,49.1028
Nifty 50,09-04-2020,20.53,2.6,1.67,53.378
Nifty 50,13-04-2020,20.27,2.56,1.69,51.8912
Nifty 50,15-04-2020,20.11,2.54,1.7,51.0794
Nifty 50,16-04-2020,20.25,2.56,1.69,51.84
Nifty 50,17-04-2020,20.85,2.64,1.64,55.044
Nifty 50,20-04-2020,20.75,2.64,1.64,54.78
Nifty 50,21-04-2020,20.1,2.56,1.69,51.456
Nifty 50,22-04-2020,20.56,2.62,1.66,53.8672
Nifty 50,23-04-2020,20.84,2.65,1.63,55.226
Nifty 50,24-04-2020,20.48,2.61,1.66,53.4528
Nifty 50,27-04-2020,20.77,2.65,1.64,55.0405
Nifty 50,28-04-2020,21,2.67,1.62,56.07
Nifty 50,29-04-2020,21.65,2.72,1.59,58.888
Nifty 50,30-04-2020,22.35,2.81,1.54,62.8035
Nifty 50,04-05-2020,21.39,2.65,1.64,56.6835
Nifty 50,05-05-2020,21.19,2.62,1.65,55.5178
Nifty 50,06-05-2020,21.34,2.64,1.64,56.3376
Nifty 50,07-05-2020,21.18,2.62,1.65,55.4916
Nifty 50,08-05-2020,21.28,2.64,1.64,56.1792
Nifty 50,11-05-2020,21.21,2.63,1.65,55.7823
Nifty 50,12-05-2020,21.11,2.62,1.65,55.3082
Nifty 50,13-05-2020,21.51,2.67,1.62,57.4317
Nifty 50,14-05-2020,21,2.6,1.67,54.6
Nifty 50,15-05-2020,20.98,2.6,1.67,54.548
Nifty 50,18-05-2020,20.26,2.51,1.73,50.8526
Nifty 50,19-05-2020,20.39,2.53,1.72,51.5867
Nifty 50,20-05-2020,21.16,2.58,1.68,54.5928
Nifty 50,21-05-2020,21.14,2.59,1.67,54.7526
Nifty 50,22-05-2020,20.97,2.57,1.69,53.8929
Nifty 50,26-05-2020,21.1,2.57,1.69,54.227
Nifty 50,27-05-2020,21.77,2.65,1.64,57.6905
Nifty 50,28-05-2020,22.17,2.7,1.61,59.859
Nifty 50,29-05-2020,22.38,2.73,1.59,61.0974
Nifty 50,01-06-2020,22.96,2.8,1.55,64.288
Nifty 50,02-06-2020,23.31,2.84,1.53,66.2004
Nifty 50,03-06-2020,23.5,2.86,1.51,67.21
Nifty 50,04-06-2020,23.42,2.85,1.52,66.747
Nifty 50,05-06-2020,23.91,2.89,1.5,69.0999
Nifty 50,08-06-2020,23.97,2.89,1.5,69.2733
Nifty 50,09-06-2020,24.25,2.86,1.52,69.355
Nifty 50,10-06-2020,24.41,2.88,1.51,70.3008
Nifty 50,11-06-2020,23.9,2.82,1.54,67.398
Nifty 50,12-06-2020,24.08,2.84,1.53,68.3872
Nifty 50,15-06-2020,23.69,2.79,1.55,66.0951
Nifty 50,16-06-2020,24.31,2.82,1.54,68.5542
Nifty 50,17-06-2020,24.59,2.81,1.54,69.0979
Nifty 50,18-06-2020,25.11,2.87,1.51,72.0657
Nifty 50,19-06-2020,25.49,2.92,1.49,74.4308
Nifty 50,22-06-2020,25.66,2.94,1.48,75.4404
Nifty 50,23-06-2020,26.05,2.98,1.45,77.629
Nifty 50,24-06-2020,25.63,2.93,1.48,75.0959
Nifty 50,25-06-2020,25.59,2.93,1.48,74.9787
Nifty 50,26-06-2020,26.67,2.97,1.54,79.2099
Nifty 50,29-06-2020,26.49,2.95,1.55,78.1455
Nifty 50,30-06-2020,26.32,2.94,1.55,77.3808
Nifty 50,01-07-2020,26.97,2.98,1.54,80.3706
Nifty 50,02-07-2020,27.63,3.01,1.52,83.1663
Nifty 50,03-07-2020,27.78,3.03,1.51,84.1734
Nifty 50,06-07-2020,28.13,3.07,1.49,86.3591
Nifty 50,07-07-2020,28.22,3.08,1.49,86.9176
Nifty 50,08-07-2020,27.98,3.05,1.5,85.339
Nifty 50,09-07-2020,28.26,3.08,1.48,87.0408
Nifty 50,10-07-2020,28.27,3.07,1.49,86.7889
Nifty 50,13-07-2020,28.36,3.08,1.49,87.3488
Nifty 50,14-07-2020,27.85,3.02,1.51,84.107
Nifty 50,15-07-2020,27.88,3.03,1.51,84.4764
Nifty 50,16-07-2020,28.19,3.06,1.49,86.2614
Nifty 50,17-07-2020,28.55,3.11,1.47,88.7905
Nifty 50,20-07-2020,28.86,3.14,1.46,90.6204
Nifty 50,21-07-2020,29.01,3.18,1.44,92.2518
Nifty 50,22-07-2020,28.93,3.17,1.44,91.7081
Nifty 50,23-07-2020,29.2,3.2,1.43,93.44
Nifty 50,24-07-2020,29.35,3.19,1.43,93.6265
Nifty 50,27-07-2020,29.18,3.17,1.44,92.5006
Nifty 50,28-07-2020,29.87,3.14,1.49,93.7918
Nifty 50,29-07-2020,29.59,3.1,1.54,91.729
Nifty 50,30-07-2020,29.46,3.07,1.56,90.4422
Nifty 50,31-07-2020,30.2,3.12,1.49,94.224
Nifty 50,03-08-2020,29.7,3.07,1.51,91.179
Nifty 50,04-08-2020,30.39,3.12,1.49,94.8168
Nifty 50,05-08-2020,30.41,3.13,1.48,95.1833
Nifty 50,06-08-2020,30.68,3.15,1.47,96.642
Nifty 50,07-08-2020,30.72,3.16,1.47,97.0752
Nifty 50,10-08-2020,31.23,3.17,1.46,98.9991
Nifty 50,11-08-2020,31.37,3.19,1.46,100.0703
Nifty 50,12-08-2020,31.33,3.18,1.46,99.6294
Nifty 50,13-08-2020,31.42,3.18,1.46,99.9156
Nifty 50,14-08-2020,31.09,3.15,1.47,97.9335
Nifty 50,17-08-2020,31.64,3.17,1.46,100.2988
Nifty 50,18-08-2020,32.03,3.21,1.45,102.8163
Nifty 50,19-08-2020,32.09,3.21,1.44,103.0089
Nifty 50,20-08-2020,31.91,3.17,1.49,101.1547
Nifty 50,21-08-2020,32.08,3.18,1.47,102.0144
Nifty 50,24-08-2020,32.41,3.21,1.46,104.0361
Nifty 50,25-08-2020,32.43,3.21,1.46,104.1003
Nifty 50,26-08-2020,32.64,3.23,1.45,105.4272
Nifty 50,27-08-2020,32.67,3.23,1.45,105.5241
Nifty 50,28-08-2020,32.92,3.26,1.43,107.3192
Nifty 50,31-08-2020,32.29,3.2,1.46,103.328
Nifty 50,01-09-2020,32.53,3.22,1.45,104.7466
Nifty 50,02-09-2020,32.71,3.24,1.44,105.9804
Nifty 50,03-09-2020,33.04,3.24,1.45,107.0496
Nifty 50,04-09-2020,32.49,3.18,1.48,103.3182
Nifty 50,07-09-2020,32.55,3.19,1.48,103.8345
Nifty 50,08-09-2020,32.44,3.18,1.48,103.1592
Nifty 50,09-09-2020,32.33,3.17,1.49,102.4861
Nifty 50,10-09-2020,32.82,3.22,1.46,105.6804
Nifty 50,11-09-2020,32.86,3.22,1.46,105.8092
Nifty 50,14-09-2020,32.79,3.21,1.47,105.2559
Nifty 50,15-09-2020,33.03,3.2,1.42,105.696
Nifty 50,16-09-2020,33.26,3.23,1.41,107.4298
Nifty 50,17-09-2020,33.01,3.2,1.42,105.632
Nifty 50,18-09-2020,32.98,3.2,1.42,105.536
Nifty 50,21-09-2020,32.25,3.13,1.45,100.9425
Nifty 50,22-09-2020,31.97,3.1,1.47,99.107
Nifty 50,23-09-2020,31.91,3.1,1.47,98.921
Nifty 50,24-09-2020,30.97,3.01,1.51,93.2197
Nifty 50,25-09-2020,32.12,3.13,1.44,100.5356
Nifty 50,28-09-2020,32.63,3.18,1.41,103.7634
Nifty 50,29-09-2020,32.62,3.18,1.42,103.7316
Nifty 50,30-09-2020,32.69,3.19,1.41,104.2811
Nifty 50,01-10-2020,33.18,3.23,1.39,107.1714
Nifty 50,05-10-2020,33.43,3.26,1.38,108.9818
Nifty 50,06-10-2020,33.9,3.3,1.36,111.87
Nifty 50,07-10-2020,34.12,3.32,1.35,113.2784
Nifty 50,08-10-2020,34.4,3.35,1.34,115.24
Nifty 50,09-10-2020,34.71,3.37,1.33,116.9727
Nifty 50,12-10-2020,34.76,3.38,1.33,117.4888
Nifty 50,13-10-2020,34.77,3.38,1.33,117.5226
Nifty 50,14-10-2020,34.87,3.39,1.33,118.2093
Nifty 50,15-10-2020,34.03,3.31,1.36,112.6393
Nifty 50,16-10-2020,34.13,3.33,1.35,113.6529
Nifty 50,19-10-2020,34.43,3.36,1.34,115.6848
Nifty 50,20-10-2020,34.28,3.37,1.33,115.5236
Nifty 50,21-10-2020,34.4,3.38,1.33,116.272
Nifty 50,22-10-2020,34.27,3.37,1.33,115.4899
Nifty 50,23-10-2020,34.37,3.38,1.33,116.1706
Nifty 50,26-10-2020,33.95,3.33,1.35,113.0535
Nifty 50,27-10-2020,34.49,3.37,1.34,116.2313
Nifty 50,28-10-2020,33.94,3.32,1.35,112.6808
Nifty 50,29-10-2020,31.56,3.3,1.36,104.148
Nifty 50,30-10-2020,31.9,3.3,1.36,105.27
Nifty 50,02-11-2020,31.43,3.3,1.36,103.719
Nifty 50,03-11-2020,31.82,3.34,1.34,106.2788
Nifty 50,04-11-2020,32.27,3.37,1.33,108.7499
Nifty 50,05-11-2020,32.84,3.43,1.31,112.6412
Nifty 50,06-11-2020,33.09,3.47,1.29,114.8223
Nifty 50,09-11-2020,33.62,3.53,1.27,118.6786
Nifty 50,10-11-2020,34.18,3.58,1.26,122.3644
Nifty 50,11-11-2020,34.5,3.61,1.25,124.545
Nifty 50,12-11-2020,34.48,3.59,1.25,123.7832
Nifty 50,13-11-2020,34.57,3.6,1.25,124.452
Nifty 50,14-11-2020,34.73,3.62,1.24,125.7226
Nifty 50,17-11-2020,34.93,3.64,1.23,127.1452
Nifty 50,18-11-2020,35.59,3.66,1.23,130.2594
Nifty 50,19-11-2020,35.12,3.61,1.24,126.7832
Nifty 50,20-11-2020,35.36,3.64,1.23,128.7104
Nifty 50,23-11-2020,35.55,3.66,1.23,130.113
Nifty 50,24-11-2020,35.9,3.7,1.22,132.83
Nifty 50,25-11-2020,35.36,3.64,1.23,128.7104
Nifty 50,26-11-2020,35.71,3.68,1.22,131.4128
Nifty 50,27-11-2020,35.66,3.67,1.22,130.8722
Nifty 50,01-12-2020,36.05,3.71,1.21,133.7455
Nifty 50,02-12-2020,36.06,3.71,1.21,133.7826
Nifty 50,03-12-2020,36.12,3.72,1.21,134.3664
Nifty 50,04-12-2020,36.46,3.75,1.2,136.725
Nifty 50,07-12-2020,36.73,3.78,1.19,138.8394
Nifty 50,08-12-2020,36.83,3.79,1.19,139.5857
Nifty 50,09-12-2020,37.2,3.83,1.17,142.476
Nifty 50,10-12-2020,37.06,3.81,1.18,141.1986
Nifty 50,11-12-2020,37.16,3.82,1.18,141.9512
Nifty 50,14-12-2020,37.28,3.84,1.17,143.1552
Nifty 50,15-12-2020,37.31,3.84,1.17,143.2704
Nifty 50,16-12-2020,37.63,3.87,1.16,145.6281
Nifty 50,17-12-2020,37.79,3.89,1.16,147.0031
Nifty 50,18-12-2020,37.84,3.89,1.15,147.1976
Nifty 50,21-12-2020,36.65,3.77,1.19,138.1705
Nifty 50,22-12-2020,37.03,3.81,1.18,141.0843
Nifty 50,23-12-2020,37.4,3.85,1.17,143.99
Nifty 50,24-12-2020,37.81,3.89,1.15,147.0809
Nifty 50,28-12-2020,38.15,3.93,1.14,149.9295
Nifty 50,29-12-2020,38.31,3.94,1.14,150.9414
Nifty 50,30-12-2020,38.45,3.96,1.14,152.262
Nifty 50,31-12-2020,38.45,3.96,1.14,152.262
Nifty 50,01-01-2021,38.55,3.97,1.13,153.0435
Nifty 50,04-01-2021,38.87,4.01,1.12,155.8687
Nifty 50,05-01-2021,39.05,4.02,1.12,156.981
Nifty 50,06-01-2021,38.9,4.01,1.12,155.989
Nifty 50,07-01-2021,38.88,4.01,1.12,155.9088
Nifty 50,08-01-2021,39.45,4.07,1.11,160.5615
Nifty 50,11-01-2021,39.72,4.1,1.1,162.852
Nifty 50,12-01-2021,39.94,4.13,1.09,164.9522
Nifty 50,13-01-2021,39.94,4.13,1.09,164.9522
Nifty 50,14-01-2021,40.03,4.14,1.09,165.7242
Nifty 50,15-01-2021,39.34,4.09,1.1,160.9006
Nifty 50,18-01-2021,38.92,4.05,1.11,157.626
Nifty 50,19-01-2021,39.22,4.12,1.09,161.5864
Nifty 50,20-01-2021,39.55,4.15,1.08,164.1325
Nifty 50,21-01-2021,39.41,4.13,1.09,162.7633
Nifty 50,22-01-2021,38.86,4.07,1.1,158.1602
Nifty 50,25-01-2021,38.42,4.04,1.11,155.2168
Nifty 50,27-01-2021,37.52,3.96,1.14,148.5792
Nifty 50,28-01-2021,36.96,3.92,1.15,144.8832
Nifty 50,29-01-2021,36.57,3.86,1.16,141.1602
Nifty 50,01-02-2021,38.26,4.05,1.11,154.953
Nifty 50,02-02-2021,38.79,4.15,1.08,160.9785
Nifty 50,03-02-2021,39.16,4.19,1.07,164.0804
Nifty 50,04-02-2021,40.81,4.22,1.07,172.2182
Nifty 50,05-02-2021,41.46,4.23,1.06,175.3758
Nifty 50,08-02-2021,42,4.28,1.05,179.76
Nifty 50,09-02-2021,41.97,4.28,1.05,179.6316
Nifty 50,10-02-2021,41.81,4.28,1.05,178.9468
Nifty 50,11-02-2021,41.65,4.3,1.05,179.095
Nifty 50,12-02-2021,41.58,4.3,1.05,178.794
Nifty 50,15-02-2021,41.59,4.34,1.04,180.5006
Nifty 50,16-02-2021,41.78,4.34,1.04,181.3252
Nifty 50,17-02-2021,41.49,4.31,1.04,178.8219
Nifty 50,18-02-2021,41.26,4.28,1.05,176.5928
Nifty 50,19-02-2021,40.88,4.24,1.06,173.3312
Nifty 50,22-02-2021,40.05,4.16,1.08,166.608
Nifty 50,23-02-2021,40.14,4.17,1.08,167.3838
Nifty 50,24-02-2021,40.88,4.24,1.06,173.3312
Nifty 50,25-02-2021,41.2,4.28,1.05,176.336
Nifty 50,26-02-2021,39.65,4.12,1.09,163.358
Nifty 50,01-03-2021,40.28,4.18,1.08,168.3704
Nifty 50,02-03-2021,40.71,4.23,1.06,172.2033
Nifty 50,03-03-2021,41.6,4.32,1.04,179.712
Nifty 50,04-03-2021,41.15,4.27,1.05,175.7105
Nifty 50,05-03-2021,40.76,4.23,1.06,172.4148
Nifty 50,08-03-2021,40.74,4.24,1.06,172.7376
Nifty 50,09-03-2021,41.12,4.28,1.05,175.9936
Nifty 50,10-03-2021,41.33,4.3,1.05,177.719
Nifty 50,12-03-2021,40.94,4.26,1.06,174.4044
Nifty 50,15-03-2021,40.66,4.23,1.06,171.9918
Nifty 50,16-03-2021,40.61,4.23,1.07,171.7803
Nifty 50,17-03-2021,40.1,4.17,1.08,167.217
Nifty 50,18-03-2021,39.65,4.13,1.09,163.7545
Nifty 50,19-03-2021,40.16,4.18,1.08,167.8688
Nifty 50,22-03-2021,40.14,4.18,1.08,167.7852
Nifty 50,23-03-2021,40.35,4.2,1.07,169.47
Nifty 50,24-03-2021,39.63,4.12,1.09,163.2756
Nifty 50,25-03-2021,39.02,4.06,1.11,158.4212
Nifty 50,26-03-2021,39.51,4.11,1.09,162.3861
Nifty 50,30-03-2021,40.43,4.21,1.07,170.2103
Nifty 50,31-03-2021,33.2,4.2,0.96,139.44
Nifty 50,01-04-2021,33.6,4.25,0.95,142.8
Nifty 50,05-04-2021,33.08,4.19,0.97,138.6052
Nifty 50,06-04-2021,33.18,4.2,0.96,139.356
Nifty 50,07-04-2021,33.49,4.24,0.95,141.9976
Nifty 50,08-04-2021,33.61,4.25,0.96,142.8425
Nifty 50,09-04-2021,33.53,4.24,0.97,142.1672
Nifty 50,12-04-2021,32.34,4.09,1,132.2706
Nifty 50,13-04-2021,32.72,4.15,0.99,135.788
Nifty 50,15-04-2021,32.78,4.17,0.98,136.6926
Nifty 50,16-04-2021,32.84,4.18,0.98,137.2712
Nifty 50,19-04-2021,32.12,4.11,1,132.0132
Nifty 50,20-04-2021,31.97,4.09,1,130.7573
Nifty 50,22-04-2021,32.22,4.12,0.99,132.7464
Nifty 50,23-04-2021,32.07,4.11,1,131.8077
Nifty 50,26-04-2021,32.39,4.15,0.99,134.4185
Nifty 50,27-04-2021,32.28,4.2,0.98,135.576
Nifty 50,28-04-2021,32.72,4.26,0.96,139.3872
Nifty 50,29-04-2021,32.79,4.26,0.99,139.6854
Nifty 50,30-04-2021,32.21,4.19,1,134.9599
Nifty 50,03-05-2021,31.54,4.19,1,132.1526
Nifty 50,04-05-2021,30.47,4.15,1.01,126.4505
Nifty 50,05-05-2021,30.65,4.19,1,128.4235
Nifty 50,06-05-2021,30.82,4.22,1,130.0604
Nifty 50,07-05-2021,30.23,4.24,0.99,128.1752
Nifty 50,10-05-2021,30.43,4.28,0.98,130.2404
Nifty 50,11-05-2021,30.14,4.25,0.99,128.095
Nifty 50,12-05-2021,29.83,4.21,1,125.5843
Nifty 50,14-05-2021,29.79,4.2,1,125.118
Nifty 50,17-05-2021,30.2,4.27,0.98,128.954
Nifty 50,18-05-2021,30.53,4.33,0.97,132.1949
Nifty 50,19-05-2021,29.98,4.3,0.98,128.914
Nifty 50,20-05-2021,29.59,4.27,0.99,126.3493
Nifty 50,21-05-2021,29.48,4.34,0.97,127.9432
Nifty 50,24-05-2021,29.52,4.35,0.97,128.412
Nifty 50,25-05-2021,29.25,4.35,1,127.2375
Nifty 50,26-05-2021,29.41,4.38,0.99,128.8158
Nifty 50,27-05-2021,29.48,4.39,0.99,129.4172
Nifty 50,28-05-2021,28.98,4.42,0.98,128.0916
Nifty 50,31-05-2021,29.22,4.39,1.06,128.2758
Nifty 50,01-06-2021,28.87,4.39,1.07,126.7393
Nifty 50,02-06-2021,28.88,4.39,1.06,126.7832
Nifty 50,03-06-2021,29.1,4.43,1.07,128.913
Nifty 50,04-06-2021,29.06,4.42,1.07,128.4452
Nifty 50,07-06-2021,29.21,4.44,1.07,129.6924
Nifty 50,08-06-2021,29.19,4.44,1.07,129.6036
Nifty 50,09-06-2021,28.99,4.41,1.07,127.8459
Nifty 50,10-06-2021,29.18,4.44,1.15,129.5592
Nifty 50,11-06-2021,29.3,4.46,1.18,130.678
Nifty 50,14-06-2021,29.32,4.46,1.2,130.7672
Nifty 50,15-06-2021,29.43,4.48,1.2,131.8464
Nifty 50,16-06-2021,29.24,4.45,1.2,130.118
Nifty 50,17-06-2021,29.1,4.43,1.24,128.913
Nifty 50,18-06-2021,29.08,4.32,1.24,125.6256
Nifty 50,21-06-2021,29.19,4.31,1.22,125.8089
Nifty 50,22-06-2021,29.05,4.32,1.21,125.496
Nifty 50,23-06-2021,28.89,4.3,1.22,124.227
Nifty 50,24-06-2021,29.08,4.32,1.22,125.6256
Nifty 50,25-06-2021,29.21,4.34,1.21,126.7714
Nifty 50,28-06-2021,29.12,4.33,1.22,126.0896
Nifty 50,29-06-2021,29,4.31,1.26,124.99
Nifty 50,30-06-2021,28.33,4.24,1.26,120.1192
Nifty 50,01-07-2021,28.26,4.23,1.27,119.5398
Nifty 50,02-07-2021,28.33,4.24,1.23,120.1192
Nifty 50,05-07-2021,28.53,4.27,1.23,121.8231
Nifty 50,06-07-2021,28.5,4.26,1.1,121.41
Nifty 50,07-07-2021,28.62,4.28,1.1,122.4936
Nifty 50,08-07-2021,28.34,4.24,1.14,120.1616
Nifty 50,09-07-2021,28.27,4.23,1.09,119.5821
Nifty 50,12-07-2021,28.21,4.23,1.09,119.3283
Nifty 50,13-07-2021,28.43,4.26,1.08,121.1118
Nifty 50,14-07-2021,28.5,4.27,1.09,121.695
Nifty 50,15-07-2021,28.63,4.29,1.1,122.8227
Nifty 50,16-07-2021,28.53,4.29,1.09,122.3937
Nifty 50,19-07-2021,28.23,4.25,1.11,119.9775
Nifty 50,20-07-2021,27.89,4.21,1.11,117.4169
Nifty 50,22-07-2021,28.22,4.26,1.11,120.2172
Nifty 50,23-07-2021,28.28,4.16,1.13,117.6448
Nifty 50,26-07-2021,28.13,4.13,1.13,116.1769
Nifty 50,27-07-2021,27.45,4.11,1.14,112.8195
Nifty 50,28-07-2021,26.98,4.1,1.18,110.618
Nifty 50,29-07-2021,27.08,4.12,1.19,111.5696
Nifty 50,30-07-2021,27.01,4.12,1.18,111.2812
Nifty 50,02-08-2021,27.21,4.15,1.17,112.9215
Nifty 50,03-08-2021,27.31,4.21,1.15,114.9751
Nifty 50,04-08-2021,27.39,4.25,1.14,116.4075
Nifty 50,05-08-2021,26.72,4.25,1.14,113.56
Nifty 50,06-08-2021,26.51,4.24,1.13,112.4024
Nifty 50,09-08-2021,26.53,4.25,1.13,112.7525
Nifty 50,10-08-2021,26.35,4.24,1.13,111.724
Nifty 50,11-08-2021,26.34,4.24,1.13,111.6816
Nifty 50,12-08-2021,26.25,4.26,1.14,111.825
Nifty 50,13-08-2021,26.51,4.3,1.1,113.993
Nifty 50,16-08-2021,25.62,4.31,1.1,110.4222
Nifty 50,17-08-2021,25.46,4.21,1.1,107.1866
Nifty 50,18-08-2021,25.39,4.19,1.1,106.3841
Nifty 50,20-08-2021,25.21,4.16,1.11,104.8736
Nifty 50,23-08-2021,25.28,4.18,1.11,105.6704
Nifty 50,24-08-2021,25.47,4.21,1.1,107.2287
Nifty 50,25-08-2021,25.49,4.21,1.1,107.3129
Nifty 50,26-08-2021,25.49,4.21,1.08,107.3129
Nifty 50,27-08-2021,25.6,4.23,1.08,108.288
Nifty 50,30-08-2021,25.94,4.29,1.06,111.2826
Nifty 50,31-08-2021,26.25,4.33,1.05,113.6625
Nifty 50,01-09-2021,26.17,4.32,1.05,113.0544
Nifty 50,02-09-2021,26.41,4.36,1.04,115.1476
Nifty 50,03-09-2021,26.54,4.38,1.03,116.2452
Nifty 50,06-09-2021,26.63,4.39,1.03,116.9057
Nifty 50,07-09-2021,26.6,4.39,1.03,116.774
Nifty 50,08-09-2021,26.59,4.39,1.07,116.7301
Nifty 50,09-09-2021,26.61,4.39,1.07,116.8179
Nifty 50,13-09-2021,26.59,4.39,1.07,116.7301
Nifty 50,14-09-2021,26.63,4.39,1.07,116.9057
Nifty 50,15-09-2021,26.84,4.43,1.06,118.9012
Nifty 50,16-09-2021,26.99,4.45,1.12,120.1055
Nifty 50,17-09-2021,26.93,4.44,1.13,119.5692
Nifty 50,20-09-2021,26.64,4.4,1.14,117.216
Nifty 50,21-09-2021,26.89,4.44,1.13,119.3916
Nifty 50,22-09-2021,26.87,4.43,1.13,119.0341
Nifty 50,23-09-2021,27.29,4.5,1.11,122.805
Nifty 50,24-09-2021,27.34,4.47,1.11,122.2098
Nifty 50,27-09-2021,27.33,4.47,1.15,122.1651
Nifty 50,28-09-2021,27.16,4.44,1.16,120.5904
Nifty 50,29-09-2021,27.11,4.43,1.16,120.0973
Nifty 50,30-09-2021,26.98,4.41,1.17,118.9818
Nifty 50,01-10-2021,26.84,4.39,1.17,117.8276
Nifty 50,04-10-2021,27.09,4.43,1.16,120.0087
Nifty 50,05-10-2021,27.29,4.46,1.16,121.7134
Nifty 50,06-10-2021,27.02,4.42,1.17,119.4284
Nifty 50,07-10-2021,27.24,4.45,1.16,121.218
Nifty 50,08-10-2021,27.4,4.48,1.15,122.752
Nifty 50,11-10-2021,27.48,4.49,1.15,123.3852
Nifty 50,12-10-2021,27.49,4.51,1.14,123.9799
Nifty 50,13-10-2021,27.75,4.55,1.13,126.2625
Nifty 50,14-10-2021,28.02,4.59,1.12,128.6118
Nifty 50,18-10-2021,28.17,4.63,1.11,130.4271
Nifty 50,19-10-2021,27.97,4.61,1.07,128.9417
Nifty 50,20-10-2021,27.72,4.57,1.08,126.6804
Nifty 50,21-10-2021,27.58,4.55,1.1,125.489
Nifty 50,22-10-2021,27.48,4.54,1.1,124.7592
Nifty 50,25-10-2021,27.29,4.54,1.04,123.8966
Nifty 50,26-10-2021,27.16,4.57,1.12,124.1212
Nifty 50,27-10-2021,27.06,4.56,1.13,123.3936
Nifty 50,28-10-2021,26.39,4.47,1.13,117.9633
Nifty 50,29-10-2021,25.71,4.43,1.13,113.8953
Nifty 50,01-11-2021,26.07,4.49,1.11,117.0543
Nifty 50,02-11-2021,25.95,4.48,1.13,116.256
Nifty 50,03-11-2021,25.98,4.46,1.13,115.8708
Nifty 50,04-11-2021,26.11,4.49,1.1,117.2339
Nifty 50,08-11-2021,26.25,4.52,1.09,118.65
Nifty 50,09-11-2021,26.06,4.52,1.09,117.7912
Nifty 50,10-11-2021,26.03,4.51,1.09,117.3953
Nifty 50,11-11-2021,25.65,4.48,1.12,114.912
Nifty 50,12-11-2021,25.98,4.53,1.11,117.6894
Nifty 50,15-11-2021,26,4.53,1.11,117.78
Nifty 50,16-11-2021,24.83,4.51,1.11,111.9833
Nifty 50,17-11-2021,24.69,4.48,1.12,110.6112
Nifty 50,18-11-2021,24.51,4.45,1.13,109.0695
Nifty 50,22-11-2021,24.03,4.36,1.16,104.7708
Nifty 50,23-11-2021,24.15,4.38,1.15,105.777
Nifty 50,24-11-2021,24.03,4.36,1.16,104.7708
Nifty 50,25-11-2021,24.19,4.39,1.15,106.1941
Nifty 50,26-11-2021,23.49,4.26,1.18,100.0674
Nifty 50,29-11-2021,23.53,4.27,1.18,100.4731
Nifty 50,30-11-2021,23.43,4.25,1.19,99.5775
Nifty 50,01-12-2021,23.68,4.3,1.17,101.824
Nifty 50,02-12-2021,24.01,4.36,1.16,104.6836
Nifty 50,03-12-2021,23.73,4.31,1.17,102.2763
Nifty 50,06-12-2021,23.33,4.23,1.22,98.6859
Nifty 50,07-12-2021,23.69,4.3,1.2,101.867
Nifty 50,08-12-2021,24.1,4.37,1.18,105.317
Nifty 50,09-12-2021,24.16,4.39,1.17,106.0624
Nifty 50,10-12-2021,24.15,4.38,1.18,105.777
Nifty 50,13-12-2021,23.96,4.35,1.18,104.226
Nifty 50,14-12-2021,23.9,4.34,1.19,103.726
Nifty 50,15-12-2021,23.75,4.31,1.2,102.3625
Nifty 50,16-12-2021,23.79,4.32,1.19,102.7728
Nifty 50,17-12-2021,23.43,4.25,1.19,99.5775
Nifty 50,20-12-2021,22.92,4.16,1.22,95.3472
Nifty 50,21-12-2021,23.13,4.2,1.2,97.146
Nifty 50,22-12-2021,23.39,4.24,1.22,99.1736
Nifty 50,23-12-2021,23.55,4.27,1.22,100.5585
Nifty 50,24-12-2021,23.45,4.26,1.22,99.897
Nifty 50,27-12-2021,23.57,4.28,1.21,100.8796
Nifty 50,28-12-2021,23.77,4.31,1.2,102.4487
Nifty 50,29-12-2021,23.74,4.31,1.21,102.3194
Nifty 50,30-12-2021,23.73,4.31,1.21,102.2763
Nifty 50,31-12-2021,24.11,4.37,1.19,105.3607
Nifty 50,03-01-2022,24.49,4.44,1.17,108.7356
Nifty 50,04-01-2022,24.74,4.49,1.16,111.0826
Nifty 50,05-01-2022,24.91,4.52,1.15,112.5932
Nifty 50,06-01-2022,24.66,4.47,1.16,110.2302
Nifty 50,07-01-2022,24.75,4.49,1.16,111.1275
Nifty 50,10-01-2022,25.01,4.54,1.14,113.5454
Nifty 50,11-01-2022,25.09,4.55,1.14,114.1595
Nifty 50,12-01-2022,25.3,4.59,1.13,116.127
Nifty 50,13-01-2022,25.37,4.6,1.13,116.702
Nifty 50,14-01-2022,25.3,4.6,1.12,116.38
Nifty 50,17-01-2022,25.37,4.61,1.12,116.9557
Nifty 50,18-01-2022,25,4.56,1.13,114
Nifty 50,19-01-2022,24.76,4.52,1.15,111.9152
Nifty 50,20-01-2022,24.47,4.47,1.18,109.3809
Nifty 50,21-01-2022,24.29,4.44,1.18,107.8476
Nifty 50,24-01-2022,23.63,4.32,1.21,102.0816
Nifty 50,25-01-2022,23.47,4.35,1.2,102.0945
Nifty 50,27-01-2022,23.09,4.31,1.21,99.5179
Nifty 50,28-01-2022,23.1,4.31,1.21,99.561
Nifty 50,31-01-2022,23.42,4.37,1.2,102.3454
Nifty 50,01-02-2022,23.62,4.43,1.18,104.6366
Nifty 50,02-02-2022,23.95,4.48,1.17,107.296
Nifty 50,03-02-2022,23.65,4.42,1.21,104.533
Nifty 50,04-02-2022,23.56,4.41,1.21,103.8996
Nifty 50,07-02-2022,23.11,4.34,1.23,100.2974
Nifty 50,08-02-2022,22.83,4.35,1.23,99.3105
Nifty 50,09-02-2022,23.09,4.4,1.2,101.596
Nifty 50,10-02-2022,22.98,4.44,1.2,102.0312
Nifty 50,11-02-2022,22.68,4.38,1.2,99.3384
Nifty 50,14-02-2022,21.85,4.24,1.3,92.644
Nifty 50,15-02-2022,22.36,4.37,1.25,97.7132
Nifty 50,16-02-2022,22.27,4.36,1.28,97.0972
Nifty 50,17-02-2022,22.25,4.36,1.25,97.01
Nifty 50,18-02-2022,22.21,4.35,1.25,96.6135
Nifty 50,21-02-2022,22.12,4.34,1.29,96.0008
Nifty 50,22-02-2022,21.97,4.31,1.24,94.6907
Nifty 50,23-02-2022,21.94,4.3,1.24,94.342
Nifty 50,24-02-2022,20.89,4.09,1.3,85.4401
Nifty 50,25-02-2022,21.42,4.2,1.27,89.964
Nifty 50,28-02-2022,21.59,4.23,1.26,91.3257
Nifty 50,02-03-2022,21.35,4.18,1.27,89.243
Nifty 50,03-03-2022,21.21,4.16,1.28,88.2336
Nifty 50,04-03-2022,20.89,4.09,1.3,85.4401
Nifty 50,07-03-2022,20.39,4,1.33,81.56
Nifty 50,08-03-2022,20.59,4.03,1.31,82.9777
Nifty 50,09-03-2022,21.01,4.12,1.28,86.5612
Nifty 50,10-03-2022,21.34,4.18,1.26,89.2012
Nifty 50,11-03-2022,21.38,4.19,1.26,89.5822
Nifty 50,14-03-2022,21.69,4.25,1.24,92.1825
Nifty 50,15-03-2022,21.42,4.2,1.24,89.964
Nifty 50,16-03-2022,21.82,4.28,1.22,93.3896
Nifty 50,17-03-2022,22.23,4.36,1.2,96.9228
Nifty 50,21-03-2022,22.01,4.31,1.21,94.8631
Nifty 50,22-03-2022,22.26,4.36,1.2,97.0536
Nifty 50,23-03-2022,22.17,4.35,1.19,96.4395
Nifty 50,24-03-2022,22.14,4.34,1.19,96.0876
Nifty 50,25-03-2022,22.05,4.32,1.19,95.256
Nifty 50,28-03-2022,22.14,4.34,1.19,96.0876
Nifty 50,29-03-2022,22.27,4.37,1.18,97.3199
Nifty 50,30-03-2022,22.5,4.41,1.17,99.225
Nifty 50,31-03-2022,22.92,4.46,1.13,102.2232
Nifty 50,01-04-2022,23.19,4.51,1.12,104.5869
Nifty 50,04-04-2022,23.69,4.61,1.1,109.2109
Nifty 50,05-04-2022,23.57,4.59,1.11,108.1863
Nifty 50,06-04-2022,23.37,4.55,1.12,106.3335
Nifty 50,07-04-2022,23.15,4.51,1.13,104.4065
Nifty 50,08-04-2022,23.34,4.54,1.11,105.9636
Nifty 50,11-04-2022,23.2,4.52,1.12,104.864
Nifty 50,12-04-2022,23.01,4.48,1.13,103.0848
Nifty 50,13-04-2022,22.92,4.46,1.13,102.2232
Nifty 50,18-04-2022,22.53,4.39,1.15,98.9067
Nifty 50,19-04-2022,22.1,4.33,1.16,95.693
Nifty 50,20-04-2022,22.33,4.38,1.15,97.8054
Nifty 50,21-04-2022,22.67,4.44,1.14,100.6548
Nifty 50,22-04-2022,22.38,4.39,1.15,98.2482
Nifty 50,25-04-2022,22.03,4.33,1.17,95.3899
Nifty 50,26-04-2022,22.17,4.39,1.15,97.3263
Nifty 50,27-04-2022,21.96,4.35,1.16,95.526
Nifty 50,28-04-2022,22.2,4.41,1.17,97.902
Nifty 50,29-04-2022,22.01,4.37,1.16,96.1837
Nifty 50,02-05-2022,21.87,4.36,1.16,95.3532
Nifty 50,04-05-2022,21.31,4.26,1.19,90.7806
Nifty 50,05-05-2022,21.24,4.26,1.19,90.4824
Nifty 50,06-05-2022,20.89,4.19,1.21,87.5291
Nifty 50,09-05-2022,20.75,4.17,1.21,86.5275
Nifty 50,10-05-2022,20.42,4.15,1.22,84.743
Nifty 50,11-05-2022,20.32,4.13,1.22,83.9216
Nifty 50,12-05-2022,19.87,4.04,1.35,80.2748
Nifty 50,13-05-2022,19.83,4.03,1.35,79.9149
Nifty 50,16-05-2022,19.72,4.05,1.35,79.866
Nifty 50,17-05-2022,20.12,4.15,1.31,83.498
Nifty 50,18-05-2022,20.09,4.15,1.31,83.3735
Nifty 50,19-05-2022,19.51,4.04,1.35,78.8204
Nifty 50,20-05-2022,20.05,4.16,1.31,83.408
Nifty 50,23-05-2022,20.01,4.14,1.32,82.8414
Nifty 50,24-05-2022,19.87,4.12,1.32,81.8644
Nifty 50,25-05-2022,19.74,4.09,1.38,80.7366
Nifty 50,26-05-2022,19.88,4.13,1.44,82.1044
Nifty 50,27-05-2022,20.27,4.18,1.43,84.7286
Nifty 50,30-05-2022,20.65,4.26,1.4,87.969
Nifty 50,31-05-2022,20.44,4.24,1.43,86.6656
Nifty 50,01-06-2022,20.45,4.22,1.44,86.299
Nifty 50,02-06-2022,20.58,4.25,1.43,87.465
Nifty 50,03-06-2022,20.52,4.24,1.41,87.0048
Nifty 50,06-06-2022,20.5,4.24,1.41,86.92
Nifty 50,07-06-2022,20.31,4.2,1.43,85.302
Nifty 50,08-06-2022,20.24,4.18,1.43,84.6032
Nifty 50,09-06-2022,20.39,4.21,1.43,85.8419
Nifty 50,10-06-2022,20.05,4.14,1.38,83.007
Nifty 50,13-06-2022,19.52,4.03,1.38,78.6656
Nifty 50,14-06-2022,19.47,4.02,1.36,78.2694
Nifty 50,15-06-2022,19.42,4.01,1.45,77.8742
Nifty 50,16-06-2022,19.01,3.93,1.48,74.7093
Nifty 50,17-06-2022,18.92,3.91,1.46,73.9772
Nifty 50,20-06-2022,18.99,3.92,1.46,74.4408
Nifty 50,21-06-2022,19.35,4,1.44,77.4
Nifty 50,22-06-2022,19.07,3.94,1.46,75.1358
Nifty 50,23-06-2022,19.25,3.98,1.44,76.615
Nifty 50,24-06-2022,19.43,4.01,1.43,77.9143
Nifty 50,27-06-2022,19.59,4.05,1.41,79.3395
Nifty 50,28-06-2022,19.61,4.05,1.41,79.4205
Nifty 50,29-06-2022,19.55,4.04,1.38,78.982
Nifty 50,30-06-2022,19.5,4.03,1.41,78.585
Nifty 50,01-07-2022,19.46,4.02,1.41,78.2292
Nifty 50,04-07-2022,19.57,4.04,1.43,79.0628
Nifty 50,05-07-2022,19.54,4.04,1.42,78.9416
Nifty 50,06-07-2022,19.76,4.08,1.41,80.6208
Nifty 50,07-07-2022,19.93,4.12,1.4,82.1116
Nifty 50,08-07-2022,20.04,4,1.37,80.16
Nifty 50,11-07-2022,20.03,3.91,1.37,78.3173
Nifty 50,12-07-2022,19.83,3.87,1.38,76.7421
Nifty 50,13-07-2022,19.72,3.85,1.39,75.922
Nifty 50,14-07-2022,19.69,3.84,1.42,75.6096
Nifty 50,15-07-2022,19.82,3.87,1.38,76.7034
Nifty 50,18-07-2022,20.11,3.92,1.36,78.8312
Nifty 50,19-07-2022,20.18,3.94,1.37,79.5092
Nifty 50,20-07-2022,20.33,3.98,1.36,80.9134
Nifty 50,21-07-2022,20.43,4,1.41,81.72
Nifty 50,22-07-2022,20.55,4.03,1.4,82.8165
Nifty 50,25-07-2022,20.44,4.01,1.38,81.9644
Nifty 50,26-07-2022,20.17,3.96,1.39,79.8732
Nifty 50,27-07-2022,20.19,4,1.38,80.76
Nifty 50,28-07-2022,20.49,4.07,1.33,83.3943
Nifty 50,29-07-2022,20.73,4.12,1.29,85.4076
Nifty 50,01-08-2022,20.9,4.17,1.29,87.153
Nifty 50,02-08-2022,20.86,4.17,1.29,86.9862
Nifty 50,03-08-2022,20.85,4.18,1.3,87.153
Nifty 50,04-08-2022,20.85,4.18,1.3,87.153
Nifty 50,05-08-2022,20.86,4.18,1.29,87.1948
Nifty 50,08-08-2022,21.02,4.21,1.33,88.4942
Nifty 50,10-08-2022,21.11,4.21,1.34,88.8731
Nifty 50,11-08-2022,21.29,4.18,1.36,88.9922
Nifty 50,12-08-2022,21.18,4.15,1.35,87.897
Nifty 50,16-08-2022,21.34,4.18,1.34,89.2012
Nifty 50,17-08-2022,21.42,4.2,1.33,89.964
Nifty 50,18-08-2022,21.44,4.2,1.38,90.048
Nifty 50,19-08-2022,21.2,4.15,1.41,87.98
Nifty 50,22-08-2022,20.88,4.09,1.44,85.3992
Nifty 50,23-08-2022,20.98,4.11,1.43,86.2278
Nifty 50,24-08-2022,21.02,4.11,1.42,86.3922
Nifty 50,25-08-2022,20.92,4.09,1.43,85.5628
Nifty 50,26-08-2022,20.96,4.1,1.43,85.936
Nifty 50,29-08-2022,20.67,4.05,1.45,83.7135
Nifty 50,30-08-2022,21.2,4.12,1.41,87.344
Nifty 50,01-09-2022,20.94,4.07,1.43,85.2258
Nifty 50,02-09-2022,20.94,4.07,1.42,85.2258
Nifty 50,05-09-2022,21.09,4.1,1.41,86.469
Nifty 50,06-09-2022,21.08,4.1,1.41,86.428
Nifty 50,07-09-2022,21.04,4.09,1.41,86.0536
Nifty 50,08-09-2022,21.25,4.13,1.36,87.7625
Nifty 50,09-09-2022,21.29,4.14,1.35,88.1406
Nifty 50,12-09-2022,21.41,4.16,1.35,89.0656
Nifty 50,13-09-2022,21.57,4.19,1.34,90.3783
Nifty 50,14-09-2022,21.49,4.18,1.34,89.8282
Nifty 50,15-09-2022,21.34,4.15,1.35,88.561
Nifty 50,16-09-2022,20.93,4.07,1.31,85.1851
Nifty 50,19-09-2022,21.04,4.09,1.3,86.0536
Nifty 50,20-09-2022,21.27,4.13,1.28,87.8451
Nifty 50,21-09-2022,21.15,4.11,1.29,86.9265
Nifty 50,22-09-2022,21.05,4.09,1.3,86.0945
Nifty 50,23-09-2022,20.69,4.02,1.32,83.1738
Nifty 50,26-09-2022,20.31,3.95,1.35,80.2245
Nifty 50,27-09-2022,20.3,3.95,1.35,80.185
Nifty 50,28-09-2022,20.13,3.91,1.36,78.7083
Nifty 50,29-09-2022,20.08,3.9,1.36,78.312
Nifty 50,30-09-2022,20.64,4.02,1.32,82.9728
Nifty 50,03-10-2022,20.39,3.97,1.34,80.9483
Nifty 50,04-10-2022,20.86,4.06,1.31,84.6916
Nifty 50,06-10-2022,20.93,4.07,1.31,85.1851
Nifty 50,07-10-2022,20.9,4.07,1.31,85.063
Nifty 50,10-10-2022,20.82,4.05,1.31,84.321
Nifty 50,11-10-2022,20.51,3.99,1.33,81.8349
Nifty 50,12-10-2022,20.67,4.02,1.32,83.0934
Nifty 50,13-10-2022,20.53,4,1.33,82.12
Nifty 50,14-10-2022,20.74,4.04,1.31,83.7896
Nifty 50,17-10-2022,20.86,4.07,1.31,84.9002
Nifty 50,18-10-2022,20.99,4.11,1.3,86.2689
Nifty 50,19-10-2022,21.02,4.12,1.31,86.6024
Nifty 50,20-10-2022,21.06,4.13,1.3,86.9778
Nifty 50,21-10-2022,21.07,4.13,1.29,87.0191
Nifty 50,24-10-2022,21.26,4.17,1.28,88.6542
Nifty 50,25-10-2022,21,4.15,1.28,87.15
Nifty 50,27-10-2022,21.1,4.17,1.26,87.987
Nifty 50,28-10-2022,21.15,4.18,1.26,88.407
Nifty 50,31-10-2022,21.42,4.23,1.25,90.6066
Nifty 50,01-11-2022,21.98,4.26,1.26,93.6348
Nifty 50,02-11-2022,21.82,4.25,1.25,92.735
Nifty 50,03-11-2022,21.79,4.24,1.25,92.3896
Nifty 50,04-11-2022,21.77,4.26,1.25,92.7402
Nifty 50,07-11-2022,21.71,4.28,1.24,92.9188
Nifty 50,09-11-2022,21.66,4.27,1.26,92.4882
Nifty 50,10-11-2022,21.53,4.24,1.27,91.2872
Nifty 50,11-11-2022,21.92,4.31,1.24,94.4752
Nifty 50,14-11-2022,21.79,4.31,1.26,93.9149
Nifty 50,15-11-2022,21.89,4.32,1.3,94.5648
Nifty 50,16-11-2022,21.91,4.32,1.3,94.6512
Nifty 50,17-11-2022,21.83,4.31,1.3,94.0873
Nifty 50,18-11-2022,21.79,4.3,1.3,93.697
Nifty 50,21-11-2022,21.82,4.26,1.35,92.9532
Nifty 50,22-11-2022,21.93,4.28,1.32,93.8604
Nifty 50,23-11-2022,21.95,4.29,1.31,94.1655
Nifty 50,24-11-2022,22.21,4.34,1.3,96.3914
Nifty 50,25-11-2022,22.25,4.35,1.3,96.7875
Nifty 50,28-11-2022,22.31,4.36,1.29,97.2716
Nifty 50,29-11-2022,22.37,4.37,1.29,97.7569
Nifty 50,30-11-2022,22.54,4.4,1.28,99.176
Nifty 50,01-12-2022,22.61,4.42,1.28,99.9362
Nifty 50,02-12-2022,22.47,4.39,1.28,98.6433
Nifty 50,05-12-2022,22.47,4.39,1.28,98.6433
Nifty 50,06-12-2022,22.4,4.38,1.26,98.112
Nifty 50,07-12-2022,22.31,4.36,1.27,97.2716
Nifty 50,08-12-2022,22.36,4.37,1.27,97.7132
Nifty 50,09-12-2022,22.23,4.34,1.27,96.4782
Nifty 50,12-12-2022,22.23,4.34,1.27,96.4782
Nifty 50,13-12-2022,22.36,4.37,1.27,97.7132
Nifty 50,14-12-2022,22.43,4.38,1.26,98.2434
Nifty 50,15-12-2022,22.13,4.32,1.28,95.6016
Nifty 50,16-12-2022,21.96,4.29,1.29,94.2084
Nifty 50,19-12-2022,22.14,4.32,1.28,95.6448
Nifty 50,20-12-2022,22.1,4.32,1.28,95.472
Nifty 50,21-12-2022,21.87,4.27,1.29,93.3849
Nifty 50,22-12-2022,21.79,4.26,1.27,92.8254
Nifty 50,23-12-2022,21.4,4.18,1.29,89.452
Nifty 50,26-12-2022,21.65,4.23,1.28,91.5795
Nifty 50,27-12-2022,21.79,4.26,1.27,92.8254
Nifty 50,28-12-2022,21.78,4.25,1.27,92.565
Nifty 50,29-12-2022,21.86,4.27,1.27,93.3422
Nifty 50,30-12-2022,21.79,4.25,1.27,92.6075
Nifty 50,02-01-2023,21.9,4.27,1.26,93.513
Nifty 50,03-01-2023,21.94,4.28,1.26,93.9032
Nifty 50,04-01-2023,21.71,4.23,1.27,91.8333
Nifty 50,05-01-2023,21.65,4.22,1.28,91.363
Nifty 50,06-01-2023,21.49,4.19,1.29,90.0431
Nifty 50,09-01-2023,21.78,4.25,1.27,92.565
Nifty 50,10-01-2023,21.56,4.2,1.28,90.552
Nifty 50,11-01-2023,21.52,4.2,1.28,90.384
Nifty 50,12-01-2023,21.47,4.19,1.29,89.9593
Nifty 50,13-01-2023,21.54,4.21,1.28,90.6834
Nifty 50,16-01-2023,21.34,4.19,1.38,89.4146
Nifty 50,17-01-2023,21.53,4.23,1.37,91.0719
Nifty 50,18-01-2023,21.67,4.26,1.36,92.3142
Nifty 50,19-01-2023,21.56,4.24,1.37,91.4144
Nifty 50,20-01-2023,21.46,4.23,1.36,90.7758
Nifty 50,23-01-2023,21.6,4.25,1.35,91.8
Nifty 50,24-01-2023,21.49,4.25,1.36,91.3325
Nifty 50,25-01-2023,21.19,4.19,1.37,88.7861
Nifty 50,27-01-2023,20.7,4.13,1.4,85.491
Nifty 50,30-01-2023,20.73,4.14,1.39,85.8222
Nifty 50,31-01-2023,20.73,4.14,1.39,85.8222
Nifty 50,01-02-2023,20.68,4.13,1.4,85.4084
Nifty 50,02-02-2023,20.59,4.13,1.4,85.0367
Nifty 50,03-02-2023,20.86,4.18,1.38,87.1948
Nifty 50,06-02-2023,20.71,4.16,1.39,86.1536
Nifty 50,07-02-2023,20.5,4.15,1.39,85.075
Nifty 50,08-02-2023,21.1,4.19,1.42,88.409
Nifty 50,09-02-2023,21.11,4.19,1.41,88.4509
Nifty 50,10-02-2023,21.06,4.18,1.41,88.0308
Nifty 50,13-02-2023,21.05,4.16,1.42,87.568
Nifty 50,14-02-2023,21.21,4.2,1.35,89.082
Nifty 50,15-02-2023,21.31,4.22,1.41,89.9282
Nifty 50,16-02-2023,21.26,4.23,1.38,89.9298
Nifty 50,17-02-2023,21.15,4.2,1.4,88.83
Nifty 50,20-02-2023,21.04,4.18,1.41,87.9472
Nifty 50,21-02-2023,21.01,4.18,1.38,87.8218
Nifty 50,22-02-2023,20.69,4.11,1.4,85.0359
Nifty 50,23-02-2023,20.64,4.1,1.4,84.624
Nifty 50,24-02-2023,20.58,4.09,1.42,84.1722
Nifty 50,27-02-2023,20.49,4.07,1.43,83.3943
Nifty 50,28-02-2023,20.39,4.05,1.44,82.5795
Nifty 50,01-03-2023,20.56,4.09,1.43,84.0904
Nifty 50,02-03-2023,20.41,4.06,1.44,82.8646
Nifty 50,03-03-2023,20.73,4.12,1.41,85.4076
Nifty 50,06-03-2023,20.87,4.15,1.41,86.6105
Nifty 50,08-03-2023,20.92,4.16,1.4,87.0272
Nifty 50,09-03-2023,20.73,4.12,1.41,85.4076
Nifty 50,10-03-2023,20.52,4.08,1.43,83.7216
Nifty 50,13-03-2023,20.21,4.02,1.45,81.2442
Nifty 50,14-03-2023,20.08,3.99,1.46,80.1192
Nifty 50,15-03-2023,20,3.97,1.47,79.4
Nifty 50,16-03-2023,20.01,3.98,1.47,79.6398
Nifty 50,17-03-2023,20.15,4,1.46,80.6
Nifty 50,20-03-2023,20.02,3.98,1.47,79.6796
Nifty 50,21-03-2023,20.16,4.01,1.46,80.8416
Nifty 50,22-03-2023,20.21,4.02,1.45,81.2442
Nifty 50,23-03-2023,20.12,4,1.46,80.48
Nifty 50,24-03-2023,19.97,3.97,1.47,79.2809
Nifty 50,27-03-2023,20.01,3.98,1.47,79.6398
Nifty 50,28-03-2023,19.97,3.97,1.47,79.2809
Nifty 50,29-03-2023,20.13,4,1.46,80.52
Nifty 50,31-03-2023,20.44,4.06,1.44,82.9864
Nifty 50,03-04-2023,20.48,4.07,1.43,83.3536
Nifty 50,05-04-2023,20.67,4.11,1.41,84.9537
Nifty 50,06-04-2023,20.72,4.12,1.41,85.3664
Nifty 50,10-04-2023,20.75,4.13,1.41,85.6975
Nifty 50,11-04-2023,20.86,4.15,1.4,86.569
Nifty 50,12-04-2023,20.97,4.17,1.39,87.4449
Nifty 50,13-04-2023,20.99,4.17,1.4,87.5283
Nifty 50,17-04-2023,20.82,4.14,1.41,86.1948
Nifty 50,18-04-2023,20.65,4.13,1.41,85.2845
Nifty 50,19-04-2023,20.6,4.12,1.42,84.872
Nifty 50,20-04-2023,20.61,4.13,1.42,85.1193
Nifty 50,21-04-2023,20.61,4.13,1.42,85.1193
Nifty 50,24-04-2023,20.74,4.15,1.41,86.071
Nifty 50,25-04-2023,20.56,4.16,1.41,85.5296
Nifty 50,26-04-2023,20.59,4.17,1.4,85.8603
Nifty 50,27-04-2023,20.7,4.19,1.39,86.733
Nifty 50,28-04-2023,20.87,4.23,1.38,88.2801
Nifty 50,02-05-2023,20.92,4.25,1.38,88.91
Nifty 50,03-05-2023,21.33,4.23,1.38,90.2259
Nifty 50,04-05-2023,21.85,4.27,1.37,93.2995
Nifty 50,05-05-2023,21.62,4.23,1.38,91.4526
Nifty 50,08-05-2023,21.77,4.28,1.37,93.1756
Nifty 50,09-05-2023,21.77,4.28,1.37,93.1756
Nifty 50,10-05-2023,21.88,4.29,1.36,93.8652
Nifty 50,11-05-2023,21.86,4.28,1.36,93.5608
Nifty 50,12-05-2023,21.82,4.29,1.28,93.6078
Nifty 50,15-05-2023,21.92,4.31,1.27,94.4752
Nifty 50,16-05-2023,21.59,4.28,1.48,92.4052
Nifty 50,17-05-2023,21.47,4.26,1.49,91.4622
Nifty 50,18-05-2023,21.39,4.24,1.5,90.6936
Nifty 50,19-05-2023,21.48,4.26,1.5,91.5048
Nifty 50,22-05-2023,21.36,4.29,1.49,91.6344
Nifty 50,23-05-2023,21.41,4.29,1.49,91.8489
Nifty 50,24-05-2023,21.24,4.28,1.49,90.9072
Nifty 50,25-05-2023,21.28,4.29,1.43,91.2912
Nifty 50,26-05-2023,21.54,4.33,1.34,93.2682
Nifty 50,29-05-2023,21.65,4.35,1.34,94.1775
Nifty 50,30-05-2023,21.7,4.36,1.44,94.612
Nifty 50,31-05-2023,21.59,4.33,1.36,93.4847
Nifty 50,01-06-2023,21.53,4.32,1.36,93.0096
Nifty 50,02-06-2023,21.58,4.33,1.45,93.4414
Nifty 50,05-06-2023,21.65,4.35,1.44,94.1775
Nifty 50,06-06-2023,21.66,4.35,1.44,94.221
Nifty 50,07-06-2023,21.81,4.38,1.43,95.5278
Nifty 50,08-06-2023,21.7,4.36,1.44,94.612
Nifty 50,09-06-2023,21.62,4.34,1.45,93.8308
Nifty 50,12-06-2023,21.66,4.35,1.44,94.221
Nifty 50,13-06-2023,21.79,4.37,1.43,95.2223
Nifty 50,14-06-2023,21.84,4.38,1.43,95.6592
Nifty 50,15-06-2023,21.76,4.37,1.39,95.0912
Nifty 50,16-06-2023,21.92,4.4,1.39,96.448
Nifty 50,19-06-2023,21.84,4.38,1.42,95.6592
Nifty 50,20-06-2023,21.91,4.4,1.4,96.404
Nifty 50,21-06-2023,21.96,4.41,1.4,96.8436
Nifty 50,22-06-2023,21.85,4.39,1.44,95.9215
Nifty 50,23-06-2023,21.73,4.36,1.45,94.7428
Nifty 50,26-06-2023,21.76,4.37,1.45,95.0912
Nifty 50,27-06-2023,21.9,4.4,1.44,96.36
Nifty 50,28-06-2023,22.08,4.43,1.43,97.8144
Nifty 50,30-06-2023,22.36,4.5,1.41,100.62
Nifty 50,03-07-2023,22.51,4.53,1.4,101.9703
Nifty 50,04-07-2023,22.59,4.54,1.38,102.5586
Nifty 50,05-07-2023,22.6,4.55,1.38,102.83
Nifty 50,06-07-2023,22.72,4.57,1.37,103.8304
Nifty 50,07-07-2023,22.52,4.53,1.39,102.0156
Nifty 50,10-07-2023,22.55,4.54,1.38,102.377
Nifty 50,11-07-2023,22.65,4.56,1.38,103.284
Nifty 50,12-07-2023,22.58,4.54,1.38,102.5132
Nifty 50,13-07-2023,23.81,4.74,1.32,112.8594
Nifty 50,14-07-2023,23.96,4.78,1.3,114.5288
Nifty 50,17-07-2023,24.14,4.82,1.29,116.3548
Nifty 50,18-07-2023,24.18,4.83,1.28,116.7894
Nifty 50,19-07-2023,24.09,4.85,1.27,116.8365
Nifty 50,20-07-2023,24.24,4.88,1.28,118.2912
Nifty 50,21-07-2023,23.95,4.82,1.27,115.439
Nifty 50,24-07-2023,23.83,4.81,1.28,114.6223
Nifty 50,25-07-2023,23.55,4.81,1.28,113.2755
Nifty 50,26-07-2023,23.97,4.83,1.27,115.7751
Nifty 50,27-07-2023,23.83,4.8,1.28,114.384
Nifty 50,28-07-2023,22.91,4.8,1.29,109.968
Nifty 50,31-07-2023,23.01,4.83,1.28,111.1383
Nifty 50,01-08-2023,22.96,4.82,1.28,110.6672
Nifty 50,02-08-2023,22.72,4.73,1.33,107.4656
Nifty 50,03-08-2023,22.55,4.69,1.35,105.7595
Nifty 50,04-08-2023,22.71,4.72,1.34,107.1912
Nifty 50,07-08-2023,22.83,4.74,1.34,108.2142
Nifty 50,08-08-2023,22.73,4.73,1.31,107.5129
Nifty 50,09-08-2023,22.81,4.75,1.37,108.3475
Nifty 50,10-08-2023,22.77,4.73,1.36,107.7021
Nifty 50,11-08-2023,22.63,4.7,1.38,106.361
Nifty 50,14-08-2023,22.64,4.7,1.39,106.408
Nifty 50,16-08-2023,22.52,4.68,1.39,105.3936
Nifty 50,17-08-2023,22.39,4.66,1.39,104.3374
Nifty 50,18-08-2023,22.32,4.64,1.36,103.5648
Nifty 50,21-08-2023,22.42,4.66,1.37,104.4772
Nifty 50,22-08-2023,22.13,4.55,1.37,100.6915
Nifty 50,23-08-2023,22.19,4.56,1.37,101.1864
Nifty 50,24-08-2023,22.12,4.47,1.37,98.8764
Nifty 50,25-08-2023,21.98,4.44,1.38,97.5912
Nifty 50,28-08-2023,22.03,4.43,1.38,97.5929
Nifty 50,29-08-2023,22.07,4.42,1.38,97.5494
Nifty 50,30-08-2023,22.07,4.42,1.38,97.5494
Nifty 50,31-08-2023,21.97,4.4,1.38,96.668
Nifty 50,01-09-2023,22.17,4.44,1.37,98.4348
Nifty 50,04-09-2023,22.28,4.46,1.36,99.3688
Nifty 50,05-09-2023,22.33,4.46,1.36,99.5918
Nifty 50,06-09-2023,22.37,4.43,1.36,99.0991
Nifty 50,07-09-2023,22.28,4.41,1.36,98.2548
Nifty 50,08-09-2023,22.39,4.43,1.36,99.1877
Nifty 50,11-09-2023,22.59,4.46,1.35,100.7514
Nifty 50,12-09-2023,22.58,4.44,1.35,100.2552
Nifty 50,13-09-2023,22.67,4.46,1.34,101.1082
Nifty 50,14-09-2023,22.71,4.47,1.34,101.5137
Nifty 50,15-09-2023,22.81,4.47,1.33,101.9607
Nifty 50,18-09-2023,22.74,4.46,1.34,101.4204
Nifty 50,20-09-2023,22.48,4.41,1.35,99.1368
Nifty 50,21-09-2023,22.3,4.37,1.36,97.451
Nifty 50,22-09-2023,22.22,4.36,1.37,96.8792
Nifty 50,25-09-2023,22.22,4.36,1.37,96.8792
Nifty 50,26-09-2023,22.21,4.35,1.37,96.6135
Nifty 50,27-09-2023,22.27,4.36,1.36,97.0972
Nifty 50,28-09-2023,22.05,4.31,1.38,95.0355
Nifty 50,29-09-2023,22.21,3.46,1.37,76.8466
Nifty 50,03-10-2023,22.09,3.44,1.38,75.9896
Nifty 50,04-10-2023,21.98,3.42,1.38,75.1716
Nifty 50,05-10-2023,22.11,3.44,1.37,76.0584
Nifty 50,06-10-2023,22.23,3.46,1.37,76.9158
Nifty 50,09-10-2023,22.07,3.43,1.38,75.7001
Nifty 50,10-10-2023,22.27,3.47,1.36,77.2769
Nifty 50,11-10-2023,22.41,3.49,1.36,78.2109
Nifty 50,12-10-2023,22.39,3.48,1.36,77.9172
Nifty 50,13-10-2023,22.33,3.48,1.36,77.7084
Nifty 50,16-10-2023,22.29,3.47,1.36,77.3463
Nifty 50,17-10-2023,22.38,3.49,1.35,78.1062
Nifty 50,18-10-2023,21.87,3.46,1.36,75.6702
Nifty 50,19-10-2023,21.77,3.45,1.36,75.1065
Nifty 50,20-10-2023,21.68,3.44,1.38,74.5792
Nifty 50,23-10-2023,21.36,3.39,1.4,72.4104
Nifty 50,25-10-2023,20.92,3.37,1.48,70.5004
Nifty 50,26-10-2023,20.63,3.32,1.51,68.4916
Nifty 50,27-10-2023,20.84,3.35,1.42,69.814
Nifty 50,30-10-2023,20.9,3.37,1.41,70.433
Nifty 50,31-10-2023,20.45,3.36,1.41,68.712
Nifty 50,01-11-2023,20.4,3.34,1.41,68.136
Nifty 50,02-11-2023,20.77,3.37,1.42,69.9949
Nifty 50,03-11-2023,20.88,3.39,1.43,70.7832
Nifty 50,06-11-2023,20.96,3.42,1.42,71.6832
Nifty 50,07-11-2023,20.92,3.42,1.42,71.5464
Nifty 50,08-11-2023,20.97,3.43,1.42,71.9271
Nifty 50,09-11-2023,20.91,3.42,1.41,71.5122
Nifty 50,10-11-2023,20.95,3.43,1.4,71.8585
Nifty 50,12-11-2023,21.05,3.44,1.4,72.412
Nifty 50,13-11-2023,20.96,3.43,1.4,71.8928
Nifty 50,15-11-2023,21.05,3.47,1.33,73.0435
Nifty 50,16-11-2023,21.13,3.49,1.34,73.7437
Nifty 50,17-11-2023,21.1,3.48,1.34,73.428
Nifty 50,20-11-2023,21.06,3.47,1.35,73.0782
Nifty 50,21-11-2023,21.14,3.49,1.38,73.7786
Nifty 50,22-11-2023,21.17,3.49,1.38,73.8833
Nifty 50,23-11-2023,21.16,3.49,1.38,73.8484
Nifty 50,24-11-2023,21.15,3.49,1.38,73.8135
Nifty 50,28-11-2023,21.26,3.51,1.37,74.6226
Nifty 50,29-11-2023,21.48,3.54,1.36,76.0392
Nifty 50,30-11-2023,21.52,3.55,1.35,76.396
Nifty 50,01-12-2023,21.66,3.57,1.34,77.3262
Nifty 50,04-12-2023,22.11,3.65,1.32,80.7015
Nifty 50,05-12-2023,22.29,3.68,1.31,82.0272
Nifty 50,06-12-2023,22.38,3.69,1.3,82.5822
Nifty 50,07-12-2023,22.34,3.69,1.3,82.4346
Nifty 50,08-12-2023,22.41,3.7,1.3,82.917
Nifty 50,11-12-2023,22.44,3.7,1.3,83.028
Nifty 50,12-12-2023,22.34,3.69,1.33,82.4346
Nifty 50,13-12-2023,22.36,3.69,1.32,82.5084
Nifty 50,14-12-2023,22.63,3.73,1.31,84.4099
Nifty 50,15-12-2023,22.92,3.78,1.29,86.6376
Nifty 50,18-12-2023,22.88,3.78,1.29,86.4864
Nifty 50,19-12-2023,22.92,3.78,1.29,86.6376
Nifty 50,20-12-2023,22.6,3.73,1.31,84.298
Nifty 50,21-12-2023,22.71,3.75,1.3,85.1625
Nifty 50,22-12-2023,22.81,3.76,1.3,85.7656
Nifty 50,26-12-2023,22.91,3.78,1.29,86.5998
Nifty 50,27-12-2023,23.14,3.82,1.28,88.3948
Nifty 50,28-12-2023,23.27,3.84,1.27,89.3568
Nifty 50,29-12-2023,23.17,3.83,1.28,88.7411
Nifty 50,01-01-2024,23.18,3.83,1.28,88.7794
Nifty 50,02-01-2024,23.1,3.81,1.28,88.011
Nifty 50,03-01-2024,22.94,3.79,1.29,86.9426
Nifty 50,04-01-2024,23.09,3.81,1.28,87.9729
Nifty 50,05-01-2024,23.15,3.82,1.28,88.433
Nifty 50,08-01-2024,22.94,3.79,1.29,86.9426
Nifty 50,09-01-2024,22.97,3.79,1.29,87.0563
Nifty 50,10-01-2024,23.05,3.81,1.29,87.8205
Nifty 50,11-01-2024,23.08,3.81,1.29,87.9348
Nifty 50,12-01-2024,23.34,3.85,1.27,89.859
Nifty 50,15-01-2024,23.59,3.89,1.26,91.7651
Nifty 50,16-01-2024,23.52,3.88,1.18,91.2576
Nifty 50,17-01-2024,23.03,3.8,1.21,87.514
Nifty 50,18-01-2024,22.64,3.78,1.21,85.5792
Nifty 50,19-01-2024,22.79,3.81,1.24,86.8299
Nifty 50,20-01-2024,22.73,3.8,1.24,86.374
Nifty 50,23-01-2024,22.31,3.74,1.26,83.4394
Nifty 50,24-01-2024,22.39,3.78,1.25,84.6342
Nifty 50,25-01-2024,22.27,3.76,1.25,83.7352
Nifty 50,29-01-2024,22.58,3.83,1.23,86.4814
Nifty 50,30-01-2024,22.31,3.79,1.24,84.5549
Nifty 50,31-01-2024,22.46,3.83,1.23,86.0218
Nifty 50,01-02-2024,22.38,3.82,1.23,85.4916
Nifty 50,02-02-2024,22.51,3.85,1.22,86.6635
Nifty 50,05-02-2024,22.39,3.83,1.21,85.7537
Nifty 50,06-02-2024,22.66,3.86,1.21,87.4676
Nifty 50,07-02-2024,22.66,3.86,1.21,87.4676
Nifty 50,08-02-2024,22.45,3.82,1.24,85.759
Nifty 50,09-02-2024,22.51,3.84,1.24,86.4384
Nifty 50,12-02-2024,22.38,3.81,1.25,85.2678
Nifty 50,13-02-2024,22.5,3.83,1.25,86.175
Nifty 50,14-02-2024,22.59,3.85,1.24,86.9715
Nifty 50,15-02-2024,22.62,3.86,1.21,87.3132
Nifty 50,16-02-2024,22.76,3.88,1.22,88.3088
Nifty 50,19-02-2024,22.84,3.9,1.2,89.076
Nifty 50,20-02-2024,22.92,3.91,1.21,89.6172
Nifty 50,21-02-2024,22.77,3.88,1.23,88.3476
Nifty 50,22-02-2024,22.94,3.91,1.22,89.6954
Nifty 50,23-02-2024,22.93,3.91,1.22,89.6563
Nifty 50,26-02-2024,22.84,3.9,1.21,89.076
Nifty 50,27-02-2024,22.92,3.91,1.21,89.6172
Nifty 50,28-02-2024,22.66,3.87,1.22,87.6942
Nifty 50,29-02-2024,22.7,3.87,1.22,87.849
Nifty 50,01-03-2024,23.06,3.93,1.2,90.6258
Nifty 50,02-03-2024,23.1,3.94,1.2,91.014
Nifty 50,04-03-2024,23.13,3.95,1.2,91.3635
Nifty 50,05-03-2024,23.08,3.94,1.2,90.9352
Nifty 50,06-03-2024,23.2,3.96,1.19,91.872
Nifty 50,07-03-2024,23.22,3.96,1.19,91.9512
Nifty 50,11-03-2024,23.06,3.93,1.2,90.6258
Nifty 50,12-03-2024,23.06,3.93,1.2,90.6258
Nifty 50,13-03-2024,22.71,3.87,1.22,87.8877
Nifty 50,14-03-2024,22.86,3.9,1.21,89.154
Nifty 50,15-03-2024,22.74,3.88,1.22,88.2312
Nifty 50,18-03-2024,22.77,3.88,1.22,88.3476
Nifty 50,19-03-2024,22.52,3.84,1.23,86.4768
Nifty 50,20-03-2024,22.55,3.85,1.23,86.8175
Nifty 50,21-03-2024,22.73,3.88,1.22,88.1924
Nifty 50,22-03-2024,22.81,3.89,1.21,88.7309
Nifty 50,26-03-2024,22.72,3.87,1.22,87.9264
Nifty 50,27-03-2024,22.84,3.9,1.21,89.076
Nifty 50,28-03-2024,22.88,3.94,1.2,90.1472
Nifty 50,01-04-2024,23.02,3.96,1.2,91.1592
Nifty 50,02-04-2024,23.01,3.96,1.2,91.1196
Nifty 50,03-04-2024,22.99,3.96,1.2,91.0404
Nifty 50,04-04-2024,23.07,3.97,1.19,91.5879
Nifty 50,05-04-2024,23.07,3.97,1.19,91.5879
Nifty 50,08-04-2024,23.23,4,1.18,92.92
Nifty 50,09-04-2024,23.2,3.99,1.19,92.568
Nifty 50,10-04-2024,23.32,4.01,1.18,93.5132
Nifty 50,12-04-2024,23.08,3.95,1.19,91.166
Nifty 50,15-04-2024,22.82,3.91,1.2,89.2262
Nifty 50,16-04-2024,22.68,3.88,1.2,87.9984
Nifty 50,18-04-2024,22.53,3.86,1.21,86.9658
Nifty 50,19-04-2024,22.68,3.88,1.2,87.9984
Nifty 50,22-04-2024,22.78,3.92,1.19,89.2976
Nifty 50,23-04-2024,22.54,3.92,1.19,88.3568
Nifty 50,24-04-2024,22.58,3.93,1.19,88.7394
Nifty 50,25-04-2024,22.75,3.96,1.18,90.09
Nifty 50,26-04-2024,22,3.93,1.19,86.46
Nifty 50,29-04-2024,22.2,3.97,1.15,88.134
Nifty 50,30-04-2024,22,3.96,1.16,87.12
Nifty 50,02-05-2024,22.03,3.97,1.15,87.4591
Nifty 50,03-05-2024,21.87,3.94,1.16,86.1678
Nifty 50,06-05-2024,21.77,3.94,1.16,85.7738
Nifty 50,07-05-2024,21.61,3.91,1.19,84.4951
Nifty 50,08-05-2024,21.61,3.91,1.19,84.4951
Nifty 50,09-05-2024,21.26,3.85,1.21,81.851
Nifty 50,10-05-2024,21.33,3.87,1.36,82.5471
Nifty 50,13-05-2024,21.35,3.88,1.35,82.838
Nifty 50,14-05-2024,21.19,3.9,1.35,82.641
Nifty 50,15-05-2024,21.17,3.89,1.35,82.3513
Nifty 50,16-05-2024,21.41,3.93,1.26,84.1413
Nifty 50,17-05-2024,21.47,3.94,1.25,84.5918
Nifty 50,18-05-2024,21.5,3.95,1.25,84.925
Nifty 50,21-05-2024,21.52,3.95,1.24,85.004
Nifty 50,22-05-2024,21.55,3.96,1.29,85.338
Nifty 50,23-05-2024,21.9,4.03,1.27,88.257
Nifty 50,24-05-2024,21.88,4.03,1.28,88.1764
Nifty 50,27-05-2024,21.85,4.02,1.28,87.837
Nifty 50,28-05-2024,21.74,4.01,1.28,87.1774
Nifty 50,29-05-2024,21.57,3.98,1.29,85.8486
Nifty 50,30-05-2024,21.36,3.94,1.22,84.1584
Nifty 50,31-05-2024,21.4,3.95,1.28,84.53
Nifty 50,03-06-2024,22.13,4.08,1.17,90.2904
Nifty 50,04-06-2024,20.81,3.84,1.31,79.9104
Nifty 50,05-06-2024,21.51,3.97,1.26,85.3947
Nifty 50,06-06-2024,21.71,4,1.25,86.84
Nifty 50,07-06-2024,22.15,4.08,1.23,90.372
Nifty 50,10-06-2024,22.12,4.08,1.22,90.2496
Nifty 50,11-06-2024,22.13,4.08,1.24,90.2904
Nifty 50,12-06-2024,22.18,4.09,1.24,90.7162
Nifty 50,13-06-2024,22.25,4.06,1.24,90.335
Nifty 50,14-06-2024,22.32,4.07,1.27,90.8424
Nifty 50,18-06-2024,22.4,4.08,1.23,91.392
Nifty 50,19-06-2024,22.36,4.08,1.22,91.2288
Nifty 50,20-06-2024,22.41,4.05,1.25,90.7605
Nifty 50,21-06-2024,22.34,4.04,1.29,90.2536
Nifty 50,24-06-2024,22.38,4.05,1.26,90.639
Nifty 50,25-06-2024,22.55,4.08,1.25,92.004
Nifty 50,26-06-2024,22.69,4.1,1.24,93.029
Nifty 50,27-06-2024,22.86,4.13,1.24,94.4118
Nifty 50,28-06-2024,22.85,4.14,1.25,94.599
Nifty 50,01-07-2024,22.97,4.16,1.22,95.5552
Nifty 50,02-07-2024,22.96,4.16,1.23,95.5136
Nifty 50,03-07-2024,23.11,4.18,1.22,96.5998
Nifty 50,04-07-2024,23.13,4.19,1.22,96.9147
Nifty 50,05-07-2024,23.15,4.19,1.23,96.9985
Nifty 50,08-07-2024,23.14,4.19,1.23,96.9566
Nifty 50,09-07-2024,23.25,4.21,1.23,97.8825
Nifty 50,10-07-2024,23.15,4.19,1.23,96.9985
Nifty 50,11-07-2024,23.14,4.19,1.23,96.9566
Nifty 50,12-07-2024,23.32,4.22,1.23,98.4104
Nifty 50,15-07-2024,23.38,4.16,1.2,97.2608
Nifty 50,16-07-2024,23.39,4.17,1.21,97.5363
Nifty 50,18-07-2024,23.57,4.19,1.2,98.7583
Nifty 50,19-07-2024,23.31,4.16,1.24,96.9696
Nifty 50,22-07-2024,23.28,4.15,1.2,96.612
Nifty 50,23-07-2024,23.11,4.12,1.22,95.2132
Nifty 50,24-07-2024,23.05,4.11,1.22,94.7355
Nifty 50,25-07-2024,23.03,4.11,1.22,94.6533
Nifty 50,26-07-2024,23.4,4.19,1.2,98.046
Nifty 50,29-07-2024,23.4,4.19,1.18,98.046
Nifty 50,30-07-2024,23.31,4.19,1.19,97.6689
Nifty 50,31-07-2024,23.4,4.21,1.19,98.514
Nifty 50,01-08-2024,23.45,4.22,1.19,98.959
Nifty 50,02-08-2024,23.09,4.17,1.19,96.2853
Nifty 50,05-08-2024,22.38,4.05,1.22,90.639
Nifty 50,06-08-2024,22.3,4.04,1.23,90.092
Nifty 50,07-08-2024,22.61,4.09,1.25,92.4749
Nifty 50,08-08-2024,22.44,4.06,1.25,91.1064
Nifty 50,09-08-2024,22.67,4.11,1.21,93.1737
Nifty 50,12-08-2024,22.65,4.1,1.24,92.865
Nifty 50,13-08-2024,22.46,4.07,1.25,91.4122
Nifty 50,14-08-2024,22.47,4.07,1.24,91.4529
Nifty 50,16-08-2024,22.8,4.14,1.24,94.392
Nifty 50,19-08-2024,22.83,4.14,1.26,94.5162
Nifty 50,20-08-2024,22.95,4.16,1.26,95.472
Nifty 50,21-08-2024,23.01,4.17,1.22,95.9517
Nifty 50,22-08-2024,23.05,4.18,1.22,96.349
Nifty 50,23-08-2024,23.06,4.18,1.23,96.3908
Nifty 50,26-08-2024,23.24,4.21,1.22,97.8404
Nifty 50,27-08-2024,23.24,4.22,1.22,98.0728
Nifty 50,28-08-2024,23.28,4.22,1.22,98.2416
Nifty 50,29-08-2024,23.37,4.24,1.21,99.0888
Nifty 50,30-08-2024,23.47,4.26,1.21,99.9822
Nifty 50,02-09-2024,23.51,4.27,1.21,100.3877
Nifty 50,03-09-2024,23.51,4.27,1.21,100.3877
Nifty 50,04-09-2024,23.43,4.26,1.21,99.8118
Nifty 50,05-09-2024,23.38,4.25,1.21,99.365
Nifty 50,06-09-2024,23.11,4.2,1.23,97.062
Nifty 50,09-09-2024,23.19,4.21,1.22,97.6299
Nifty 50,10-09-2024,23.29,4.15,1.22,96.6535
Nifty 50,11-09-2024,23.17,4.11,1.22,95.2287
Nifty 50,12-09-2024,23.61,4.18,1.2,98.6898
Nifty 50,13-09-2024,23.58,4.07,1.2,95.9706
Nifty 50,16-09-2024,23.61,4.07,1.2,96.0927
Nifty 50,17-09-2024,23.64,4.05,1.2,95.742
Nifty 50,18-09-2024,23.6,4.04,1.2,95.344
Nifty 50,19-09-2024,23.64,4.04,1.2,95.5056
Nifty 50,20-09-2024,23.98,4.08,1.18,97.8384
Nifty 50,23-09-2024,24.12,3.83,1.17,92.3796
Nifty 50,24-09-2024,24.12,3.83,1.17,92.3796
Nifty 50,25-09-2024,24.18,3.84,1.17,92.8512
Nifty 50,26-09-2024,24.38,3.87,1.16,94.3506
Nifty 50,27-09-2024,24.34,3.87,1.16,94.1958
Nifty 50,30-09-2024,24.26,3.87,1.16,93.8862
Nifty 50,01-10-2024,24.25,3.86,1.16,93.605
Nifty 50,03-10-2024,23.74,3.78,1.19,89.7372
Nifty 50,04-10-2024,23.52,3.75,1.2,88.2
Nifty 50,07-10-2024,23.31,3.71,1.21,86.4801
Nifty 50,08-10-2024,23.51,3.75,1.2,88.1625
Nifty 50,09-10-2024,23.48,3.74,1.2,87.8152
Nifty 50,10-10-2024,23.5,3.74,1.2,87.89
Nifty 50,11-10-2024,23.47,3.74,1.2,87.7778
Nifty 50,14-10-2024,23.62,3.76,1.2,88.8112
Nifty 50,15-10-2024,23.55,3.75,1.2,88.3125
Nifty 50,16-10-2024,23.47,3.74,1.2,87.7778
Nifty 50,17-10-2024,23.26,3.71,1.21,86.2946
Nifty 50,18-10-2024,23.38,3.72,1.22,86.9736
Nifty 50,21-10-2024,23.23,3.71,1.2,86.1833
Nifty 50,22-10-2024,22.83,3.67,1.23,83.7861
Nifty 50,23-10-2024,22.81,3.66,1.23,83.4846
Nifty 50,24-10-2024,22.76,3.65,1.23,83.074
Nifty 50,25-10-2024,22.56,3.62,1.18,81.6672
Nifty 50,28-10-2024,22.74,3.65,1.18,83.001
Nifty 50,29-10-2024,23.02,3.67,1.24,84.4834
Nifty 50,30-10-2024,22.9,3.65,1.25,83.585
Nifty 50,31-10-2024,22.58,3.63,1.27,81.9654
Nifty 50,01-11-2024,22.68,3.64,1.26,82.5552
Nifty 50,04-11-2024,22.36,3.59,1.24,80.2724
Nifty 50,05-11-2024,22.55,3.63,1.27,81.8565
Nifty 50,06-11-2024,22.8,3.67,1.27,83.676
Nifty 50,07-11-2024,22.55,3.62,1.29,81.631
Nifty 50,08-11-2024,22.27,3.62,1.29,80.6174
Nifty 50,11-11-2024,22.23,3.62,1.29,80.4726
Nifty 50,12-11-2024,21.93,3.58,1.31,78.5094
Nifty 50,13-11-2024,21.68,3.53,1.33,76.5304
Nifty 50,14-11-2024,21.65,3.52,1.35,76.208
Nifty 50,18-11-2024,21.57,3.51,1.33,75.7107
Nifty 50,19-11-2024,21.65,3.52,1.36,76.208
Nifty 50,21-11-2024,21.49,3.5,1.31,75.215
Nifty 50,22-11-2024,22.01,3.58,1.28,78.7958
Nifty 50,25-11-2024,22.29,3.63,1.26,80.9127
Nifty 50,26-11-2024,22.27,3.62,1.26,80.6174
Nifty 50,27-11-2024,22.34,3.63,1.26,81.0942
Nifty 50,28-11-2024,22.01,3.56,1.28,78.3556
Nifty 50,29-11-2024,22.21,3.6,1.27,79.956
Nifty 50,02-12-2024,22.35,3.62,1.26,80.907
Nifty 50,03-12-2024,22.51,3.64,1.25,81.9364
Nifty 50,04-12-2024,22.52,3.65,1.25,82.198
Nifty 50,05-12-2024,22.74,3.68,1.24,83.6832
Nifty 50,06-12-2024,22.72,3.68,1.24,83.6096
Nifty 50,09-12-2024,22.66,3.67,1.24,83.1622
Nifty 50,10-12-2024,22.65,3.67,1.24,83.1255
Nifty 50,11-12-2024,22.68,3.67,1.24,83.2356
Nifty 50,12-12-2024,22.6,3.66,1.23,82.716
Nifty 50,13-12-2024,22.8,3.69,1.22,84.132
Nifty 50,16-12-2024,22.71,3.68,1.22,83.5728
Nifty 50,17-12-2024,22.4,3.63,1.24,81.312
Nifty 50,18-12-2024,22.27,3.61,1.25,80.3947
Nifty 50,19-12-2024,22.05,3.57,1.26,78.7185
Nifty 50,20-12-2024,21.71,3.52,1.28,76.4192
Nifty 50,23-12-2024,21.86,3.54,1.27,77.3844
Nifty 50,24-12-2024,21.84,3.54,1.27,77.3136
Nifty 50,26-12-2024,21.86,3.54,1.27,77.3844
Nifty 50,27-12-2024,21.92,3.55,1.27,77.816
Nifty 50,30-12-2024,21.76,3.52,1.28,76.5952
Nifty 50,31-12-2024,21.79,3.53,1.27,76.9187
Nifty 50,01-01-2025,21.88,3.54,1.27,77.4552
Nifty 50,02-01-2025,22.29,3.61,1.25,80.4669
Nifty 50,03-01-2025,22.12,3.58,1.26,79.1896
Nifty 50,06-01-2025,21.76,3.52,1.28,76.5952
Nifty 50,07-01-2025,21.84,3.54,1.27,77.3136
Nifty 50,08-01-2025,21.83,3.53,1.27,77.0599
Nifty 50,09-01-2025,21.68,3.51,1.28,76.0968
Nifty 50,10-01-2025,21.59,3.49,1.28,75.3491
Nifty 50,13-01-2025,21.25,3.44,1.3,73.1
Nifty 50,14-01-2025,21.34,3.46,1.3,73.8364
Nifty 50,15-01-2025,21.37,3.46,1.3,73.9402
Nifty 50,16-01-2025,21.46,3.48,1.29,74.6808
Nifty 50,17-01-2025,21.36,3.46,1.39,73.9056
Nifty 50,20-01-2025,21.4,3.48,1.34,74.472
Nifty 50,21-01-2025,21.07,3.43,1.36,72.2701
Nifty 50,22-01-2025,21.19,3.45,1.35,73.1055
Nifty 50,23-01-2025,21.24,3.46,1.35,73.4904
Nifty 50,24-01-2025,21.09,3.44,1.35,72.5496
Nifty 50,27-01-2025,20.85,3.4,1.37,70.89
Nifty 50,28-01-2025,20.85,3.42,1.38,71.307
Nifty 50,29-01-2025,21.06,3.45,1.38,72.657
Nifty 50,30-01-2025,21.12,3.47,1.37,73.2864
Nifty 50,31-01-2025,21.33,3.51,1.38,74.8683
Nifty 50,01-02-2025,21.29,3.5,1.38,74.515
Nifty 50,03-02-2025,21.22,3.48,1.39,73.8456
Nifty 50,04-02-2025,21.56,3.54,1.37,76.3224
Nifty 50,05-02-2025,21.52,3.53,1.37,75.9656
Nifty 50,06-02-2025,21.45,3.52,1.38,75.504
Nifty 50,07-02-2025,21.41,3.51,1.41,75.1491
Nifty 50,10-02-2025,20.82,3.48,1.36,72.4536
Nifty 50,11-02-2025,20.53,3.43,1.38,70.4179
Nifty 50,12-02-2025,20.52,3.43,1.45,70.3836
Nifty 50,13-02-2025,20.51,3.43,1.45,70.3493
Nifty 50,14-02-2025,20.42,3.41,1.46,69.6322
Nifty 50,17-02-2025,20.44,3.42,1.42,69.9048
Nifty 50,18-02-2025,20.4,3.42,1.42,69.768
Nifty 50,19-02-2025,20.38,3.41,1.42,69.4958
Nifty 50,20-02-2025,20.37,3.41,1.41,69.4617
Nifty 50,21-02-2025,20.26,3.39,1.41,68.6814
Nifty 50,24-02-2025,20.05,3.36,1.42,67.368
Nifty 50,25-02-2025,20.04,3.36,1.42,67.3344
Nifty 50,27-02-2025,20.04,3.36,1.42,67.3344
Nifty 50,28-02-2025,19.67,3.29,1.45,64.7143
Nifty 50,03-03-2025,19.66,3.29,1.45,64.6814
Nifty 50,04-03-2025,19.63,3.29,1.45,64.5827
Nifty 50,05-03-2025,19.86,3.33,1.44,66.1338
Nifty 50,06-03-2025,20.04,3.36,1.42,67.3344
Nifty 50,07-03-2025,20.05,3.36,1.42,67.368
Nifty 50,10-03-2025,19.96,3.34,1.43,66.6664
Nifty 50,11-03-2025,20,3.35,1.43,67
Nifty 50,12-03-2025,19.97,3.34,1.43,66.6998
Nifty 50,13-03-2025,19.91,3.33,1.44,66.3003
Nifty 50,17-03-2025,20.01,3.35,1.43,67.0335
Nifty 50,18-03-2025,20.3,3.4,1.41,69.02
Nifty 50,19-03-2025,20.36,3.41,1.41,69.4276
Nifty 50,20-03-2025,20.61,3.45,1.39,71.1045
Nifty 50,21-03-2025,20.76,3.48,1.38,72.2448
Nifty 50,24-03-2025,21.03,3.52,1.36,74.0256
Nifty 50,25-03-2025,21.04,3.52,1.36,74.0608
Nifty 50,26-03-2025,20.88,3.5,1.37,73.08
Nifty 50,27-03-2025,20.97,3.51,1.36,73.6047
Nifty 50,28-03-2025,21.37,3.48,1.32,74.3676
Nifty 50,01-04-2025,21.05,3.43,1.34,72.2015
Nifty 50,02-04-2025,21.2,3.45,1.33,73.14
Nifty 50,03-04-2025,21.13,3.44,1.33,72.6872
Nifty 50,04-04-2025,20.82,3.39,1.35,70.5798
Nifty 50,07-04-2025,20.14,3.28,1.4,66.0592
Nifty 50,08-04-2025,20.48,3.33,1.37,68.1984
Nifty 50,09-04-2025,20.36,3.31,1.38,67.3916
Nifty 50,11-04-2025,20.75,3.38,1.36,70.135
Nifty 50,15-04-2025,21.2,3.45,1.33,73.14
Nifty 50,16-04-2025,21.3,3.47,1.32,73.911
Nifty 50,17-04-2025,21.68,3.53,1.3,76.5304
Nifty 50,21-04-2025,21.93,3.57,1.28,78.2901
Nifty 50,22-04-2025,21.97,3.57,1.28,78.4329
Nifty 50,23-04-2025,21.99,3.6,1.27,79.164
Nifty 50,24-04-2025,21.91,3.59,1.28,78.6569
Nifty 50,25-04-2025,21.72,3.56,1.29,77.3232
Nifty 50,28-04-2025,21.97,3.6,1.29,79.092
Nifty 50,29-04-2025,21.94,3.6,1.29,78.984
Nifty 50,30-04-2025,21.94,3.6,1.29,78.984
Nifty 50,02-05-2025,21.95,3.6,1.29,79.02
Nifty 50,05-05-2025,21.99,3.62,1.28,79.6038
Nifty 50,06-05-2025,21.95,3.61,1.29,79.2395
Nifty 50,07-05-2025,21.99,3.61,1.27,79.3839
Nifty 50,08-05-2025,21.86,3.59,1.28,78.4774
Nifty 50,09-05-2025,21.62,3.55,1.29,76.751
Nifty 50,12-05-2025,22.43,3.69,1.11,82.7667
Nifty 50,13-05-2025,22.08,3.64,1.13,80.3712
Nifty 50,14-05-2025,22.14,3.65,1.13,80.811
Nifty 50,15-05-2025,22.43,3.71,1.11,83.2153
Nifty 50,16-05-2025,22.39,3.7,1.14,82.843
Nifty 50,19-05-2025,22.33,3.69,1.14,82.3977
Nifty 50,20-05-2025,22.08,3.65,1.15,80.592
Nifty 50,21-05-2025,22.19,3.67,1.15,81.4373
Nifty 50,22-05-2025,22.01,3.64,1.11,80.1164
Nifty 50,23-05-2025,22.4,3.68,1.1,82.432
Nifty 50,26-05-2025,22.58,3.7,1.09,83.546
Nifty 50,27-05-2025,22.38,3.67,1.1,82.1346
Nifty 50,28-05-2025,22.32,3.66,1.16,81.6912
Nifty 50,29-05-2025,22.39,3.63,1.17,81.2757
Nifty 50,30-05-2025,22.32,3.62,1.25,80.7984
Nifty 50,02-06-2025,22.29,3.62,1.16,80.6898
Nifty 50,03-06-2025,22.07,3.59,1.21,79.2313
Nifty 50,04-06-2025,22.14,3.6,1.18,79.704
Nifty 50,05-06-2025,22.25,3.62,1.17,80.545
Nifty 50,06-06-2025,22.47,3.65,1.19,82.0155
Nifty 50,09-06-2025,22.56,3.66,1.18,82.5696
Nifty 50,10-06-2025,22.57,3.66,1.19,82.6062
Nifty 50,11-06-2025,22.6,3.66,1.17,82.716
Nifty 50,12-06-2025,22.37,3.62,1.18,80.9794
Nifty 50,13-06-2025,22.22,3.6,1.19,79.992
Nifty 50,16-06-2025,22.42,3.63,1.15,81.3846
Nifty 50,17-06-2025,22.34,3.62,1.16,80.8708
Nifty 50,18-06-2025,22.3,3.61,1.16,80.503
Nifty 50,19-06-2025,22.29,3.61,1.16,80.4669
Nifty 50,20-06-2025,22.57,3.65,1.14,82.3805
Nifty 50,23-06-2025,22.44,3.63,1.13,81.4572
Nifty 50,24-06-2025,22.51,3.64,1.12,81.9364
Nifty 50,25-06-2025,22.69,3.67,1.11,83.2723
Nifty 50,26-06-2025,22.96,3.72,1.1,85.4112
Nifty 50,27-06-2025,23.04,3.73,1.25,85.9392
Nifty 50,30-06-2025,22.97,3.7,1.24,84.989
Nifty 50,01-07-2025,22.99,3.7,1.24,85.063
Nifty 50,02-07-2025,22.91,3.69,1.24,84.5379
Nifty 50,03-07-2025,22.87,3.68,1.25,84.1616
Nifty 50,04-07-2025,22.92,3.69,1.28,84.5748
Nifty 50,07-07-2025,22.92,3.65,1.27,83.658
Nifty 50,08-07-2025,22.97,3.66,1.28,84.0702
Nifty 50,09-07-2025,22.93,3.66,1.27,83.9238
Nifty 50,10-07-2025,22.82,3.61,1.28,82.3802
Nifty 50,11-07-2025,22.64,3.58,1.3,81.0512
Nifty 50,14-07-2025,22.57,3.57,1.29,80.5749
Nifty 50,15-07-2025,22.67,3.58,1.29,81.1586
Nifty 50,16-07-2025,22.68,3.59,1.29,81.4212
Nifty 50,17-07-2025,22.59,3.57,1.29,80.6463
Nifty 50,18-07-2025,22.46,3.48,1.35,78.1608
Nifty 50,21-07-2025,22.58,3.47,1.32,78.3526
Nifty 50,22-07-2025,22.15,3.47,1.32,76.8605
Nifty 50,23-07-2025,22.29,3.48,1.3,77.5692
Nifty 50,24-07-2025,22.15,3.46,1.31,76.639
Nifty 50,25-07-2025,21.93,3.43,1.37,75.2199
Nifty 50,28-07-2025,21.78,3.41,1.39,74.2698
Nifty 50,29-07-2025,21.97,3.43,1.38,75.3571
Nifty 50,30-07-2025,22.05,3.41,1.37,75.1905
Nifty 50,31-07-2025,21.93,3.38,1.38,74.1234
Nifty 50,01-08-2025,21.7,3.35,1.41,72.695
Nifty 50,04-08-2025,21.89,3.37,1.38,73.7693
Nifty 50,05-08-2025,21.82,3.36,1.38,73.3152
Nifty 50,06-08-2025,21.75,3.35,1.4,72.8625
Nifty 50,07-08-2025,21.71,3.35,1.35,72.7285
Nifty 50,08-08-2025,21.48,3.32,1.37,71.3136
Nifty 50,11-08-2025,21.67,3.33,1.36,72.1611
Nifty 50,12-08-2025,21.56,3.26,1.37,70.2856
Nifty 50,13-08-2025,21.68,3.27,1.37,70.8936
Nifty 50,14-08-2025,21.66,3.34,1.4,72.3444
Nifty 50,18-08-2025,21.86,3.35,1.36,73.231
Nifty 50,19-08-2025,21.95,3.36,1.33,73.752
Nifty 50,20-08-2025,22,3.37,1.33,74.14
Nifty 50,21-08-2025,22.03,3.37,1.34,74.2411
Nifty 50,22-08-2025,21.85,3.34,1.35,72.979
Nifty 50,25-08-2025,21.93,3.34,1.34,73.2462
Nifty 50,26-08-2025,21.71,3.31,1.35,71.8601
Nifty 50,28-08-2025,21.52,3.28,1.36,70.5856
Nifty 50,29-08-2025,21.46,3.27,1.37,70.1742
Nifty 50,01-09-2025,21.63,3.29,1.36,71.1627
Nifty 50,02-09-2025,21.59,3.29,1.36,71.0311
Nifty 50,03-09-2025,21.71,3.31,1.35,71.8601
Nifty 50,04-09-2025,21.73,3.3,1.37,71.709
Nifty 50,05-09-2025,21.73,3.3,1.37,71.709
Nifty 50,08-09-2025,21.76,3.31,1.37,72.0256
Nifty 50,09-09-2025,21.85,3.32,1.36,72.542
Nifty 50,10-09-2025,21.94,3.33,1.36,73.0602
Nifty 50,11-09-2025,21.97,3.34,1.35,73.3798
Nifty 50,12-09-2025,22.06,3.35,1.35,73.901
Nifty 50,15-09-2025,22.02,3.34,1.35,73.5468
Nifty 50,16-09-2025,22.17,3.37,1.34,74.7129
Nifty 50,17-09-2025,22.25,3.38,1.34,75.205
Nifty 50,18-09-2025,22.33,3.39,1.33,75.6987
Nifty 50,19-09-2025,22.25,3.38,1.34,75.205
Nifty 50,22-09-2025,22.14,3.36,1.34,74.3904
Nifty 50,23-09-2025,22.11,3.36,1.34,74.2896
Nifty 50,24-09-2025,22.01,3.34,1.35,73.5134
Nifty 50,25-09-2025,21.86,3.32,1.36,72.5752
Nifty 50,26-09-2025,21.66,3.29,1.37,71.2614
Nifty 50,29-09-2025,21.64,3.29,1.37,71.1956
Nifty 50,30-09-2025,21.76,3.37,1.35,73.3312
Nifty 50,01-10-2025,21.96,3.4,1.34,74.664
Nifty 50,03-10-2025,22.01,3.4,1.33,74.834
Nifty 50,06-10-2025,22.18,3.43,1.32,76.0774
Nifty 50,07-10-2025,22.2,3.43,1.32,76.146
Nifty 50,08-10-2025,22.15,3.43,1.33,75.9745
Nifty 50,09-10-2025,22.27,3.44,1.32,76.6088
Nifty 50,10-10-2025,22.36,3.46,1.31,77.3656
Nifty 50,13-10-2025,22.31,3.45,1.32,76.9695
Nifty 50,14-10-2025,22.23,3.44,1.32,76.4712
Nifty 50,15-10-2025,22.39,3.46,1.32,77.4694
Nifty 50,16-10-2025,22.7,3.5,1.31,79.45
Nifty 50,17-10-2025,22.78,3.52,1.31,80.1856
Nifty 50,20-10-2025,22.72,3.53,1.3,80.2016
Nifty 50,21-10-2025,22.74,3.54,1.3,80.4996
Nifty 50,23-10-2025,22.76,3.54,1.29,80.5704
Nifty 50,24-10-2025,22.67,3.53,1.3,80.0251
Nifty 50,27-10-2025,22.84,3.55,1.36,81.082
Nifty 50,28-10-2025,22.82,3.55,1.36,81.011
Nifty 50,29-10-2025,22.92,3.56,1.29,81.5952
Nifty 50,30-10-2025,22.77,3.54,1.3,80.6058
Nifty 50,31-10-2025,22.64,3.52,1.29,79.6928
Nifty 50,03-11-2025,22.67,3.52,1.29,79.7984
Nifty 50,04-11-2025,22.51,3.5,1.31,78.785
Nifty 50,06-11-2025,22.29,3.49,1.27,77.7921
Nifty 50,07-11-2025,22.28,3.49,1.29,77.7572
Nifty 50,10-11-2025,22.31,3.5,1.31,78.085
Nifty 50,11-11-2025,22.4,3.51,1.3,78.624
Nifty 50,12-11-2025,22.52,3.54,1.29,79.7208
Nifty 50,13-11-2025,22.51,3.54,1.29,79.6854
Nifty 50,14-11-2025,22.53,3.54,1.29,79.7562
Nifty 50,17-11-2025,22.49,3.54,1.31,79.6146
Nifty 50,18-11-2025,22.33,3.52,1.32,78.6016
Nifty 50,19-11-2025,22.45,3.54,1.29,79.473
Nifty 50,20-11-2025,22.8,3.56,1.28,81.168
Nifty 50,21-11-2025,22.7,3.54,1.29,80.358
Nifty 50,24-11-2025,22.6,3.53,1.29,79.778
Nifty 50,25-11-2025,22.54,3.52,1.3,79.3408
Nifty 50,26-11-2025,22.82,3.56,1.28,81.2392
Nifty 50,27-11-2025,22.82,3.56,1.28,81.2392
Nifty 50,28-11-2025,22.81,3.56,1.28,81.2036
Nifty 50,01-12-2025,22.79,3.56,1.28,81.1324
Nifty 50,02-12-2025,22.66,3.54,1.29,80.2164
Nifty 50,03-12-2025,22.62,3.53,1.29,79.8486
Nifty 50,04-12-2025,22.67,3.54,1.29,80.2518
Nifty 50,05-12-2025,22.8,3.56,1.28,81.168
Nifty 50,08-12-2025,22.6,3.53,1.29,79.778
Nifty 50,09-12-2025,22.5,3.51,1.3,78.975
Nifty 50,10-12-2025,22.43,3.5,1.3,78.505
Nifty 50,11-12-2025,22.55,3.52,1.3,79.376
Nifty 50,12-12-2025,22.68,3.54,1.29,80.2872
Nifty 50,15-12-2025,22.66,3.54,1.29,80.2164
Nifty 50,16-12-2025,22.51,3.52,1.3,79.2352
Nifty 50,17-12-2025,22.48,3.51,1.3,78.9048
Nifty 50,18-12-2025,22.48,3.51,1.3,78.9048
Nifty 50,19-12-2025,22.61,3.53,1.29,79.8133
Nifty 50,22-12-2025,22.79,3.56,1.28,81.1324
Nifty 50,23-12-2025,22.79,3.56,1.28,81.1324
Nifty 50,24-12-2025,22.76,3.55,1.28,80.798
Nifty 50,26-12-2025,22.67,3.54,1.29,80.2518
Nifty 50,29-12-2025,22.59,3.53,1.29,79.7427
Nifty 50,30-12-2025,22.58,3.53,1.29,79.7074
Nifty 50,31-12-2025,22.75,3.55,1.28,80.7625
Nifty 50,01-01-2026,22.76,3.56,1.28,81.0256
Nifty 50,02-01-2026,22.92,3.58,1.28,82.0536
Nifty 50,05-01-2026,22.85,3.57,1.28,81.5745
Nifty 50,06-01-2026,22.79,3.56,1.28,81.1324
Nifty 50,07-01-2026,22.76,3.55,1.28,80.798
Nifty 50,08-01-2026,22.53,3.52,1.3,79.3056
Nifty 50,09-01-2026,22.36,3.49,1.31,78.0364
Nifty 50,12-01-2026,22.45,3.51,1.3,78.7995
Nifty 50,13-01-2026,22.4,3.5,1.3,78.4
Nifty 50,14-01-2026,22.38,3.49,1.31,78.1062
Nifty 50,16-01-2026,22.4,3.49,1.37,78.176
Nifty 50,19-01-2026,22.31,3.48,1.29,77.6388
Nifty 50,20-01-2026,21.91,3.43,1.31,75.1513
Nifty 50,21-01-2026,21.85,3.42,1.31,74.727
Nifty 50,22-01-2026,21.97,3.44,1.31,75.5768
Nifty 50,23-01-2026,21.76,3.41,1.32,74.2016
Nifty 50,27-01-2026,21.91,3.42,1.33,74.9322
Nifty 50,28-01-2026,22.07,3.45,1.3,76.1415
Nifty 50,29-01-2026,22.12,3.46,1.3,76.5352
Nifty 50,30-01-2026,22.04,3.44,1.3,75.8176
Nifty 50,01-02-2026,21.57,3.38,1.3,72.9066
Nifty 50,02-02-2026,21.8,3.41,1.29,74.338
Nifty 50,03-02-2026,22.35,3.5,1.26,78.225
Nifty 50,04-02-2026,22.38,3.5,1.26,78.33
Nifty 50,05-02-2026,22.21,3.49,1.27,77.5129
Nifty 50,06-02-2026,22.26,3.49,1.28,77.6874
Nifty 50,09-02-2026,22.79,3.52,1.25,80.2208
Nifty 50,10-02-2026,22.73,3.53,1.24,80.2369
Nifty 50,11-02-2026,22.74,3.53,1.24,80.2722
Nifty 50,12-02-2026,22.58,3.51,1.2,79.2558
Nifty 50,13-02-2026,22.24,3.46,1.21,76.9504
Nifty 50,16-02-2026,22.51,3.49,1.2,78.5599
Nifty 50,17-02-2026,22.52,3.5,1.2,78.82
Nifty 50,18-02-2026,22.6,3.51,1.21,79.326
Nifty 50,19-02-2026,22.28,3.46,1.22,77.0888
Nifty 50,20-02-2026,22.38,3.48,1.22,77.8824
Nifty 50,23-02-2026,22.5,3.5,1.21,78.75
Nifty 50,24-02-2026,22.25,3.46,1.23,76.985
Nifty 50,25-02-2026,22.3,3.46,1.22,77.158
Nifty 50,26-02-2026,22.31,3.47,1.22,77.4157
Nifty 50,27-02-2026,22.03,3.42,1.24,75.3426
Nifty 50,02-03-2026,21.76,3.38,1.25,73.5488
Nifty 50,04-03-2026,21.42,3.33,1.27,71.3286
Nifty 50,05-03-2026,21.67,3.37,1.26,73.0279
Nifty 50,06-03-2026,21.39,3.32,1.28,71.0148
Nifty 50,09-03-2026,21.02,3.27,1.3,68.7354
Nifty 50,10-03-2026,21.23,3.3,1.29,70.059
Nifty 50,11-03-2026,20.88,3.24,1.31,67.6512
Nifty 50,12-03-2026,20.68,3.21,1.32,66.3828
Nifty 50,13-03-2026,20.26,3.15,1.35,63.819
Nifty 50,16-03-2026,20.48,3.18,1.33,65.1264
Nifty 50,17-03-2026,20.63,3.2,1.32,66.016
Nifty 50,18-03-2026,20.81,3.23,1.31,67.2163
Nifty 50,19-03-2026,20.13,3.13,1.36,63.0069
Nifty 50,20-03-2026,20.23,3.14,1.35,63.5222
Nifty 50,23-03-2026,19.7,3.06,1.39,60.282
Nifty 50,24-03-2026,20.05,3.11,1.36,62.3555
Nifty 50,25-03-2026,20.39,3.17,1.34,64.6363
Nifty 50,27-03-2026,19.97,3.1,1.37,61.907
Nifty 50,30-03-2026,19.62,3.05,1.39,59.841
Nifty 50,01-04-2026,19.93,3.1,1.37,61.783
Nifty 50,02-04-2026,19.96,3.1,1.37,61.876
Nifty 50,06-04-2026,20.18,3.14,1.35,63.3652
Nifty 50,07-04-2026,20.32,3.16,1.34,64.2112
Nifty 50,08-04-2026,21.09,3.28,1.3,69.1752
Nifty 50,09-04-2026,20.89,3.25,1.31,67.8925
Nifty 50,10-04-2026,21.13,3.28,1.29,69.3064
Nifty 50,13-04-2026,20.93,3.26,1.3,68.2318
Nifty 50,15-04-2026,21.27,3.31,1.28,70.4037
Nifty 50,16-04-2026,21.24,3.3,1.28,70.092
Nifty 50,17-04-2026,21.38,3.33,1.28,71.1954
Nifty 50,20-04-2026,21.39,3.33,1.28,71.2287
Nifty 50,21-04-2026,21.45,3.36,1.26,72.072
Nifty 50,22-04-2026,21.28,3.33,1.27,70.8624
Nifty 50,23-04-2026,21.09,3.3,1.29,69.597
Nifty 50,24-04-2026,20.85,3.26,1.32,67.971
Nifty 50,27-04-2026,20.96,3.29,1.31,68.9584
Nifty 50,28-04-2026,20.87,3.28,1.3,68.4536
Nifty 50,29-04-2026,21.02,3.3,1.29,69.366
Nifty 50,30-04-2026,20.94,3.29,1.3,68.8926
Nifty 50,04-05-2026,21.03,3.3,1.29,69.399
Nifty 50,05-05-2026,20.95,3.29,1.3,68.9255
Nifty 50,06-05-2026,21.21,3.33,1.28,70.6293
Nifty 50,07-05-2026,21.16,3.33,1.28,70.4628
Nifty 50,08-05-2026,21,3.31,1.29,69.51
Nifty 50,11-05-2026,20.68,3.26,1.3,67.4168
Nifty 50,12-05-2026,20.3,3.2,1.33,64.96
Nifty 50,13-05-2026,20.33,3.21,1.33,65.2593
Nifty 50,14-05-2026,20.61,3.24,1.31,66.7764
Nifty 50,15-05-2026,20.59,3.24,1.38,66.7116
Nifty 50,18-05-2026,20.45,3.24,1.32,66.258
Nifty 50,19-05-2026,20.37,3.23,1.32,65.7951
Nifty 50,20-05-2026,20.41,3.24,1.32,66.1284
Nifty 50,21-05-2026,20.4,3.24,1.32,66.096
Nifty 50,22-05-2026,20.44,3.25,1.36,66.43
Nifty 50,25-05-2026,20.71,3.28,1.38,67.9288
Nifty 50,26-05-2026,20.6,3.26,1.38,67.156
Nifty 50,27-05-2026,20.58,3.26,1.38,67.0908
Nifty 50,29-05-2026,20.27,3.21,1.35,65.0667
Nifty 50,01-06-2026,20.07,3.14,1.27,63.0198
Nifty 50,02-06-2026,20.27,3.16,1.26,64.0532
Nifty 50,03-06-2026,20.2,3.14,1.23,63.428
Nifty 50,04-06-2026,20.21,3.11,1.19,62.8531
Nifty 50,05-06-2026,20.17,3.09,1.24,62.3253
Nifty 50,08-06-2026,19.96,3.05,1.22,60.878
Nifty 50,09-06-2026,20.06,3.07,1.22,61.5842
Nifty 50,10-06-2026,20.02,3.07,1.21,61.4614
Nifty 50,11-06-2026,19.98,3.05,1.21,60.939
Nifty 50,12-06-2026,20.37,3.11,1.23,63.3507
Nifty 50,15-06-2026,20.57,3.14,1.21,64.5898
Nifty 50,16-06-2026,20.69,3.16,1.2,65.3804
Nifty 50,17-06-2026,20.77,3.17,1.2,65.8409
Nifty 50,18-06-2026,20.85,3.18,1.19,66.303
Nifty 50,19-06-2026,20.71,3.16,1.39,65.4436
Nifty 50,22-06-2026,20.79,3.18,1.36,66.1122
Nifty 50,23-06-2026,20.55,3.14,1.39,64.527
Nifty 50,24-06-2026,20.72,3.17,1.37,65.6824
Nifty 50,25-06-2026,20.75,3.17,1.37,65.7775
Nifty 50,29-06-2026,20.65,3.13,1.22,64.6345
Nifty 50,30-06-2026,20.58,3.12,1.24,64.2096
Nifty 50,01-07-2026,20.7,3.13,1.23,64.791
NIFTY 50,02-07-2026,20.85,3.16,1.22,65.886
NIFTY 50,03-07-2026,20.92,3.17,1.25,66.3164
NIFTY 50,06-07-2026,21.06,3.19,1.2,67.1814
NIFTY 50,07-07-2026,21.03,3.18,1.21,66.8754
NIFTY 50,08-07-2026,20.59,3.11,1.23,64.0349
NIFTY 50,09-07-2026,20.66,3.13,1.23,64.6658
NIFTY 50,10-07-2026,20.87,3.15,1.23,65.7405
NIFTY 50,13-07-2026,20.87,3.13,1.23,65.3231
NIFTY 50,14-07-2026,20.73,3.1,1.24,64.263
NIFTY 50,15-07-2026,20.75,3.1,1.25,64.325
NIFTY 50,16-07-2026,20.73,3.1,1.24,64.263
NIFTY 50,17-07-2026,20.96,3.13,1.24,65.6048
NIFTY 50,20-07-2026,20.86,3.04,1.19,63.4144
NIFTY 50,21-07-2026,20.65,3.04,1.19,62.776
NIFTY 50,22-07-2026,20.48,2.99,1.2,61.2352
NIFTY 50,23-07-2026,20.35,2.98,1.21,60.643
NIFTY 50,24-07-2026,20.29,2.97,1.28,60.2613
NIFTY 50,27-07-2026,20.52,2.95,1.23,60.534
NIFTY 50,28-07-2026,20.46,2.95,1.22,60.357
NIFTY 50,29-07-2026,20.69,2.98,1.2,61.6562
NIFTY 50,30-07-2026,20.72,2.99,1.2,61.9528
NIFTY 50,31-07-2026,20.78,2.99,1.22,62.1322
Nifty 50,31-07-2026,20.78,2.99,1.22,62.1322
Nifty 50,03-08-2026,21.03,3.04,1.25,63.9312
Nifty 50,04-08-2026,20.90,3.02,1.26,63.1180
Nifty 50,05-08-2026,20.91,3.02,1.26,63.1482
Nifty 50,07-08-2026,20.87,3.01,1.27,62.8187
Nifty 50,10-08-2026,20.88,3.01,1.26,62.8488
