Index Name,DATE,pe,pb,divYield,pe*pb
Nifty Bank,15-09-2003,6.57,1.38,3.25,9.0666
Nifty Bank,16-09-2003,6.75,1.42,3.16,9.585
Nifty Bank,17-09-2003,6.66,1.4,3.2,9.324
Nifty Bank,18-09-2003,6.37,1.34,3.35,8.5358
Nifty Bank,19-09-2003,6.41,1.35,3.33,8.6535
Nifty Bank,22-09-2003,6.3,1.32,3.39,8.316
Nifty Bank,23-09-2003,6.45,1.35,3.31,8.7075
Nifty Bank,24-09-2003,6.62,1.39,3.23,9.2018
Nifty Bank,25-09-2003,6.52,1.37,3.28,8.9324
Nifty Bank,26-09-2003,6.79,1.42,3.15,9.6418
Nifty Bank,29-09-2003,6.92,1.45,3.09,10.034
Nifty Bank,30-09-2003,7.09,1.49,3.01,10.5641
Nifty Bank,01-10-2003,7.06,1.48,3.02,10.4488
Nifty Bank,03-10-2003,7.22,1.52,2.96,10.9744
Nifty Bank,06-10-2003,7.41,1.55,2.88,11.4855
Nifty Bank,07-10-2003,7.4,1.55,2.89,11.47
Nifty Bank,08-10-2003,7.57,1.59,2.82,12.0363
Nifty Bank,09-10-2003,7.71,1.62,2.77,12.4902
Nifty Bank,10-10-2003,7.62,1.6,2.8,12.192
Nifty Bank,13-10-2003,7.8,1.64,2.74,12.792
Nifty Bank,14-10-2003,7.66,1.61,2.79,12.3326
Nifty Bank,15-10-2003,7.82,1.64,2.73,12.8248
Nifty Bank,16-10-2003,8.12,1.7,2.63,13.804
Nifty Bank,17-10-2003,8.04,1.69,2.66,13.5876
Nifty Bank,20-10-2003,7.9,1.66,2.7,13.114
Nifty Bank,21-10-2003,7.71,1.62,2.77,12.4902
Nifty Bank,22-10-2003,7.69,1.61,2.78,12.3809
Nifty Bank,23-10-2003,7.64,1.6,2.79,12.224
Nifty Bank,24-10-2003,7.85,1.65,2.72,12.9525
Nifty Bank,25-10-2003,7.94,1.67,2.69,13.2598
Nifty Bank,27-10-2003,7.74,1.63,2.76,12.6162
Nifty Bank,28-10-2003,7.65,1.61,2.79,12.3165
Nifty Bank,29-10-2003,7.76,1.63,2.75,12.6488
Nifty Bank,30-10-2003,7.84,1.65,2.72,12.936
Nifty Bank,31-10-2003,8.01,1.68,2.66,13.4568
Nifty Bank,03-11-2003,7.94,1.67,2.69,13.2598
Nifty Bank,04-11-2003,8.03,1.68,2.66,13.4904
Nifty Bank,05-11-2003,7.88,1.65,2.71,13.002
Nifty Bank,06-11-2003,7.85,1.65,2.72,12.9525
Nifty Bank,07-11-2003,7.81,1.64,2.73,12.8084
Nifty Bank,10-11-2003,7.76,1.63,2.75,12.6488
Nifty Bank,11-11-2003,7.84,1.64,2.72,12.8576
Nifty Bank,12-11-2003,7.88,1.65,2.71,13.002
Nifty Bank,13-11-2003,7.75,1.63,2.75,12.6325
Nifty Bank,14-11-2003,7.59,1.59,2.81,12.0681
Nifty Bank,15-11-2003,7.63,1.6,2.8,12.208
Nifty Bank,17-11-2003,7.7,1.62,2.77,12.474
Nifty Bank,18-11-2003,7.58,1.59,2.81,12.0522
Nifty Bank,19-11-2003,7.43,1.56,2.87,11.5908
Nifty Bank,20-11-2003,7.3,1.53,2.93,11.169
Nifty Bank,21-11-2003,7.31,1.53,2.92,11.1843
Nifty Bank,24-11-2003,7.36,1.55,2.9,11.408
Nifty Bank,25-11-2003,7.47,1.57,2.86,11.7279
Nifty Bank,27-11-2003,7.62,1.6,2.8,12.192
Nifty Bank,28-11-2003,7.7,1.62,2.77,12.474
Nifty Bank,01-12-2003,7.74,1.62,2.76,12.5388
Nifty Bank,02-12-2003,7.87,1.65,2.71,12.9855
Nifty Bank,03-12-2003,8.04,1.69,2.65,13.5876
Nifty Bank,04-12-2003,7.93,1.66,2.69,13.1638
Nifty Bank,05-12-2003,7.75,1.63,2.76,12.6325
Nifty Bank,08-12-2003,7.71,1.62,2.77,12.4902
Nifty Bank,09-12-2003,7.84,1.64,2.72,12.8576
Nifty Bank,10-12-2003,7.87,1.65,2.71,12.9855
Nifty Bank,11-12-2003,8.06,1.69,2.65,13.6214
Nifty Bank,12-12-2003,8.12,1.7,2.63,13.804
Nifty Bank,15-12-2003,8.13,1.71,2.63,13.9023
Nifty Bank,16-12-2003,8.11,1.7,2.63,13.787
Nifty Bank,17-12-2003,8.05,1.69,2.65,13.6045
Nifty Bank,18-12-2003,8.07,1.69,2.64,13.6383
Nifty Bank,19-12-2003,8.19,1.72,2.61,14.0868
Nifty Bank,22-12-2003,8.48,1.78,2.52,15.0944
Nifty Bank,23-12-2003,8.48,1.78,2.52,15.0944
Nifty Bank,24-12-2003,8.58,1.8,2.49,15.444
Nifty Bank,26-12-2003,8.77,1.84,2.44,16.1368
Nifty Bank,29-12-2003,9.07,1.9,2.35,17.233
Nifty Bank,30-12-2003,8.97,1.88,2.38,16.8636
Nifty Bank,31-12-2003,9.05,1.9,2.36,17.195
Nifty Bank,01-01-2004,9.32,1.96,2.29,18.2672
Nifty Bank,02-01-2004,9.38,1.97,2.28,18.4786
Nifty Bank,05-01-2004,9.6,2.01,2.22,19.296
Nifty Bank,06-01-2004,9.54,2,2.24,19.08
Nifty Bank,07-01-2004,9.39,1.97,2.27,18.4983
Nifty Bank,08-01-2004,9.69,2.03,2.2,19.6707
Nifty Bank,09-01-2004,9.93,2.08,2.15,20.6544
Nifty Bank,12-01-2004,10.04,2.11,2.13,21.1844
Nifty Bank,13-01-2004,10.16,2.13,2.1,21.6408
Nifty Bank,14-01-2004,10.39,2.18,2.05,22.6502
Nifty Bank,15-01-2004,10.25,2.15,2.08,22.0375
Nifty Bank,16-01-2004,9.82,2.06,2.17,20.2292
Nifty Bank,19-01-2004,10.07,2.11,2.12,21.2477
Nifty Bank,20-01-2004,9.73,2.04,2.19,19.8492
Nifty Bank,21-01-2004,9.23,1.94,2.31,17.9062
Nifty Bank,22-01-2004,9.12,1.91,2.34,17.4192
Nifty Bank,23-01-2004,9.59,2.01,2.23,19.2759
Nifty Bank,27-01-2004,9.96,2.09,2.14,20.8164
Nifty Bank,28-01-2004,9.71,2.04,2.2,19.8084
Nifty Bank,29-01-2004,9.55,2.01,2.23,19.1955
Nifty Bank,30-01-2004,9.23,1.94,2.31,17.9062
Nifty Bank,03-02-2004,8.8,1.85,2.43,16.28
Nifty Bank,04-02-2004,9.12,1.91,2.34,17.4192
Nifty Bank,05-02-2004,9.15,1.92,2.33,17.568
Nifty Bank,06-02-2004,9.45,1.98,2.26,18.711
Nifty Bank,09-02-2004,9.87,2.07,2.16,20.4309
Nifty Bank,10-02-2004,9.9,2.08,2.16,20.592
Nifty Bank,11-02-2004,9.9,2.08,2.16,20.592
Nifty Bank,12-02-2004,9.78,2.05,2.18,20.049
Nifty Bank,13-02-2004,9.85,2.07,2.17,20.3895
Nifty Bank,16-02-2004,9.82,2.06,2.17,20.2292
Nifty Bank,17-02-2004,9.93,2.08,2.15,20.6544
Nifty Bank,18-02-2004,9.87,2.07,2.16,20.4309
Nifty Bank,19-02-2004,9.57,2.01,2.23,19.2357
Nifty Bank,20-02-2004,9.42,1.98,2.27,18.6516
Nifty Bank,23-02-2004,9.14,1.92,2.34,17.5488
Nifty Bank,24-02-2004,9.26,1.94,2.31,17.9644
Nifty Bank,25-02-2004,9.12,1.91,2.34,17.4192
Nifty Bank,26-02-2004,8.96,1.88,2.38,16.8448
Nifty Bank,27-02-2004,9.11,1.91,2.34,17.4001
Nifty Bank,01-03-2004,9.36,1.97,2.28,18.4392
Nifty Bank,03-03-2004,9.37,1.97,2.28,18.4589
Nifty Bank,04-03-2004,9.44,1.98,2.26,18.6912
Nifty Bank,05-03-2004,9.55,2,2.24,19.1
Nifty Bank,08-03-2004,9.82,2.06,2.17,20.2292
Nifty Bank,09-03-2004,9.82,2.06,2.17,20.2292
Nifty Bank,10-03-2004,9.55,2,2.24,19.1
Nifty Bank,11-03-2004,9.34,1.96,2.28,18.3064
Nifty Bank,12-03-2004,9.34,1.96,2.29,18.3064
Nifty Bank,15-03-2004,9.09,1.91,2.35,17.3619
Nifty Bank,16-03-2004,9.04,1.9,2.36,17.176
Nifty Bank,17-03-2004,9.22,1.93,2.32,17.7946
Nifty Bank,18-03-2004,9.03,1.9,2.36,17.157
Nifty Bank,19-03-2004,9.09,1.91,2.35,17.3619
Nifty Bank,22-03-2004,8.86,1.86,2.41,16.4796
Nifty Bank,23-03-2004,8.82,1.85,2.42,16.317
Nifty Bank,24-03-2004,8.85,1.86,2.41,16.461
Nifty Bank,25-03-2004,9.04,1.9,2.36,17.176
Nifty Bank,26-03-2004,9.53,2,2.24,19.06
Nifty Bank,29-03-2004,9.79,2.06,2.18,20.1674
Nifty Bank,30-03-2004,9.73,2.04,2.19,19.8492
Nifty Bank,31-03-2004,9.84,2.07,2.17,20.3688
Nifty Bank,01-04-2004,10.04,2.11,2.13,21.1844
Nifty Bank,02-04-2004,10.18,2.14,2.1,21.7852
Nifty Bank,05-04-2004,10.08,2.12,2.12,21.3696
Nifty Bank,06-04-2004,10.12,2.12,2.11,21.4544
Nifty Bank,07-04-2004,10.12,2.13,2.11,21.5556
Nifty Bank,08-04-2004,10.18,2.14,2.1,21.7852
Nifty Bank,12-04-2004,10.12,2.12,2.11,21.4544
Nifty Bank,13-04-2004,10.38,2.18,2.06,22.6284
Nifty Bank,15-04-2004,10.46,2.19,2.04,22.9074
Nifty Bank,16-04-2004,10.58,2.22,2.02,23.4876
Nifty Bank,17-04-2004,10.65,2.24,2,23.856
Nifty Bank,19-04-2004,10.59,2.22,2.02,23.5098
Nifty Bank,20-04-2004,10.58,2.22,2.02,23.4876
Nifty Bank,21-04-2004,10.7,2.25,2,24.075
Nifty Bank,22-04-2004,10.92,2.29,1.95,25.0068
Nifty Bank,23-04-2004,11.43,2.4,1.87,27.432
Nifty Bank,27-04-2004,10.92,2.29,1.95,25.0068
Nifty Bank,28-04-2004,11.08,2.32,1.93,25.7056
Nifty Bank,29-04-2004,11.08,2.33,1.93,25.8164
Nifty Bank,30-04-2004,10.99,2.31,1.94,25.3869
Nifty Bank,03-05-2004,10.72,2.25,1.99,24.12
Nifty Bank,04-05-2004,10.97,2.3,1.95,25.231
Nifty Bank,05-05-2004,10.92,2.29,1.96,25.0068
Nifty Bank,06-05-2004,11.18,2.35,1.91,26.273
Nifty Bank,07-05-2004,11.08,2.33,1.93,25.8164
Nifty Bank,10-05-2004,10.85,2.28,1.97,24.738
Nifty Bank,11-05-2004,10.35,2.17,2.06,22.4595
Nifty Bank,12-05-2004,10.34,2.17,2.06,22.4378
Nifty Bank,13-05-2004,10.13,2.13,2.11,21.5769
Nifty Bank,14-05-2004,8.82,1.85,2.42,16.317
Nifty Bank,17-05-2004,7.58,1.59,2.82,12.0522
Nifty Bank,18-05-2004,8.5,1.78,2.51,15.13
Nifty Bank,19-05-2004,9.13,1.92,2.34,17.5296
Nifty Bank,20-05-2004,9.06,1.9,2.36,17.214
Nifty Bank,21-05-2004,9.05,1.9,2.36,17.195
Nifty Bank,24-05-2004,9.16,1.92,2.33,17.5872
Nifty Bank,25-05-2004,9.13,1.92,2.34,17.5296
Nifty Bank,26-05-2004,9.12,1.92,2.34,17.5104
Nifty Bank,27-05-2004,9.1,1.91,2.35,17.381
Nifty Bank,28-05-2004,8.48,1.78,2.52,15.0944
Nifty Bank,31-05-2004,8.08,1.7,2.64,13.736
Nifty Bank,01-06-2004,8.21,1.72,2.6,14.1212
Nifty Bank,02-06-2004,8.56,1.8,2.49,15.408
Nifty Bank,03-06-2004,7.73,1.67,2.7,12.9091
Nifty Bank,04-06-2004,7.91,1.71,2.64,13.5261
Nifty Bank,07-06-2004,7.98,1.73,2.61,13.8054
Nifty Bank,08-06-2004,7.98,1.73,2.61,13.8054
Nifty Bank,09-06-2004,8,1.73,2.61,13.84
Nifty Bank,10-06-2004,7.89,1.71,2.64,13.4919
Nifty Bank,11-06-2004,7.61,1.65,2.74,12.5565
Nifty Bank,14-06-2004,7.32,1.58,2.85,11.5656
Nifty Bank,15-06-2004,7.46,1.62,2.8,12.0852
Nifty Bank,16-06-2004,7.47,1.62,2.79,12.1014
Nifty Bank,17-06-2004,7.62,1.65,2.74,12.573
Nifty Bank,18-06-2004,7.53,1.63,2.77,12.2739
Nifty Bank,21-06-2004,7.36,1.59,2.84,11.7024
Nifty Bank,22-06-2004,7.31,1.58,2.86,11.5498
Nifty Bank,23-06-2004,7.18,1.55,2.91,11.129
Nifty Bank,24-06-2004,7.34,1.59,2.84,11.6706
Nifty Bank,25-06-2004,7.26,1.57,2.88,11.3982
Nifty Bank,28-06-2004,7.43,1.61,2.81,11.9623
Nifty Bank,29-06-2004,7.39,1.6,2.82,11.824
Nifty Bank,30-06-2004,7.36,1.59,2.84,11.7024
Nifty Bank,01-07-2004,7.52,1.63,2.77,12.2576
Nifty Bank,02-07-2004,7.45,1.61,2.8,11.9945
Nifty Bank,05-07-2004,7.22,1.56,2.89,11.2632
Nifty Bank,06-07-2004,7.35,1.59,2.84,11.6865
Nifty Bank,07-07-2004,7.35,1.59,2.84,11.6865
Nifty Bank,08-07-2004,7.05,1.53,2.96,10.7865
Nifty Bank,09-07-2004,7.18,1.55,2.91,11.129
Nifty Bank,12-07-2004,7.24,1.57,2.88,11.3668
Nifty Bank,13-07-2004,7.18,1.56,2.9,11.2008
Nifty Bank,14-07-2004,7.2,1.56,2.9,11.232
Nifty Bank,15-07-2004,7.23,1.57,2.88,11.3511
Nifty Bank,16-07-2004,7.39,1.6,2.82,11.824
Nifty Bank,19-07-2004,7.48,1.62,2.79,12.1176
Nifty Bank,20-07-2004,7.51,1.62,2.78,12.1662
Nifty Bank,21-07-2004,7.59,1.64,2.75,12.4476
Nifty Bank,22-07-2004,7.81,1.69,2.67,13.1989
Nifty Bank,23-07-2004,7.82,1.69,2.67,13.2158
Nifty Bank,26-07-2004,7.86,1.7,2.65,13.362
Nifty Bank,27-07-2004,7.6,1.64,2.75,12.464
Nifty Bank,28-07-2004,7.47,1.62,2.79,12.1014
Nifty Bank,29-07-2004,7.64,1.65,2.73,12.606
Nifty Bank,30-07-2004,7.61,1.65,2.74,12.5565
Nifty Bank,02-08-2004,6.9,1.48,2.79,10.212
Nifty Bank,03-08-2004,6.86,1.47,2.8,10.0842
Nifty Bank,04-08-2004,6.81,1.46,2.82,9.9426
Nifty Bank,05-08-2004,7,1.5,2.75,10.5
Nifty Bank,06-08-2004,6.9,1.48,2.79,10.212
Nifty Bank,09-08-2004,7.02,1.5,2.74,10.53
Nifty Bank,10-08-2004,7.02,1.5,2.74,10.53
Nifty Bank,11-08-2004,6.92,1.48,2.78,10.2416
Nifty Bank,12-08-2004,6.86,1.47,2.8,10.0842
Nifty Bank,13-08-2004,6.83,1.46,2.82,9.9718
Nifty Bank,16-08-2004,6.79,1.45,2.83,9.8455
Nifty Bank,17-08-2004,6.81,1.46,2.83,9.9426
Nifty Bank,18-08-2004,6.74,1.44,2.85,9.7056
Nifty Bank,19-08-2004,6.73,1.44,2.86,9.6912
Nifty Bank,20-08-2004,6.65,1.42,2.89,9.443
Nifty Bank,23-08-2004,6.55,1.4,2.94,9.17
Nifty Bank,24-08-2004,6.57,1.41,2.93,9.2637
Nifty Bank,25-08-2004,6.67,1.43,2.88,9.5381
Nifty Bank,26-08-2004,6.81,1.46,2.82,9.9426
Nifty Bank,27-08-2004,6.78,1.45,2.84,9.831
Nifty Bank,30-08-2004,6.91,1.48,2.79,10.2268
Nifty Bank,31-08-2004,6.9,1.47,2.79,10.143
Nifty Bank,01-09-2004,7,1.5,2.75,10.5
Nifty Bank,02-09-2004,6.95,1.49,2.77,10.3555
Nifty Bank,03-09-2004,7.07,1.51,2.72,10.6757
Nifty Bank,06-09-2004,7.1,1.52,2.71,10.792
Nifty Bank,07-09-2004,7.16,1.53,2.69,10.9548
Nifty Bank,08-09-2004,7.19,1.54,2.68,11.0726
Nifty Bank,09-09-2004,7.1,1.52,2.71,10.792
Nifty Bank,10-09-2004,7.16,1.53,2.69,10.9548
Nifty Bank,13-09-2004,7.06,1.51,2.72,10.6606
Nifty Bank,14-09-2004,7.09,1.52,2.71,10.7768
Nifty Bank,15-09-2004,7.07,1.51,2.72,10.6757
Nifty Bank,16-09-2004,7.17,1.53,2.68,10.9701
Nifty Bank,17-09-2004,7.35,1.57,2.62,11.5395
Nifty Bank,20-09-2004,7.36,1.57,2.61,11.5552
Nifty Bank,21-09-2004,7.47,1.6,2.57,11.952
Nifty Bank,22-09-2004,7.68,1.64,2.5,12.5952
Nifty Bank,23-09-2004,7.52,1.61,2.56,12.1072
Nifty Bank,24-09-2004,7.49,1.6,2.57,11.984
Nifty Bank,27-09-2004,7.42,1.59,2.59,11.7978
Nifty Bank,28-09-2004,7.36,1.57,2.61,11.5552
Nifty Bank,29-09-2004,7.38,1.58,2.6,11.6604
Nifty Bank,30-09-2004,7.37,1.58,2.61,11.6446
Nifty Bank,01-10-2004,7.48,1.6,2.88,11.968
Nifty Bank,04-10-2004,7.53,1.61,2.86,12.1233
Nifty Bank,05-10-2004,7.72,1.65,2.79,12.738
Nifty Bank,06-10-2004,7.59,1.62,2.83,12.2958
Nifty Bank,07-10-2004,7.62,1.63,2.82,12.4206
Nifty Bank,08-10-2004,7.63,1.63,2.82,12.4369
Nifty Bank,09-10-2004,7.59,1.62,2.84,12.2958
Nifty Bank,11-10-2004,7.52,1.61,2.86,12.1072
Nifty Bank,12-10-2004,7.4,1.58,2.91,11.692
Nifty Bank,14-10-2004,7.35,1.57,2.93,11.5395
Nifty Bank,15-10-2004,7.33,1.57,2.94,11.5081
Nifty Bank,18-10-2004,7.34,1.57,2.93,11.5238
Nifty Bank,19-10-2004,7.39,1.58,2.91,11.6762
Nifty Bank,20-10-2004,7.31,1.56,2.94,11.4036
Nifty Bank,21-10-2004,7.31,1.56,2.95,11.4036
Nifty Bank,25-10-2004,7.11,1.52,3.03,10.8072
Nifty Bank,26-10-2004,7.22,1.54,2.98,11.1188
Nifty Bank,27-10-2004,7.22,1.54,2.98,11.1188
Nifty Bank,28-10-2004,7.21,1.54,2.99,11.1034
Nifty Bank,29-10-2004,7.26,1.55,2.97,11.253
Nifty Bank,01-11-2004,7.37,1.58,2.92,11.6446
Nifty Bank,02-11-2004,7.43,1.59,2.9,11.8137
Nifty Bank,03-11-2004,7.69,1.65,2.8,12.6885
Nifty Bank,04-11-2004,7.69,1.64,2.8,12.6116
Nifty Bank,05-11-2004,7.86,1.68,2.74,13.2048
Nifty Bank,08-11-2004,7.85,1.68,2.74,13.188
Nifty Bank,09-11-2004,7.8,1.67,2.76,13.026
Nifty Bank,10-11-2004,7.86,1.68,2.74,13.2048
Nifty Bank,11-11-2004,7.82,1.67,2.75,13.0594
Nifty Bank,12-11-2004,7.82,1.67,2.75,13.0594
Nifty Bank,16-11-2004,8.05,1.72,2.67,13.846
Nifty Bank,17-11-2004,8.32,1.78,2.59,14.8096
Nifty Bank,18-11-2004,8.45,1.81,2.55,15.2945
Nifty Bank,19-11-2004,8.38,1.79,2.57,15.0002
Nifty Bank,22-11-2004,8.37,1.79,2.57,14.9823
Nifty Bank,23-11-2004,8.44,1.8,2.55,15.192
Nifty Bank,24-11-2004,8.47,1.81,2.54,15.3307
Nifty Bank,25-11-2004,8.49,1.82,2.53,15.4518
Nifty Bank,29-11-2004,8.71,1.86,2.47,16.2006
Nifty Bank,30-11-2004,8.82,1.89,2.44,16.6698
Nifty Bank,01-12-2004,8.98,1.92,2.14,17.2416
Nifty Bank,02-12-2004,9.43,2.02,2.04,19.0486
Nifty Bank,03-12-2004,9.48,2.03,2.03,19.2444
Nifty Bank,06-12-2004,9.44,2.02,2.04,19.0688
Nifty Bank,07-12-2004,9.42,2.01,2.04,18.9342
Nifty Bank,08-12-2004,9.45,2.02,2.03,19.089
Nifty Bank,09-12-2004,9.58,2.05,2.01,19.639
Nifty Bank,10-12-2004,9.43,2.02,2.04,19.0486
Nifty Bank,13-12-2004,9.44,2.02,2.04,19.0688
Nifty Bank,14-12-2004,9.55,2.04,2.01,19.482
Nifty Bank,15-12-2004,9.54,2.04,2.02,19.4616
Nifty Bank,16-12-2004,9.51,2.03,2.02,19.3053
Nifty Bank,17-12-2004,9.4,2.01,2.05,18.894
Nifty Bank,20-12-2004,9.51,2.03,2.02,19.3053
Nifty Bank,21-12-2004,9.7,2.07,1.98,20.079
Nifty Bank,22-12-2004,9.65,2.06,1.99,19.879
Nifty Bank,23-12-2004,9.93,2.12,1.94,21.0516
Nifty Bank,24-12-2004,9.92,2.12,1.94,21.0304
Nifty Bank,27-12-2004,9.98,2.13,1.93,21.2574
Nifty Bank,28-12-2004,10.05,2.15,1.91,21.6075
Nifty Bank,29-12-2004,10.05,2.15,1.91,21.6075
Nifty Bank,30-12-2004,10.05,2.15,1.91,21.6075
Nifty Bank,31-12-2004,10.32,2.21,1.86,22.8072
Nifty Bank,03-01-2005,10.42,2.23,1.85,23.2366
Nifty Bank,04-01-2005,10.5,2.25,1.83,23.625
Nifty Bank,05-01-2005,10.03,2.14,1.92,21.4642
Nifty Bank,06-01-2005,9.77,2.09,1.97,20.4193
Nifty Bank,07-01-2005,9.85,2.11,1.95,20.7835
Nifty Bank,10-01-2005,9.63,2.06,2,19.8378
Nifty Bank,11-01-2005,9.41,2.01,2.04,18.9141
Nifty Bank,12-01-2005,9.1,1.95,2.11,17.745
Nifty Bank,13-01-2005,9.55,2.04,2.01,19.482
Nifty Bank,14-01-2005,9.44,2.02,2.04,19.0688
Nifty Bank,17-01-2005,9.62,2.06,2,19.8172
Nifty Bank,18-01-2005,9.57,2.05,2.01,19.6185
Nifty Bank,19-01-2005,9.5,2.03,2.02,19.285
Nifty Bank,20-01-2005,9.39,2.01,2.05,18.8739
Nifty Bank,24-01-2005,9.19,1.97,2.09,18.1043
Nifty Bank,25-01-2005,9.43,2.02,2.04,19.0486
Nifty Bank,27-01-2005,9.44,2.02,2.04,19.0688
Nifty Bank,28-01-2005,9.81,2.1,1.96,20.601
Nifty Bank,31-01-2005,10.12,2.16,1.9,21.8592
Nifty Bank,01-02-2005,10.06,2.15,1.91,21.629
Nifty Bank,02-02-2005,10.16,2.17,1.89,22.0472
Nifty Bank,03-02-2005,10.32,2.21,1.86,22.8072
Nifty Bank,04-02-2005,10.2,2.18,1.89,22.236
Nifty Bank,07-02-2005,10.09,2.16,1.91,21.7944
Nifty Bank,08-02-2005,10.08,2.16,1.91,21.7728
Nifty Bank,09-02-2005,10.3,2.2,1.87,22.66
Nifty Bank,10-02-2005,10.33,2.21,1.86,22.8293
Nifty Bank,11-02-2005,10.34,2.21,1.86,22.8514
Nifty Bank,14-02-2005,10.41,2.23,1.85,23.2143
Nifty Bank,15-02-2005,10.36,2.22,1.86,22.9992
Nifty Bank,16-02-2005,10.29,2.2,1.87,22.638
Nifty Bank,17-02-2005,10.26,2.2,1.87,22.572
Nifty Bank,18-02-2005,10.28,2.2,1.87,22.616
Nifty Bank,21-02-2005,10.22,2.19,1.88,22.3818
Nifty Bank,22-02-2005,10.43,2.23,1.84,23.2589
Nifty Bank,23-02-2005,10.4,2.22,1.85,23.088
Nifty Bank,24-02-2005,10.45,2.24,1.84,23.408
Nifty Bank,25-02-2005,10.41,2.23,1.85,23.2143
Nifty Bank,28-02-2005,10.85,2.32,1.77,25.172
Nifty Bank,01-03-2005,10.7,2.29,1.8,24.503
Nifty Bank,02-03-2005,10.94,2.34,1.76,25.5996
Nifty Bank,03-03-2005,11.04,2.36,1.74,26.0544
Nifty Bank,04-03-2005,11.12,2.38,1.73,26.4656
Nifty Bank,07-03-2005,11.5,2.46,1.67,28.29
Nifty Bank,08-03-2005,11.56,2.47,1.66,28.5532
Nifty Bank,09-03-2005,11.45,2.45,1.68,28.0525
Nifty Bank,10-03-2005,11.6,2.48,1.66,28.768
Nifty Bank,11-03-2005,11.54,2.47,1.67,28.5038
Nifty Bank,14-03-2005,11.43,2.44,1.68,27.8892
Nifty Bank,15-03-2005,11.31,2.42,1.7,27.3702
Nifty Bank,16-03-2005,11.39,2.44,1.69,27.7916
Nifty Bank,17-03-2005,11.2,2.39,1.72,26.768
Nifty Bank,18-03-2005,11.21,2.4,1.72,26.904
Nifty Bank,21-03-2005,11.16,2.39,1.72,26.6724
Nifty Bank,22-03-2005,10.75,2.3,1.79,24.725
Nifty Bank,23-03-2005,10.34,2.21,1.86,22.8514
Nifty Bank,24-03-2005,10.33,2.21,1.86,22.8293
Nifty Bank,28-03-2005,10.73,2.3,1.79,24.679
Nifty Bank,29-03-2005,10.43,2.23,1.84,23.2589
Nifty Bank,30-03-2005,10.66,2.28,1.8,24.3048
Nifty Bank,31-03-2005,10.79,2.31,1.78,24.9249
Nifty Bank,01-04-2005,11.02,2.36,1.75,26.0072
Nifty Bank,04-04-2005,11.06,2.37,1.74,26.2122
Nifty Bank,05-04-2005,10.78,2.31,1.78,24.9018
Nifty Bank,06-04-2005,10.81,2.31,1.78,24.9711
Nifty Bank,07-04-2005,10.78,2.31,1.78,24.9018
Nifty Bank,08-04-2005,10.65,2.28,1.81,24.282
Nifty Bank,11-04-2005,10.55,2.26,1.82,23.843
Nifty Bank,12-04-2005,10.69,2.29,1.8,24.4801
Nifty Bank,13-04-2005,10.7,2.29,1.8,24.503
Nifty Bank,15-04-2005,10.37,2.22,1.85,23.0214
Nifty Bank,18-04-2005,10.2,2.18,1.89,22.236
Nifty Bank,19-04-2005,10.09,2.16,1.91,21.7944
Nifty Bank,20-04-2005,10.11,2.16,1.9,21.8376
Nifty Bank,21-04-2005,10.25,2.19,1.88,22.4475
Nifty Bank,22-04-2005,10.25,2.19,1.88,22.4475
Nifty Bank,25-04-2005,10.35,2.21,1.86,22.8735
Nifty Bank,26-04-2005,10.33,2.21,1.86,22.8293
Nifty Bank,27-04-2005,10.16,2.17,1.89,22.0472
Nifty Bank,28-04-2005,9.91,2.12,1.94,21.0092
Nifty Bank,29-04-2005,9.57,2.05,2.01,19.6185
Nifty Bank,02-05-2005,9.62,2.06,2,19.8172
Nifty Bank,03-05-2005,9.71,2.08,1.98,20.1968
Nifty Bank,04-05-2005,9.88,2.11,1.95,20.8468
Nifty Bank,05-05-2005,10.16,2.17,1.89,22.0472
Nifty Bank,06-05-2005,10.11,2.16,1.9,21.8376
Nifty Bank,09-05-2005,10.22,2.19,1.88,22.3818
Nifty Bank,10-05-2005,10.29,2.2,1.87,22.638
Nifty Bank,11-05-2005,10.19,2.18,1.89,22.2142
Nifty Bank,12-05-2005,10.2,2.18,1.89,22.236
Nifty Bank,13-05-2005,10.21,2.18,1.88,22.2578
Nifty Bank,16-05-2005,10.49,2.24,1.83,23.4976
Nifty Bank,17-05-2005,10.39,2.22,1.85,23.0658
Nifty Bank,18-05-2005,10.4,2.22,1.85,23.088
Nifty Bank,19-05-2005,10.47,2.24,1.84,23.4528
Nifty Bank,20-05-2005,10.49,2.24,1.83,23.4976
Nifty Bank,23-05-2005,10.59,2.27,1.82,24.0393
Nifty Bank,24-05-2005,10.65,2.28,1.81,24.282
Nifty Bank,25-05-2005,10.69,2.29,1.8,24.4801
Nifty Bank,26-05-2005,10.7,2.29,1.8,24.503
Nifty Bank,27-05-2005,10.67,2.28,1.8,24.3276
Nifty Bank,30-05-2005,10.54,2.25,1.82,23.715
Nifty Bank,31-05-2005,10.63,2.27,1.81,24.1301
Nifty Bank,01-06-2005,10.59,2.27,1.82,24.0393
Nifty Bank,02-06-2005,10.5,2.25,1.83,23.625
Nifty Bank,03-06-2005,10.63,2.27,1.81,24.1301
Nifty Bank,04-06-2005,10.64,2.28,1.81,24.2592
Nifty Bank,06-06-2005,11.17,2.23,1.74,24.9091
Nifty Bank,07-06-2005,11.48,2.3,1.69,26.404
Nifty Bank,08-06-2005,11.61,2.32,1.67,26.9352
Nifty Bank,09-06-2005,11.53,2.31,1.68,26.6343
Nifty Bank,10-06-2005,11.4,2.28,1.7,25.992
Nifty Bank,13-06-2005,11.56,2.31,1.68,26.7036
Nifty Bank,14-06-2005,11.7,2.34,1.66,27.378
Nifty Bank,15-06-2005,11.69,2.34,1.66,27.3546
Nifty Bank,16-06-2005,11.48,2.3,1.69,26.404
Nifty Bank,17-06-2005,11.41,2.28,1.7,26.0148
Nifty Bank,20-06-2005,11.2,2.24,1.73,25.088
Nifty Bank,21-06-2005,11.35,2.27,1.71,25.7645
Nifty Bank,22-06-2005,11.3,2.26,1.72,25.538
Nifty Bank,23-06-2005,11.45,2.29,1.69,26.2205
Nifty Bank,24-06-2005,11.42,2.28,1.7,26.0376
Nifty Bank,27-06-2005,11.41,2.28,1.7,26.0148
Nifty Bank,28-06-2005,11.29,2.26,1.72,25.5154
Nifty Bank,29-06-2005,11.38,2.28,1.71,25.9464
Nifty Bank,30-06-2005,11.54,2.31,1.68,26.6574
Nifty Bank,01-07-2005,11.34,2.06,1.72,23.3604
Nifty Bank,04-07-2005,11.47,2.09,1.7,23.9723
Nifty Bank,05-07-2005,11.41,2.08,1.71,23.7328
Nifty Bank,06-07-2005,11.59,2.11,1.69,24.4549
Nifty Bank,07-07-2005,11.47,2.09,1.7,23.9723
Nifty Bank,08-07-2005,11.63,2.12,1.68,24.6556
Nifty Bank,11-07-2005,11.85,2.16,1.65,25.596
Nifty Bank,12-07-2005,12,2.18,1.63,26.16
Nifty Bank,13-07-2005,12.02,2.19,1.63,26.3238
Nifty Bank,14-07-2005,11.84,2.16,1.65,25.5744
Nifty Bank,15-07-2005,11.82,2.15,1.65,25.413
Nifty Bank,18-07-2005,11.87,2.16,1.65,25.6392
Nifty Bank,19-07-2005,11.95,2.18,1.63,26.051
Nifty Bank,20-07-2005,12,2.18,1.63,26.16
Nifty Bank,21-07-2005,11.86,2.16,1.65,25.6176
Nifty Bank,22-07-2005,12.18,2.22,1.6,27.0396
Nifty Bank,25-07-2005,12.66,2.3,1.54,29.118
Nifty Bank,26-07-2005,12.92,2.35,1.51,30.362
Nifty Bank,27-07-2005,13.25,2.41,1.47,31.9325
Nifty Bank,29-07-2005,13.47,2.45,1.45,33.0015
Nifty Bank,01-08-2005,13.4,2.44,1.46,32.696
Nifty Bank,02-08-2005,13.35,2.43,1.46,32.4405
Nifty Bank,03-08-2005,13.33,2.43,1.47,32.3919
Nifty Bank,04-08-2005,13.28,2.42,1.47,32.1376
Nifty Bank,05-08-2005,13.22,2.41,1.48,31.8602
Nifty Bank,08-08-2005,12.43,2.21,1.58,27.4703
Nifty Bank,09-08-2005,12.41,2.21,1.58,27.4261
Nifty Bank,10-08-2005,12.72,2.26,1.54,28.7472
Nifty Bank,11-08-2005,12.87,2.29,1.52,29.4723
Nifty Bank,12-08-2005,12.87,2.29,1.52,29.4723
Nifty Bank,16-08-2005,12.72,2.26,1.54,28.7472
Nifty Bank,17-08-2005,12.75,2.27,1.54,28.9425
Nifty Bank,18-08-2005,12.75,2.27,1.54,28.9425
Nifty Bank,19-08-2005,12.6,2.24,1.56,28.224
Nifty Bank,22-08-2005,12.42,2.21,1.58,27.4482
Nifty Bank,23-08-2005,12.18,2.17,1.61,26.4306
Nifty Bank,24-08-2005,12.12,2.15,1.62,26.058
Nifty Bank,25-08-2005,12.19,2.17,1.61,26.4523
Nifty Bank,26-08-2005,12.2,2.17,1.61,26.474
Nifty Bank,29-08-2005,12.02,2.14,1.63,25.7228
Nifty Bank,30-08-2005,12.21,2.17,1.6,26.4957
Nifty Bank,31-08-2005,12.26,2.18,1.6,26.7268
Nifty Bank,01-09-2005,12.27,2.18,1.6,26.7486
Nifty Bank,02-09-2005,12.34,2.19,1.59,27.0246
Nifty Bank,05-09-2005,12.47,2.22,1.57,27.6834
Nifty Bank,06-09-2005,12.59,2.24,1.56,28.2016
Nifty Bank,08-09-2005,12.75,2.27,1.54,28.9425
Nifty Bank,09-09-2005,13.02,2.32,1.51,30.2064
Nifty Bank,12-09-2005,13.17,2.34,1.49,30.8178
Nifty Bank,13-09-2005,13.31,2.37,1.47,31.5447
Nifty Bank,14-09-2005,12.99,2.23,1.52,28.9677
Nifty Bank,15-09-2005,13.07,2.25,1.51,29.4075
Nifty Bank,16-09-2005,13.17,2.26,1.5,29.7642
Nifty Bank,19-09-2005,13.32,2.29,1.48,30.5028
Nifty Bank,20-09-2005,13.54,2.33,1.46,31.5482
Nifty Bank,21-09-2005,13.41,2.31,1.47,30.9771
Nifty Bank,22-09-2005,12.98,2.23,1.52,28.9454
Nifty Bank,23-09-2005,12.91,2.22,1.53,28.6602
Nifty Bank,26-09-2005,13.17,2.27,1.5,29.8959
Nifty Bank,27-09-2005,13.35,2.3,1.48,30.705
Nifty Bank,28-09-2005,13.51,2.32,1.46,31.3432
Nifty Bank,29-09-2005,13.5,2.32,1.46,31.32
Nifty Bank,30-09-2005,13.57,2.33,1.45,31.6181
Nifty Bank,03-10-2005,13.57,2.33,1.45,31.6181
Nifty Bank,04-10-2005,13.78,2.37,1.43,32.6586
Nifty Bank,05-10-2005,13.51,2.32,1.46,31.3432
Nifty Bank,06-10-2005,13.11,2.25,1.51,29.4975
Nifty Bank,07-10-2005,12.96,2.23,1.52,28.9008
Nifty Bank,10-10-2005,12.83,2.21,1.54,28.3543
Nifty Bank,11-10-2005,13.18,2.27,1.5,29.9186
Nifty Bank,13-10-2005,12.89,2.22,1.53,28.6158
Nifty Bank,14-10-2005,12.55,2.16,1.57,27.108
Nifty Bank,17-10-2005,12.54,2.16,1.57,27.0864
Nifty Bank,18-10-2005,12.43,2.14,1.59,26.6002
Nifty Bank,19-10-2005,12.19,2.1,1.62,25.599
Nifty Bank,20-10-2005,11.97,2.06,1.65,24.6582
Nifty Bank,21-10-2005,12.13,2.09,1.63,25.3517
Nifty Bank,24-10-2005,11.89,2.04,1.66,24.2556
Nifty Bank,25-10-2005,12.1,2.08,1.63,25.168
Nifty Bank,26-10-2005,12.12,2.08,1.63,25.2096
Nifty Bank,27-10-2005,11.58,1.99,1.7,23.0442
Nifty Bank,28-10-2005,11.38,1.96,1.73,22.3048
Nifty Bank,31-10-2005,11.75,2.02,1.68,23.735
Nifty Bank,01-11-2005,11.82,2.03,1.67,23.9946
Nifty Bank,02-11-2005,11.79,2.03,1.67,23.9337
Nifty Bank,07-11-2005,11.84,2.04,1.67,24.1536
Nifty Bank,08-11-2005,11.97,2.06,1.65,24.6582
Nifty Bank,09-11-2005,12.02,2.07,1.64,24.8814
Nifty Bank,10-11-2005,11.98,2.06,1.65,24.6788
Nifty Bank,11-11-2005,12.23,2.1,1.61,25.683
Nifty Bank,14-11-2005,12.51,2.15,1.58,26.8965
Nifty Bank,16-11-2005,12.68,2.18,1.56,27.6424
Nifty Bank,17-11-2005,12.86,2.21,1.53,28.4206
Nifty Bank,18-11-2005,12.76,2.19,1.55,27.9444
Nifty Bank,21-11-2005,12.48,2.15,1.58,26.832
Nifty Bank,22-11-2005,12.31,2.12,1.6,26.0972
Nifty Bank,23-11-2005,12.51,2.15,1.58,26.8965
Nifty Bank,24-11-2005,12.68,2.18,1.56,27.6424
Nifty Bank,25-11-2005,12.82,2.21,1.54,28.3322
Nifty Bank,26-11-2005,12.85,2.21,1.54,28.3985
Nifty Bank,28-11-2005,12.94,2.23,1.52,28.8562
Nifty Bank,29-11-2005,12.77,2.2,1.55,28.094
Nifty Bank,30-11-2005,12.62,2.17,1.56,27.3854
Nifty Bank,01-12-2005,12.73,2.19,1.55,27.8787
Nifty Bank,02-12-2005,12.75,2.19,1.55,27.9225
Nifty Bank,05-12-2005,12.54,2.16,1.57,27.0864
Nifty Bank,06-12-2005,12.42,2.14,1.59,26.5788
Nifty Bank,07-12-2005,12.56,2.16,1.57,27.1296
Nifty Bank,08-12-2005,12.53,2.15,1.57,26.9395
Nifty Bank,09-12-2005,12.67,2.18,1.56,27.6206
Nifty Bank,12-12-2005,12.82,2.21,1.54,28.3322
Nifty Bank,13-12-2005,13.01,2.24,1.52,29.1424
Nifty Bank,14-12-2005,13.27,2.28,1.49,30.2556
Nifty Bank,15-12-2005,12.94,2.23,1.53,28.8562
Nifty Bank,16-12-2005,13.27,2.28,1.49,30.2556
Nifty Bank,19-12-2005,14.09,2.42,1.4,34.0978
Nifty Bank,20-12-2005,14.04,2.41,1.41,33.8364
Nifty Bank,21-12-2005,13.84,2.38,1.43,32.9392
Nifty Bank,22-12-2005,13.87,2.39,1.42,33.1493
Nifty Bank,23-12-2005,13.71,2.36,1.44,32.3556
Nifty Bank,26-12-2005,13.3,2.29,1.48,30.457
Nifty Bank,27-12-2005,13.65,2.35,1.45,32.0775
Nifty Bank,28-12-2005,13.66,2.35,1.44,32.101
Nifty Bank,29-12-2005,13.62,2.34,1.45,31.8708
Nifty Bank,30-12-2005,13.91,2.39,1.42,33.2449
Nifty Bank,02-01-2006,13.97,2.4,1.41,33.528
Nifty Bank,03-01-2006,14.11,2.43,1.4,34.2873
Nifty Bank,04-01-2006,14.4,2.48,1.37,35.712
Nifty Bank,05-01-2006,14.6,2.51,1.35,36.646
Nifty Bank,06-01-2006,14.59,2.51,1.35,36.6209
Nifty Bank,09-01-2006,14.4,2.48,1.37,35.712
Nifty Bank,10-01-2006,14.2,2.44,1.39,34.648
Nifty Bank,12-01-2006,14.22,2.45,1.39,34.839
Nifty Bank,13-01-2006,14.12,2.43,1.4,34.3116
Nifty Bank,16-01-2006,13.98,2.4,1.41,33.552
Nifty Bank,17-01-2006,13.81,2.38,1.43,32.8678
Nifty Bank,18-01-2006,13.62,2.34,1.45,31.8708
Nifty Bank,19-01-2006,13.77,2.37,1.43,32.6349
Nifty Bank,20-01-2006,13.83,2.38,1.43,32.9154
Nifty Bank,23-01-2006,13.78,2.37,1.43,32.6586
Nifty Bank,24-01-2006,13.78,2.37,1.43,32.6586
Nifty Bank,25-01-2006,13.85,2.38,1.42,32.963
Nifty Bank,27-01-2006,14.38,2.47,1.37,35.5186
Nifty Bank,30-01-2006,14.18,2.44,1.39,34.5992
Nifty Bank,31-01-2006,14.23,2.45,1.39,34.8635
Nifty Bank,01-02-2006,13.82,2.38,1.43,32.8916
Nifty Bank,02-02-2006,13.68,2.35,1.44,32.148
Nifty Bank,03-02-2006,13.55,2.33,1.46,31.5715
Nifty Bank,06-02-2006,14,2.41,1.41,33.74
Nifty Bank,07-02-2006,14.3,2.46,1.38,35.178
Nifty Bank,08-02-2006,14.25,2.45,1.38,34.9125
Nifty Bank,10-02-2006,14.31,2.46,1.38,35.2026
Nifty Bank,13-02-2006,14.4,2.48,1.37,35.712
Nifty Bank,14-02-2006,14.18,2.44,1.39,34.5992
Nifty Bank,15-02-2006,14.1,2.43,1.4,34.263
Nifty Bank,16-02-2006,14.2,2.44,1.39,34.648
Nifty Bank,17-02-2006,13.9,2.39,1.42,33.221
Nifty Bank,20-02-2006,13.9,2.39,1.42,33.221
Nifty Bank,21-02-2006,13.95,2.4,1.41,33.48
Nifty Bank,22-02-2006,13.9,2.39,1.42,33.221
Nifty Bank,23-02-2006,13.73,2.36,1.44,32.4028
Nifty Bank,24-02-2006,14.05,2.42,1.4,34.001
Nifty Bank,27-02-2006,14.24,2.45,1.39,34.888
Nifty Bank,28-02-2006,14.3,2.46,1.38,35.178
Nifty Bank,01-03-2006,14.28,2.46,1.38,35.1288
Nifty Bank,02-03-2006,14.54,2.5,1.36,36.35
Nifty Bank,03-03-2006,14.44,2.48,1.37,35.8112
Nifty Bank,06-03-2006,14.48,2.49,1.36,36.0552
Nifty Bank,07-03-2006,14.44,2.48,1.37,35.8112
Nifty Bank,08-03-2006,14.23,2.45,1.39,34.8635
Nifty Bank,09-03-2006,14.37,2.47,1.37,35.4939
Nifty Bank,10-03-2006,14.59,2.51,1.35,36.6209
Nifty Bank,13-03-2006,14.62,2.51,1.35,36.6962
Nifty Bank,14-03-2006,14.69,2.53,1.34,37.1657
Nifty Bank,16-03-2006,15.47,2.6,1.28,40.222
Nifty Bank,17-03-2006,15.44,2.6,1.28,40.144
Nifty Bank,20-03-2006,15.46,2.6,1.28,40.196
Nifty Bank,21-03-2006,15.31,2.58,1.29,39.4998
Nifty Bank,22-03-2006,15.13,2.55,1.31,38.5815
Nifty Bank,23-03-2006,15.19,2.56,1.3,38.8864
Nifty Bank,24-03-2006,15.31,2.58,1.29,39.4998
Nifty Bank,27-03-2006,15.44,2.6,1.28,40.144
Nifty Bank,28-03-2006,15.31,2.58,1.29,39.4998
Nifty Bank,29-03-2006,15.37,2.59,1.29,39.8083
Nifty Bank,30-03-2006,15.23,2.56,1.3,38.9888
Nifty Bank,31-03-2006,15.31,2.58,1.29,39.4998
Nifty Bank,03-04-2006,13.91,2.61,1.27,36.3051
Nifty Bank,04-04-2006,14.21,2.67,1.25,37.9407
Nifty Bank,05-04-2006,14.35,2.69,1.23,38.6015
Nifty Bank,07-04-2006,13.9,2.61,1.28,36.279
Nifty Bank,10-04-2006,13.81,2.59,1.28,35.7679
Nifty Bank,12-04-2006,13.48,2.53,1.32,34.1044
Nifty Bank,13-04-2006,13.16,2.47,1.35,32.5052
Nifty Bank,17-04-2006,13.35,2.52,1.32,33.642
Nifty Bank,18-04-2006,13.56,2.56,1.3,34.7136
Nifty Bank,19-04-2006,13.52,2.56,1.3,34.6112
Nifty Bank,20-04-2006,13.53,2.56,1.3,34.6368
Nifty Bank,21-04-2006,13.45,2.54,1.31,34.163
Nifty Bank,24-04-2006,12.89,2.5,1.33,32.225
Nifty Bank,25-04-2006,12.7,2.46,1.35,31.242
Nifty Bank,26-04-2006,12.83,2.49,1.34,31.9467
Nifty Bank,27-04-2006,12.65,2.45,1.36,30.9925
Nifty Bank,28-04-2006,12.4,2.45,1.36,30.38
Nifty Bank,29-04-2006,12.79,2.52,1.32,32.2308
Nifty Bank,02-05-2006,13.18,2.61,1.27,34.3998
Nifty Bank,03-05-2006,13.6,2.7,1.23,36.72
Nifty Bank,04-05-2006,13.75,2.69,1.23,36.9875
Nifty Bank,05-05-2006,13.59,2.66,1.24,36.1494
Nifty Bank,08-05-2006,13.58,2.66,1.24,36.1228
Nifty Bank,09-05-2006,13.69,2.68,1.23,36.6892
Nifty Bank,10-05-2006,14.06,2.76,1.2,38.8056
Nifty Bank,11-05-2006,13.91,2.73,1.21,37.9743
Nifty Bank,12-05-2006,13.57,2.66,1.24,36.0962
Nifty Bank,15-05-2006,13.13,2.57,1.28,33.7441
Nifty Bank,16-05-2006,13.29,2.56,1.29,34.0224
Nifty Bank,17-05-2006,13.76,2.65,1.25,36.464
Nifty Bank,18-05-2006,12.93,2.48,1.33,32.0664
Nifty Bank,19-05-2006,12.51,2.36,1.4,29.5236
Nifty Bank,22-05-2006,12.22,2.36,1.4,28.8392
Nifty Bank,23-05-2006,12.5,2.36,1.4,29.5
Nifty Bank,24-05-2006,12.42,2.35,1.41,29.187
Nifty Bank,25-05-2006,12.35,2.33,1.42,28.7755
Nifty Bank,26-05-2006,12.5,2.36,1.4,29.5
Nifty Bank,29-05-2006,12.54,2.37,1.4,29.7198
Nifty Bank,30-05-2006,12.36,2.34,1.42,28.9224
Nifty Bank,31-05-2006,11.92,2.25,1.47,26.82
Nifty Bank,01-06-2006,11,2,1,22
Nifty Bank,02-06-2006,12.07,2.14,1.58,25.8298
Nifty Bank,05-06-2006,11.76,2.09,1.63,24.5784
Nifty Bank,06-06-2006,11.79,2.09,1.62,24.6411
Nifty Bank,07-06-2006,11.45,2.03,1.67,23.2435
Nifty Bank,08-06-2006,10.71,1.9,1.79,20.349
Nifty Bank,09-06-2006,11.07,1.97,1.73,21.8079
Nifty Bank,12-06-2006,10.62,1.89,1.8,20.0718
Nifty Bank,13-06-2006,10.24,1.82,1.87,18.6368
Nifty Bank,14-06-2006,10.05,1.71,1.95,17.1855
Nifty Bank,15-06-2006,10.59,1.8,1.85,19.062
Nifty Bank,16-06-2006,10.9,1.85,1.79,20.165
Nifty Bank,19-06-2006,10.85,1.84,1.8,19.964
Nifty Bank,20-06-2006,10.58,1.8,1.85,19.044
Nifty Bank,21-06-2006,10.66,1.81,1.84,19.2946
Nifty Bank,22-06-2006,11.08,1.88,1.77,20.8304
Nifty Bank,23-06-2006,11,1.87,1.78,20.57
Nifty Bank,25-06-2006,10.96,1.86,1.78,20.3856
Nifty Bank,26-06-2006,10.65,1.81,1.84,19.2765
Nifty Bank,27-06-2006,10.64,1.81,1.84,19.2584
Nifty Bank,28-06-2006,10.44,1.77,1.87,18.4788
Nifty Bank,29-06-2006,10.4,1.77,1.88,18.408
Nifty Bank,30-06-2006,10.73,1.82,1.82,19.5286
Nifty Bank,03-07-2006,10.76,1.83,1.82,19.6908
Nifty Bank,04-07-2006,10.93,1.86,1.79,20.3298
Nifty Bank,05-07-2006,11.06,1.88,1.77,20.7928
Nifty Bank,06-07-2006,10.88,1.85,1.8,20.128
Nifty Bank,07-07-2006,10.72,1.82,1.82,19.5104
Nifty Bank,10-07-2006,10.73,1.82,1.82,19.5286
Nifty Bank,11-07-2006,10.66,1.81,1.84,19.2946
Nifty Bank,12-07-2006,10.66,1.81,1.83,19.2946
Nifty Bank,13-07-2006,10.62,1.71,1.9,18.1602
Nifty Bank,14-07-2006,10.44,1.69,1.92,17.6436
Nifty Bank,17-07-2006,10.12,1.64,1.98,16.5968
Nifty Bank,18-07-2006,9.99,1.61,2.01,16.0839
Nifty Bank,19-07-2006,9.86,1.59,2.04,15.6774
Nifty Bank,20-07-2006,10.41,1.67,1.94,17.3847
Nifty Bank,21-07-2006,10.24,1.65,1.97,16.896
Nifty Bank,24-07-2006,10.67,1.73,1.88,18.4591
Nifty Bank,25-07-2006,11.12,1.8,1.8,20.016
Nifty Bank,26-07-2006,11.17,1.81,1.79,20.2177
Nifty Bank,27-07-2006,11.62,1.66,1.84,19.2892
Nifty Bank,28-07-2006,11.85,1.69,1.81,20.0265
Nifty Bank,31-07-2006,11.99,1.72,1.78,20.6228
Nifty Bank,01-08-2006,11.91,1.7,1.8,20.247
Nifty Bank,02-08-2006,12.04,1.72,1.78,20.7088
Nifty Bank,03-08-2006,12.21,1.75,1.75,21.3675
Nifty Bank,04-08-2006,11.96,1.71,1.79,20.4516
Nifty Bank,07-08-2006,12.15,1.74,1.76,21.141
Nifty Bank,08-08-2006,12.54,1.8,1.71,22.572
Nifty Bank,09-08-2006,12.73,1.82,1.68,23.1686
Nifty Bank,10-08-2006,12.85,1.84,1.66,23.644
Nifty Bank,11-08-2006,12.71,1.82,1.68,23.1322
Nifty Bank,14-08-2006,12.73,1.82,1.68,23.1686
Nifty Bank,16-08-2006,13.03,1.87,1.64,24.3661
Nifty Bank,17-08-2006,12.96,1.86,1.65,24.1056
Nifty Bank,18-08-2006,12.84,1.84,1.67,23.6256
Nifty Bank,21-08-2006,13.07,1.87,1.64,24.4409
Nifty Bank,22-08-2006,13.08,1.87,1.63,24.4596
Nifty Bank,23-08-2006,12.92,1.85,1.66,23.902
Nifty Bank,24-08-2006,13.02,1.86,1.64,24.2172
Nifty Bank,25-08-2006,13.22,1.89,1.62,24.9858
Nifty Bank,28-08-2006,13.31,1.91,1.61,25.4221
Nifty Bank,29-08-2006,13.41,1.92,1.59,25.7472
Nifty Bank,30-08-2006,13.51,1.93,1.58,26.0743
Nifty Bank,31-08-2006,13.51,1.93,1.58,26.0743
Nifty Bank,01-09-2006,13.67,1.96,1.56,26.7932
Nifty Bank,04-09-2006,13.81,1.98,1.55,27.3438
Nifty Bank,05-09-2006,13.84,1.98,1.55,27.4032
Nifty Bank,06-09-2006,13.79,1.97,1.55,27.1663
Nifty Bank,07-09-2006,13.66,1.96,1.57,26.7736
Nifty Bank,08-09-2006,13.7,1.96,1.56,26.852
Nifty Bank,11-09-2006,13.32,1.91,1.61,25.4412
Nifty Bank,12-09-2006,13.62,1.95,1.57,26.559
Nifty Bank,13-09-2006,14.18,2.03,1.51,28.7854
Nifty Bank,14-09-2006,14.4,2.06,1.49,29.664
Nifty Bank,15-09-2006,14.43,2.07,1.48,29.8701
Nifty Bank,18-09-2006,14.48,2.07,1.48,29.9736
Nifty Bank,19-09-2006,14.38,2.06,1.49,29.6228
Nifty Bank,20-09-2006,14.41,2.06,1.48,29.6846
Nifty Bank,21-09-2006,14.62,2.09,1.46,30.5558
Nifty Bank,22-09-2006,14.51,2.08,1.47,30.1808
Nifty Bank,25-09-2006,14.55,2.08,1.47,30.264
Nifty Bank,26-09-2006,14.88,2.13,1.44,31.6944
Nifty Bank,27-09-2006,15.07,2.16,1.42,32.5512
Nifty Bank,28-09-2006,15.67,2.24,1.37,35.1008
Nifty Bank,29-09-2006,15.52,2.22,1.38,34.4544
Nifty Bank,03-10-2006,15.48,2.22,1.38,34.3656
Nifty Bank,04-10-2006,15.3,2.19,1.4,33.507
Nifty Bank,05-10-2006,15.69,2.25,1.36,35.3025
Nifty Bank,06-10-2006,15.62,2.24,1.37,34.9888
Nifty Bank,09-10-2006,15.57,2.23,1.37,34.7211
Nifty Bank,10-10-2006,15.5,2.22,1.38,34.41
Nifty Bank,11-10-2006,15.31,2.19,1.4,33.5289
Nifty Bank,12-10-2006,15.5,2.22,1.38,34.41
Nifty Bank,13-10-2006,15.56,2.23,1.37,34.6988
Nifty Bank,16-10-2006,15.84,2.27,1.35,35.9568
Nifty Bank,17-10-2006,15.75,2.27,1.35,35.7525
Nifty Bank,18-10-2006,15.65,2.28,1.35,35.682
Nifty Bank,19-10-2006,15.39,2.25,1.36,34.6275
Nifty Bank,20-10-2006,15.39,2.25,1.36,34.6275
Nifty Bank,21-10-2006,15.36,2.24,1.37,34.4064
Nifty Bank,23-10-2006,15.14,2.21,1.39,33.4594
Nifty Bank,26-10-2006,15.55,2.3,1.33,35.765
Nifty Bank,27-10-2006,15.71,2.33,1.31,36.6043
Nifty Bank,30-10-2006,15.77,2.37,1.29,37.3749
Nifty Bank,31-10-2006,15.63,2.35,1.3,36.7305
Nifty Bank,01-11-2006,15.73,2.37,1.29,37.2801
Nifty Bank,02-11-2006,15.83,2.38,1.28,37.6754
Nifty Bank,03-11-2006,15.7,2.36,1.3,37.052
Nifty Bank,06-11-2006,15.56,2.34,1.31,36.4104
Nifty Bank,07-11-2006,15.49,2.33,1.31,36.0917
Nifty Bank,08-11-2006,15.64,2.35,1.3,36.754
Nifty Bank,09-11-2006,15.82,2.38,1.29,37.6516
Nifty Bank,10-11-2006,16.11,2.42,1.26,38.9862
Nifty Bank,13-11-2006,16.23,2.44,1.25,39.6012
Nifty Bank,14-11-2006,16.33,2.46,1.25,40.1718
Nifty Bank,15-11-2006,16.85,2.54,1.21,42.799
Nifty Bank,16-11-2006,17.27,2.6,1.18,44.902
Nifty Bank,17-11-2006,17.12,2.58,1.19,44.1696
Nifty Bank,20-11-2006,16.8,2.53,1.21,42.504
Nifty Bank,21-11-2006,17.02,2.56,1.19,43.5712
Nifty Bank,22-11-2006,17.12,2.58,1.19,44.1696
Nifty Bank,23-11-2006,17.23,2.59,1.18,44.6257
Nifty Bank,24-11-2006,17.22,2.59,1.18,44.5998
Nifty Bank,27-11-2006,17.34,2.61,1.17,45.2574
Nifty Bank,28-11-2006,17.13,2.58,1.19,44.1954
Nifty Bank,29-11-2006,17.14,2.58,1.19,44.2212
Nifty Bank,30-11-2006,17.34,2.61,1.17,45.2574
Nifty Bank,01-12-2006,17.71,2.67,1.15,47.2857
Nifty Bank,04-12-2006,17.61,2.65,1.16,46.6665
Nifty Bank,05-12-2006,17.45,2.63,1.17,45.8935
Nifty Bank,06-12-2006,17.39,2.62,1.18,45.5618
Nifty Bank,07-12-2006,17.51,2.64,1.17,46.2264
Nifty Bank,08-12-2006,17.45,2.63,1.17,45.8935
Nifty Bank,11-12-2006,16.2,2.44,1.26,39.528
Nifty Bank,12-12-2006,15.49,2.33,1.32,36.0917
Nifty Bank,13-12-2006,16.01,2.41,1.28,38.5841
Nifty Bank,14-12-2006,16.37,2.46,1.25,40.2702
Nifty Bank,15-12-2006,16.67,2.51,1.23,41.8417
Nifty Bank,18-12-2006,16.83,2.53,1.22,42.5799
Nifty Bank,19-12-2006,16.42,2.47,1.25,40.5574
Nifty Bank,20-12-2006,16.22,2.44,1.26,39.5768
Nifty Bank,21-12-2006,16.17,2.43,1.27,39.2931
Nifty Bank,22-12-2006,16.21,2.44,1.26,39.5524
Nifty Bank,26-12-2006,16.52,2.49,1.24,41.1348
Nifty Bank,27-12-2006,16.82,2.53,1.22,42.5546
Nifty Bank,28-12-2006,16.87,2.54,1.21,42.8498
Nifty Bank,29-12-2006,16.82,2.53,1.22,42.5546
Nifty Bank,02-01-2007,16.9,2.54,1.21,42.926
Nifty Bank,03-01-2007,16.99,2.56,1.2,43.4944
Nifty Bank,04-01-2007,16.82,2.53,1.22,42.5546
Nifty Bank,05-01-2007,16.93,2.55,1.21,43.1715
Nifty Bank,08-01-2007,16.7,2.51,1.23,41.917
Nifty Bank,09-01-2007,16.44,2.48,1.24,40.7712
Nifty Bank,10-01-2007,16.02,2.41,1.28,38.6082
Nifty Bank,11-01-2007,16.02,2.42,1.27,38.7684
Nifty Bank,12-01-2007,17.1,2.59,1.19,44.289
Nifty Bank,15-01-2007,17.12,2.6,1.19,44.512
Nifty Bank,16-01-2007,17.1,2.59,1.19,44.289
Nifty Bank,17-01-2007,17.26,2.62,1.18,45.2212
Nifty Bank,18-01-2007,17.19,2.61,1.18,44.8659
Nifty Bank,19-01-2007,17.17,2.61,1.18,44.8137
Nifty Bank,22-01-2007,16.73,2.6,1.18,43.498
Nifty Bank,23-01-2007,16.34,2.53,1.22,41.3402
Nifty Bank,24-01-2007,16.26,2.55,1.21,41.463
Nifty Bank,25-01-2007,16.37,2.57,1.2,42.0709
Nifty Bank,29-01-2007,15.98,2.52,1.22,40.2696
Nifty Bank,31-01-2007,15.92,2.51,1.23,39.9592
Nifty Bank,01-02-2007,16.29,2.58,1.2,42.0282
Nifty Bank,02-02-2007,16.18,2.56,1.2,41.4208
Nifty Bank,05-02-2007,16.22,2.57,1.2,41.6854
Nifty Bank,06-02-2007,16.23,2.57,1.2,41.7111
Nifty Bank,07-02-2007,16.4,2.59,1.19,42.476
Nifty Bank,08-02-2007,16.54,2.62,1.18,43.3348
Nifty Bank,09-02-2007,16.47,2.61,1.18,42.9867
Nifty Bank,12-02-2007,16.07,2.54,1.21,40.8178
Nifty Bank,13-02-2007,15.84,2.51,1.23,39.7584
Nifty Bank,14-02-2007,15.11,2.39,1.29,36.1129
Nifty Bank,15-02-2007,15.56,2.46,1.25,38.2776
Nifty Bank,19-02-2007,15.76,2.49,1.24,39.2424
Nifty Bank,20-02-2007,15.56,2.46,1.25,38.2776
Nifty Bank,21-02-2007,15.5,2.45,1.26,37.975
Nifty Bank,22-02-2007,15.05,2.38,1.29,35.819
Nifty Bank,23-02-2007,14.58,2.31,1.34,33.6798
Nifty Bank,26-02-2007,14.74,2.33,1.32,34.3442
Nifty Bank,27-02-2007,14.56,2.3,1.34,33.488
Nifty Bank,28-02-2007,13.96,2.21,1.39,30.8516
Nifty Bank,01-03-2007,14.36,2.27,1.36,32.5972
Nifty Bank,02-03-2007,13.91,2.2,1.4,30.602
Nifty Bank,05-03-2007,13.43,2.12,1.45,28.4716
Nifty Bank,06-03-2007,13.62,2.15,1.43,29.283
Nifty Bank,07-03-2007,13.31,2.11,1.46,28.0841
Nifty Bank,08-03-2007,13.9,2.2,1.4,30.58
Nifty Bank,09-03-2007,13.82,2.19,1.41,30.2658
Nifty Bank,12-03-2007,13.8,2.18,1.41,30.084
Nifty Bank,13-03-2007,13.99,2.21,1.39,30.9179
Nifty Bank,14-03-2007,13.43,2.12,1.45,28.4716
Nifty Bank,15-03-2007,13.23,2.09,1.47,27.6507
Nifty Bank,16-03-2007,13.04,2.06,1.49,26.8624
Nifty Bank,19-03-2007,13.27,2.1,1.47,27.867
Nifty Bank,20-03-2007,13.55,2.14,1.44,28.997
Nifty Bank,21-03-2007,14.09,2.23,1.38,31.4207
Nifty Bank,22-03-2007,14.8,2.34,1.32,34.632
Nifty Bank,23-03-2007,14.71,2.33,1.32,34.2743
Nifty Bank,26-03-2007,14.46,2.29,1.35,33.1134
Nifty Bank,28-03-2007,14.1,2.23,1.38,31.443
Nifty Bank,29-03-2007,14.06,2.22,1.39,31.2132
Nifty Bank,30-03-2007,14.15,2.24,1.38,31.696
Nifty Bank,02-04-2007,13.22,2.09,1.47,27.6298
Nifty Bank,03-04-2007,13.33,2.11,1.46,28.1263
Nifty Bank,04-04-2007,14.63,2.28,1.32,33.3564
Nifty Bank,05-04-2007,14.91,2.33,1.3,34.7403
Nifty Bank,09-04-2007,15.49,2.42,1.25,37.4858
Nifty Bank,10-04-2007,15.5,2.42,1.25,37.51
Nifty Bank,11-04-2007,15.36,2.4,1.26,36.864
Nifty Bank,12-04-2007,15.18,2.37,1.28,35.9766
Nifty Bank,13-04-2007,15.61,2.44,1.24,38.0884
Nifty Bank,16-04-2007,15.82,2.47,1.22,39.0754
Nifty Bank,17-04-2007,15.82,2.48,1.22,39.2336
Nifty Bank,18-04-2007,15.99,2.51,1.21,40.1349
Nifty Bank,19-04-2007,16.07,2.52,1.2,40.4964
Nifty Bank,20-04-2007,16.23,2.54,1.19,41.2242
Nifty Bank,23-04-2007,15.9,2.52,1.2,40.068
Nifty Bank,24-04-2007,16.64,2.64,1.15,43.9296
Nifty Bank,25-04-2007,16.83,2.67,1.13,44.9361
Nifty Bank,26-04-2007,16.85,2.67,1.13,44.9895
Nifty Bank,27-04-2007,16.48,2.62,1.16,43.1776
Nifty Bank,30-04-2007,16.16,2.56,1.18,41.3696
Nifty Bank,03-05-2007,16.36,2.59,1.17,42.3724
Nifty Bank,04-05-2007,16.25,2.57,1.18,41.7625
Nifty Bank,07-05-2007,16.04,2.55,1.19,40.902
Nifty Bank,08-05-2007,15.83,2.52,1.2,39.8916
Nifty Bank,09-05-2007,16.11,2.56,1.18,41.2416
Nifty Bank,10-05-2007,16.13,2.57,1.18,41.4541
Nifty Bank,11-05-2007,16.24,2.58,1.17,41.8992
Nifty Bank,14-05-2007,16.07,2.66,1.14,42.7462
Nifty Bank,15-05-2007,16.35,2.71,1.12,44.3085
Nifty Bank,16-05-2007,16.87,2.79,1.08,47.0673
Nifty Bank,17-05-2007,17.23,2.85,1.06,49.1055
Nifty Bank,18-05-2007,17.2,2.86,1.06,49.192
Nifty Bank,21-05-2007,17.48,2.91,1.04,50.8668
Nifty Bank,22-05-2007,17.38,2.89,1.05,50.2282
Nifty Bank,23-05-2007,17.31,2.87,1.05,49.6797
Nifty Bank,24-05-2007,17.03,2.82,1.07,48.0246
Nifty Bank,25-05-2007,17.01,2.82,1.07,47.9682
Nifty Bank,28-05-2007,17.24,2.86,1.06,49.3064
Nifty Bank,29-05-2007,17.29,2.87,1.06,49.6223
Nifty Bank,30-05-2007,17.13,2.84,1.07,48.6492
Nifty Bank,31-05-2007,17.35,2.88,1.05,49.968
Nifty Bank,01-06-2007,17.57,2.91,1.04,51.1287
Nifty Bank,04-06-2007,17.69,2.8,1.08,49.532
Nifty Bank,05-06-2007,17.92,2.84,1.07,50.8928
Nifty Bank,06-06-2007,17.35,2.75,1.1,47.7125
Nifty Bank,07-06-2007,17.11,2.71,1.12,46.3681
Nifty Bank,08-06-2007,16.95,2.68,1.13,45.426
Nifty Bank,11-06-2007,16.9,2.68,1.13,45.292
Nifty Bank,12-06-2007,16.87,2.67,1.14,45.0429
Nifty Bank,13-06-2007,16.64,2.64,1.15,43.9296
Nifty Bank,14-06-2007,16.82,2.66,1.14,44.7412
Nifty Bank,15-06-2007,16.96,2.69,1.13,45.6224
Nifty Bank,18-06-2007,16.96,2.69,1.13,45.6224
Nifty Bank,19-06-2007,17.49,2.77,1.1,48.4473
Nifty Bank,20-06-2007,17.85,2.83,1.07,50.5155
Nifty Bank,21-06-2007,17.95,2.84,1.07,50.978
Nifty Bank,22-06-2007,17.97,2.71,1.14,48.6987
Nifty Bank,25-06-2007,17.98,2.71,1.14,48.7258
Nifty Bank,26-06-2007,17.9,2.69,1.15,48.151
Nifty Bank,27-06-2007,17.81,2.68,1.15,47.7308
Nifty Bank,28-06-2007,17.92,2.7,1.14,48.384
Nifty Bank,29-06-2007,18.52,2.79,1.11,51.6708
Nifty Bank,02-07-2007,18.46,2.78,1.11,51.3188
Nifty Bank,03-07-2007,18.84,2.84,1.09,53.5056
Nifty Bank,04-07-2007,18.78,2.83,1.09,53.1474
Nifty Bank,05-07-2007,18.73,2.82,1.09,52.8186
Nifty Bank,06-07-2007,19.61,2.95,1.05,57.8495
Nifty Bank,09-07-2007,19.83,2.98,1.03,59.0934
Nifty Bank,10-07-2007,19.58,2.96,1.04,57.9568
Nifty Bank,11-07-2007,19.52,2.95,1.05,57.584
Nifty Bank,12-07-2007,19.87,3.01,1.03,59.8087
Nifty Bank,13-07-2007,19.99,3.03,1.02,60.5697
Nifty Bank,16-07-2007,20.4,3.1,1,63.24
Nifty Bank,17-07-2007,20.22,3.08,1,62.2776
Nifty Bank,18-07-2007,20.3,3.09,1,62.727
Nifty Bank,19-07-2007,20.5,3.12,0.99,63.96
Nifty Bank,20-07-2007,20.35,3.01,1.05,61.2535
Nifty Bank,23-07-2007,20.07,3.01,1.05,60.4107
Nifty Bank,24-07-2007,20.04,3.01,1.05,60.3204
Nifty Bank,25-07-2007,19.59,2.98,1.06,58.3782
Nifty Bank,26-07-2007,19.39,2.95,1.07,57.2005
Nifty Bank,27-07-2007,18.74,2.85,1.11,53.409
Nifty Bank,30-07-2007,18.22,2.91,1.09,53.0202
Nifty Bank,31-07-2007,18.58,2.96,1.07,54.9968
Nifty Bank,01-08-2007,17.8,2.84,1.12,50.552
Nifty Bank,02-08-2007,18.26,2.91,1.09,53.1366
Nifty Bank,03-08-2007,18.52,2.95,1.07,54.634
Nifty Bank,06-08-2007,18.43,2.94,1.08,54.1842
Nifty Bank,07-08-2007,18.43,2.94,1.08,54.1842
Nifty Bank,08-08-2007,18.82,3,1.06,56.46
Nifty Bank,09-08-2007,18.54,2.96,1.07,54.8784
Nifty Bank,10-08-2007,18.02,2.87,1.1,51.7174
Nifty Bank,13-08-2007,18.11,2.89,1.1,52.3379
Nifty Bank,14-08-2007,18.31,2.92,1.09,53.4652
Nifty Bank,16-08-2007,17.23,2.75,1.15,47.3825
Nifty Bank,17-08-2007,17.16,2.74,1.16,47.0184
Nifty Bank,20-08-2007,17.83,2.84,1.11,50.6372
Nifty Bank,21-08-2007,17.06,2.72,1.17,46.4032
Nifty Bank,22-08-2007,17.11,2.73,1.16,46.7103
Nifty Bank,23-08-2007,16.73,2.67,1.19,44.6691
Nifty Bank,24-08-2007,16.97,2.71,1.17,45.9887
Nifty Bank,27-08-2007,17.78,2.84,1.12,50.4952
Nifty Bank,28-08-2007,17.82,2.84,1.12,50.6088
Nifty Bank,29-08-2007,17.88,2.85,1.11,50.958
Nifty Bank,30-08-2007,18.06,2.88,1.1,52.0128
Nifty Bank,31-08-2007,18.34,2.92,1.08,53.5528
Nifty Bank,03-09-2007,18.61,2.97,1.07,55.2717
Nifty Bank,04-09-2007,18.69,2.98,1.06,55.6962
Nifty Bank,05-09-2007,18.62,2.97,1.07,55.3014
Nifty Bank,06-09-2007,18.87,3.01,1.05,56.7987
Nifty Bank,07-09-2007,18.8,3,1.06,56.4
Nifty Bank,10-09-2007,18.88,3.01,1.05,56.8288
Nifty Bank,11-09-2007,18.73,2.99,1.06,56.0027
Nifty Bank,12-09-2007,18.64,2.97,1.07,55.3608
Nifty Bank,13-09-2007,18.97,3.03,1.05,57.4791
Nifty Bank,14-09-2007,18.99,3.03,1.05,57.5397
Nifty Bank,17-09-2007,18.95,3.02,1.05,57.229
Nifty Bank,18-09-2007,19.4,3.09,1.02,59.946
Nifty Bank,19-09-2007,20.34,3.24,0.98,65.9016
Nifty Bank,20-09-2007,20.31,3.24,0.98,65.8044
Nifty Bank,21-09-2007,20.51,3.27,0.97,67.0677
Nifty Bank,24-09-2007,21.02,3.35,0.95,70.417
Nifty Bank,25-09-2007,20.96,3.34,0.95,70.0064
Nifty Bank,26-09-2007,21.31,3.4,0.93,72.454
Nifty Bank,27-09-2007,21.53,3.43,0.92,73.8479
Nifty Bank,28-09-2007,22.1,3.52,0.9,77.792
Nifty Bank,01-10-2007,21.95,3.5,0.91,76.825
Nifty Bank,03-10-2007,22.25,3.55,0.89,78.9875
Nifty Bank,04-10-2007,22.08,3.52,0.9,77.7216
Nifty Bank,05-10-2007,21.56,3.44,0.92,74.1664
Nifty Bank,08-10-2007,20.96,3.34,0.95,70.0064
Nifty Bank,09-10-2007,21.7,3.46,0.92,75.082
Nifty Bank,10-10-2007,22.07,3.52,0.9,77.6864
Nifty Bank,11-10-2007,22.42,3.58,0.89,80.2636
Nifty Bank,12-10-2007,21.68,3.48,0.91,75.4464
Nifty Bank,15-10-2007,22.54,3.63,0.87,81.8202
Nifty Bank,16-10-2007,23.08,3.72,0.85,85.8576
Nifty Bank,17-10-2007,22.12,3.56,0.89,78.7472
Nifty Bank,18-10-2007,20.78,3.35,0.95,69.613
Nifty Bank,19-10-2007,20.27,3.27,0.97,66.2829
Nifty Bank,22-10-2007,20.39,3.33,0.95,67.8987
Nifty Bank,23-10-2007,21.83,3.57,0.89,77.9331
Nifty Bank,24-10-2007,22.08,3.62,0.88,79.9296
Nifty Bank,25-10-2007,22.61,3.71,0.85,83.8831
Nifty Bank,26-10-2007,23.42,3.85,0.82,90.167
Nifty Bank,29-10-2007,23.22,3.96,0.8,91.9512
Nifty Bank,30-10-2007,23.06,3.93,0.81,90.6258
Nifty Bank,31-10-2007,23.17,3.97,0.8,91.9849
Nifty Bank,01-11-2007,23.65,4.05,0.78,95.7825
Nifty Bank,02-11-2007,24.58,4.21,0.75,103.4818
Nifty Bank,05-11-2007,24.16,4.14,0.77,100.0224
Nifty Bank,06-11-2007,23.69,4.06,0.78,96.1814
Nifty Bank,07-11-2007,23.37,4,0.79,93.48
Nifty Bank,08-11-2007,22.82,3.91,0.81,89.2262
Nifty Bank,09-11-2007,22.52,3.86,0.82,86.9272
Nifty Bank,12-11-2007,22.52,3.86,0.82,86.9272
Nifty Bank,13-11-2007,23.29,3.99,0.79,92.9271
Nifty Bank,14-11-2007,24.71,4.23,0.75,104.5233
Nifty Bank,15-11-2007,24.31,4.16,0.76,101.1296
Nifty Bank,16-11-2007,24.36,4.17,0.76,101.5812
Nifty Bank,19-11-2007,24.16,4.14,0.77,100.0224
Nifty Bank,20-11-2007,23.85,4.08,0.78,97.308
Nifty Bank,21-11-2007,22.7,3.89,0.82,88.303
Nifty Bank,22-11-2007,23.14,3.96,0.8,91.6344
Nifty Bank,23-11-2007,23.08,3.95,0.8,91.166
Nifty Bank,26-11-2007,23.45,4.02,0.79,94.269
Nifty Bank,27-11-2007,23.32,3.99,0.79,93.0468
Nifty Bank,28-11-2007,23.07,3.95,0.8,91.1265
Nifty Bank,29-11-2007,23.46,4.02,0.79,94.3092
Nifty Bank,30-11-2007,24.11,4.13,0.77,99.5743
Nifty Bank,03-12-2007,24.16,4.14,0.77,100.0224
Nifty Bank,04-12-2007,24.08,4.12,0.77,99.2096
Nifty Bank,05-12-2007,24.64,4.22,0.75,103.9808
Nifty Bank,06-12-2007,24.74,4.23,0.75,104.6502
Nifty Bank,07-12-2007,25.19,4.31,0.74,108.5689
Nifty Bank,10-12-2007,25.36,4.34,0.73,110.0624
Nifty Bank,11-12-2007,25.95,4.44,0.71,115.218
Nifty Bank,12-12-2007,25.86,4.43,0.72,114.5598
Nifty Bank,13-12-2007,25.51,4.37,0.73,111.4787
Nifty Bank,14-12-2007,25.21,4.32,0.73,108.9072
Nifty Bank,17-12-2007,24.24,4.15,0.76,100.596
Nifty Bank,18-12-2007,23.86,4.08,0.78,97.3488
Nifty Bank,19-12-2007,23.76,4.07,0.78,96.7032
Nifty Bank,20-12-2007,23.77,4.07,0.78,96.7439
Nifty Bank,24-12-2007,24.59,4.21,0.75,103.5239
Nifty Bank,26-12-2007,25.09,4.3,0.74,107.887
Nifty Bank,27-12-2007,25.17,4.31,0.74,108.4827
Nifty Bank,28-12-2007,25.28,4.33,0.73,109.4624
Nifty Bank,31-12-2007,25.37,4.34,0.73,110.1058
Nifty Bank,01-01-2008,25.48,4.36,0.73,111.0928
Nifty Bank,02-01-2008,26.36,4.51,0.7,118.8836
Nifty Bank,03-01-2008,25.98,4.45,0.71,115.611
Nifty Bank,04-01-2008,26.32,4.51,0.7,118.7032
Nifty Bank,07-01-2008,26.73,4.58,0.69,122.4234
Nifty Bank,08-01-2008,26.63,4.56,0.7,121.4328
Nifty Bank,09-01-2008,26.34,4.54,0.7,119.5836
Nifty Bank,10-01-2008,26.24,4.52,0.7,118.6048
Nifty Bank,11-01-2008,27.09,4.67,0.68,126.5103
Nifty Bank,14-01-2008,27.44,4.73,0.67,129.7912
Nifty Bank,15-01-2008,26.85,4.63,0.69,124.3155
Nifty Bank,16-01-2008,26.54,4.57,0.69,121.2878
Nifty Bank,17-01-2008,26.32,4.53,0.7,119.2296
Nifty Bank,18-01-2008,24.98,4.3,0.74,107.414
Nifty Bank,21-01-2008,22.75,3.99,0.79,90.7725
Nifty Bank,22-01-2008,21.39,3.84,0.83,82.1376
Nifty Bank,23-01-2008,22.58,4.09,0.77,92.3522
Nifty Bank,24-01-2008,22.16,4.04,0.79,89.5264
Nifty Bank,25-01-2008,22.84,4.31,0.74,98.4404
Nifty Bank,28-01-2008,23.98,4.53,0.7,108.6294
Nifty Bank,29-01-2008,23.17,4.37,0.72,101.2529
Nifty Bank,30-01-2008,22.57,4.3,0.74,97.051
Nifty Bank,31-01-2008,22.15,4.22,0.75,93.473
Nifty Bank,01-02-2008,22.39,4.26,0.74,95.3814
Nifty Bank,04-02-2008,22.95,4.37,0.73,100.2915
Nifty Bank,05-02-2008,22.56,4.3,0.74,97.008
Nifty Bank,06-02-2008,22.05,4.2,0.76,92.61
Nifty Bank,07-02-2008,21.51,4.1,0.77,88.191
Nifty Bank,08-02-2008,21.16,4.03,0.79,85.2748
Nifty Bank,11-02-2008,20.21,3.85,0.82,77.8085
Nifty Bank,12-02-2008,20.5,3.9,0.81,79.95
Nifty Bank,13-02-2008,21.07,4.01,0.79,84.4907
Nifty Bank,14-02-2008,21.98,4.18,0.76,91.8764
Nifty Bank,15-02-2008,22.59,4.3,0.74,97.137
Nifty Bank,18-02-2008,22.65,4.31,0.73,97.6215
Nifty Bank,19-02-2008,22.7,4.32,0.73,98.064
Nifty Bank,20-02-2008,21.99,4.19,0.76,92.1381
Nifty Bank,21-02-2008,21.55,4.1,0.77,88.355
Nifty Bank,22-02-2008,20.92,3.98,0.8,83.2616
Nifty Bank,25-02-2008,20.87,3.97,0.8,82.8539
Nifty Bank,26-02-2008,21.06,4.01,0.79,84.4506
Nifty Bank,27-02-2008,21,4,0.79,84
Nifty Bank,28-02-2008,20.73,3.95,0.8,81.8835
Nifty Bank,29-02-2008,20.93,3.98,0.8,83.3014
Nifty Bank,03-03-2008,19.38,3.69,0.86,71.5122
Nifty Bank,04-03-2008,18.63,3.55,0.89,66.1365
Nifty Bank,05-03-2008,18.28,3.48,0.91,63.6144
Nifty Bank,07-03-2008,17.51,3.33,0.95,58.3083
Nifty Bank,10-03-2008,17.52,3.34,0.95,58.5168
Nifty Bank,11-03-2008,17.72,3.37,0.94,59.7164
Nifty Bank,12-03-2008,17.68,3.37,0.94,59.5816
Nifty Bank,13-03-2008,16.66,3.07,1,51.1462
Nifty Bank,14-03-2008,17.25,3.07,0.96,52.9575
Nifty Bank,17-03-2008,15.92,2.83,1.04,45.0536
Nifty Bank,18-03-2008,15.71,2.8,1.05,43.988
Nifty Bank,19-03-2008,15.68,2.79,1.05,43.7472
Nifty Bank,24-03-2008,16.11,2.87,1.03,46.2357
Nifty Bank,25-03-2008,17.35,3.09,0.95,53.6115
Nifty Bank,26-03-2008,17.29,3.08,0.96,53.2532
Nifty Bank,27-03-2008,16.92,3.01,0.98,50.9292
Nifty Bank,28-03-2008,17.09,3.04,0.97,51.9536
Nifty Bank,31-03-2008,16.16,2.88,1.02,46.5408
Nifty Bank,01-04-2008,16.04,2.86,1.03,45.8744
Nifty Bank,02-04-2008,16.44,2.93,1,48.1692
Nifty Bank,03-04-2008,16.38,2.92,1.01,47.8296
Nifty Bank,04-04-2008,15.89,2.83,1.04,44.9687
Nifty Bank,07-04-2008,16.59,2.95,1,48.9405
Nifty Bank,08-04-2008,16.66,2.97,0.99,49.4802
Nifty Bank,09-04-2008,17.14,3.05,0.96,52.277
Nifty Bank,10-04-2008,16.69,2.97,0.99,49.5693
Nifty Bank,11-04-2008,16.6,2.96,0.99,49.136
Nifty Bank,15-04-2008,16.79,2.99,0.98,50.2021
Nifty Bank,16-04-2008,16.88,3,0.98,50.64
Nifty Bank,17-04-2008,17.4,3.1,0.95,53.94
Nifty Bank,21-04-2008,17.91,3.21,0.92,57.4911
Nifty Bank,22-04-2008,18.14,3.25,0.9,58.955
Nifty Bank,23-04-2008,17.67,3.19,0.92,56.3673
Nifty Bank,24-04-2008,17.6,3.19,0.92,56.144
Nifty Bank,25-04-2008,18.14,3.29,0.89,59.6806
Nifty Bank,28-04-2008,17.82,3.28,0.9,58.4496
Nifty Bank,29-04-2008,18.17,3.34,0.88,60.6878
Nifty Bank,30-04-2008,17.67,3.3,0.89,58.311
Nifty Bank,02-05-2008,18.23,3.4,0.86,61.982
Nifty Bank,05-05-2008,17.88,3.39,0.87,60.6132
Nifty Bank,06-05-2008,17.79,3.38,0.87,60.1302
Nifty Bank,07-05-2008,17.41,3.35,0.88,58.3235
Nifty Bank,08-05-2008,16.91,3.25,0.9,54.9575
Nifty Bank,09-05-2008,16.39,3.15,0.93,51.6285
Nifty Bank,12-05-2008,16.46,3.17,0.93,52.1782
Nifty Bank,13-05-2008,16.48,3.17,0.93,52.2416
Nifty Bank,14-05-2008,16.45,3.17,0.93,52.1465
Nifty Bank,15-05-2008,16.64,3.25,0.91,54.08
Nifty Bank,16-05-2008,16.94,3.3,0.89,55.902
Nifty Bank,20-05-2008,16.51,3.22,0.91,53.1622
Nifty Bank,21-05-2008,16.32,3.19,0.92,52.0608
Nifty Bank,22-05-2008,15.82,3.09,0.95,48.8838
Nifty Bank,23-05-2008,15.52,3.03,0.97,47.0256
Nifty Bank,26-05-2008,14.98,2.56,1.08,38.3488
Nifty Bank,27-05-2008,14.62,2.5,1.1,36.55
Nifty Bank,28-05-2008,15.03,2.57,1.07,38.6271
Nifty Bank,29-05-2008,14.58,2.49,1.11,36.3042
Nifty Bank,30-05-2008,14.6,2.49,1.1,36.354
Nifty Bank,02-06-2008,14.07,2.4,1.15,33.768
Nifty Bank,03-06-2008,13.97,2.39,1.15,33.3883
Nifty Bank,04-06-2008,13.56,2.32,1.19,31.4592
Nifty Bank,05-06-2008,13.77,2.35,1.17,32.3595
Nifty Bank,06-06-2008,13.62,2.33,1.18,31.7346
Nifty Bank,09-06-2008,13.19,2.25,1.22,29.6775
Nifty Bank,10-06-2008,12.89,1.93,1.47,24.8777
Nifty Bank,11-06-2008,13.24,1.98,1.43,26.2152
Nifty Bank,12-06-2008,13.3,1.99,1.42,26.467
Nifty Bank,13-06-2008,13.29,1.99,1.42,26.4471
Nifty Bank,16-06-2008,13.59,2.03,1.39,27.5877
Nifty Bank,17-06-2008,14.25,2.13,1.33,30.3525
Nifty Bank,18-06-2008,13.75,2.06,1.38,28.325
Nifty Bank,19-06-2008,13.21,1.98,1.43,26.1558
Nifty Bank,20-06-2008,12.77,1.91,1.48,24.3907
Nifty Bank,23-06-2008,12.41,1.86,1.52,23.0826
Nifty Bank,24-06-2008,12.18,1.82,1.55,22.1676
Nifty Bank,25-06-2008,12.16,1.82,1.56,22.1312
Nifty Bank,26-06-2008,12.22,1.83,1.55,22.3626
Nifty Bank,27-06-2008,11.56,1.73,1.64,19.9988
Nifty Bank,30-06-2008,11.15,1.67,1.7,18.6205
Nifty Bank,01-07-2008,10.5,1.57,1.8,16.485
Nifty Bank,02-07-2008,11.15,1.67,1.7,18.6205
Nifty Bank,03-07-2008,10.76,1.61,1.76,17.3236
Nifty Bank,04-07-2008,11.37,1.47,1.8,16.7139
Nifty Bank,07-07-2008,11.56,1.5,1.77,17.34
Nifty Bank,08-07-2008,11.63,1.51,1.76,17.5613
Nifty Bank,09-07-2008,12.17,1.58,1.68,19.2286
Nifty Bank,10-07-2008,12.16,1.58,1.68,19.2128
Nifty Bank,11-07-2008,11.94,1.55,1.71,18.507
Nifty Bank,14-07-2008,11.78,1.54,1.72,18.1412
Nifty Bank,15-07-2008,10.95,1.43,1.86,15.6585
Nifty Bank,16-07-2008,10.69,1.39,1.9,14.8591
Nifty Bank,17-07-2008,11.39,1.49,1.78,16.9711
Nifty Bank,18-07-2008,12.19,1.59,1.67,19.3821
Nifty Bank,21-07-2008,12.74,1.65,1.6,21.021
Nifty Bank,22-07-2008,13.17,1.71,1.55,22.5207
Nifty Bank,23-07-2008,14.42,1.85,1.44,26.677
Nifty Bank,24-07-2008,14.13,1.81,1.47,25.5753
Nifty Bank,25-07-2008,13.4,1.72,1.54,23.048
Nifty Bank,28-07-2008,13.1,1.72,1.54,22.532
Nifty Bank,29-07-2008,11.98,1.58,1.69,18.9284
Nifty Bank,30-07-2008,12.59,1.67,1.6,21.0253
Nifty Bank,31-07-2008,12.62,1.67,1.59,21.0754
Nifty Bank,01-08-2008,13.13,1.74,1.53,22.8462
Nifty Bank,04-08-2008,13.19,1.75,1.52,23.0825
Nifty Bank,05-08-2008,14.03,1.86,1.43,26.0958
Nifty Bank,06-08-2008,13.93,1.84,1.44,25.6312
Nifty Bank,07-08-2008,14.01,1.85,1.44,25.9185
Nifty Bank,08-08-2008,14.2,1.88,1.42,26.696
Nifty Bank,11-08-2008,14.8,1.96,1.36,29.008
Nifty Bank,12-08-2008,14.29,1.89,1.41,27.0081
Nifty Bank,13-08-2008,14.03,1.86,1.43,26.0958
Nifty Bank,14-08-2008,13.28,1.76,1.52,23.3728
Nifty Bank,18-08-2008,13.24,1.75,1.52,23.17
Nifty Bank,19-08-2008,13.19,1.75,1.52,23.0825
Nifty Bank,20-08-2008,13.27,1.76,1.52,23.3552
Nifty Bank,21-08-2008,12.58,1.66,1.6,20.8828
Nifty Bank,22-08-2008,12.72,1.68,1.58,21.3696
Nifty Bank,25-08-2008,12.91,1.71,1.56,22.0761
Nifty Bank,26-08-2008,13.09,1.73,1.54,22.6457
Nifty Bank,27-08-2008,12.82,1.7,1.57,21.794
Nifty Bank,28-08-2008,12.6,1.67,1.6,21.042
Nifty Bank,29-08-2008,13.44,1.78,1.5,23.9232
Nifty Bank,01-09-2008,13.5,1.79,1.49,24.165
Nifty Bank,02-09-2008,14.33,1.9,1.4,27.227
Nifty Bank,04-09-2008,14.3,1.89,1.41,27.027
Nifty Bank,05-09-2008,13.85,1.83,1.45,25.3455
Nifty Bank,08-09-2008,14.4,1.9,1.4,27.36
Nifty Bank,09-09-2008,14.19,1.88,1.42,26.6772
Nifty Bank,10-09-2008,14.15,1.87,1.42,26.4605
Nifty Bank,11-09-2008,13.94,1.84,1.44,25.6496
Nifty Bank,12-09-2008,13.64,1.8,1.48,24.552
Nifty Bank,15-09-2008,13.21,1.75,1.52,23.1175
Nifty Bank,16-09-2008,13.51,1.79,1.49,24.1829
Nifty Bank,17-09-2008,13.02,1.72,1.55,22.3944
Nifty Bank,18-09-2008,13.38,1.77,1.5,23.6826
Nifty Bank,19-09-2008,13.9,1.84,1.45,25.576
Nifty Bank,22-09-2008,13.88,1.84,1.45,25.5392
Nifty Bank,23-09-2008,13.29,1.76,1.51,23.3904
Nifty Bank,24-09-2008,13.46,1.78,1.5,23.9588
Nifty Bank,25-09-2008,13.39,1.77,1.5,23.7003
Nifty Bank,26-09-2008,12.84,1.7,1.57,21.828
Nifty Bank,29-09-2008,12.2,1.61,1.65,19.642
Nifty Bank,30-09-2008,12.78,1.69,1.57,21.5982
Nifty Bank,01-10-2008,13.18,1.74,1.53,22.9332
Nifty Bank,03-10-2008,12.76,1.69,1.58,21.5644
Nifty Bank,06-10-2008,12.25,1.62,1.64,19.845
Nifty Bank,07-10-2008,12.02,1.59,1.67,19.1118
Nifty Bank,08-10-2008,11.5,1.52,1.75,17.48
Nifty Bank,10-10-2008,10.88,1.44,1.85,15.6672
Nifty Bank,13-10-2008,12.02,1.6,1.66,19.232
Nifty Bank,14-10-2008,12.2,1.63,1.64,19.886
Nifty Bank,15-10-2008,11.86,1.58,1.68,18.7388
Nifty Bank,16-10-2008,11.99,1.6,1.67,19.184
Nifty Bank,17-10-2008,11.26,1.51,1.76,17.0026
Nifty Bank,20-10-2008,11.42,1.54,1.73,17.5868
Nifty Bank,21-10-2008,11.71,1.58,1.69,18.5018
Nifty Bank,22-10-2008,10.87,1.48,1.79,16.0876
Nifty Bank,23-10-2008,10.52,1.44,1.85,15.1488
Nifty Bank,24-10-2008,9.19,1.26,2.12,11.5794
Nifty Bank,27-10-2008,8.46,1.19,2.23,10.0674
Nifty Bank,28-10-2008,8.92,1.26,2.12,11.2392
Nifty Bank,29-10-2008,8.85,1.25,2.13,11.0625
Nifty Bank,31-10-2008,9.29,1.32,2.02,12.2628
Nifty Bank,03-11-2008,10.02,1.42,1.87,14.2284
Nifty Bank,04-11-2008,10.73,1.52,1.75,16.3096
Nifty Bank,05-11-2008,10.53,1.49,1.78,15.6897
Nifty Bank,06-11-2008,10.15,1.44,1.85,14.616
Nifty Bank,07-11-2008,10.37,1.47,1.81,15.2439
Nifty Bank,10-11-2008,10.81,1.53,1.74,16.5393
Nifty Bank,11-11-2008,10.17,1.44,1.85,14.6448
Nifty Bank,12-11-2008,9.76,1.38,1.92,13.4688
Nifty Bank,14-11-2008,9.7,1.37,1.94,13.289
Nifty Bank,17-11-2008,9.34,1.32,2.01,12.3288
Nifty Bank,18-11-2008,8.93,1.27,2.1,11.3411
Nifty Bank,19-11-2008,8.7,1.23,2.16,10.701
Nifty Bank,20-11-2008,8.4,1.19,2.24,9.996
Nifty Bank,21-11-2008,8.84,1.25,2.12,11.05
Nifty Bank,24-11-2008,8.56,1.21,2.19,10.3576
Nifty Bank,25-11-2008,8.33,1.18,2.25,9.8294
Nifty Bank,26-11-2008,8.77,1.24,2.14,10.8748
Nifty Bank,28-11-2008,8.82,1.25,2.13,11.025
Nifty Bank,01-12-2008,8.48,1.2,2.22,10.176
Nifty Bank,02-12-2008,8.43,1.19,2.23,10.0317
Nifty Bank,03-12-2008,8.67,1.23,2.16,10.6641
Nifty Bank,04-12-2008,9.14,1.3,2.05,11.882
Nifty Bank,05-12-2008,8.96,1.27,2.1,11.3792
Nifty Bank,08-12-2008,9.1,1.29,2.06,11.739
Nifty Bank,10-12-2008,9.35,1.33,2.01,12.4355
Nifty Bank,11-12-2008,9.45,1.34,1.99,12.663
Nifty Bank,12-12-2008,9.57,1.36,1.96,13.0152
Nifty Bank,15-12-2008,9.68,1.37,1.94,13.2616
Nifty Bank,16-12-2008,9.91,1.4,1.9,13.874
Nifty Bank,17-12-2008,9.84,1.4,1.91,13.776
Nifty Bank,18-12-2008,10.53,1.49,1.78,15.6897
Nifty Bank,19-12-2008,10.57,1.5,1.78,15.855
Nifty Bank,22-12-2008,10.35,1.47,1.81,15.2145
Nifty Bank,23-12-2008,9.99,1.42,1.88,14.1858
Nifty Bank,24-12-2008,10.13,1.44,1.85,14.5872
Nifty Bank,26-12-2008,9.84,1.4,1.91,13.776
Nifty Bank,29-12-2008,10.18,1.44,1.84,14.6592
Nifty Bank,30-12-2008,10.4,1.47,1.8,15.288
Nifty Bank,31-12-2008,10.28,1.46,1.83,15.0088
Nifty Bank,01-01-2009,10.52,1.49,1.79,15.6748
Nifty Bank,02-01-2009,10.68,1.51,1.76,16.1268
Nifty Bank,05-01-2009,11.02,1.56,1.7,17.1912
Nifty Bank,06-01-2009,11.09,1.57,1.69,17.4113
Nifty Bank,07-01-2009,10.25,1.45,1.83,14.8625
Nifty Bank,09-01-2009,10.01,1.43,1.86,14.3143
Nifty Bank,12-01-2009,9.59,1.37,1.94,13.1383
Nifty Bank,13-01-2009,9.51,1.36,1.96,12.9336
Nifty Bank,14-01-2009,9.69,1.38,1.92,13.3722
Nifty Bank,15-01-2009,9.08,1.31,2.04,11.8948
Nifty Bank,16-01-2009,9.28,1.33,1.99,12.3424
Nifty Bank,19-01-2009,9.2,1.32,2.01,12.144
Nifty Bank,20-01-2009,8.92,1.28,2.08,11.4176
Nifty Bank,21-01-2009,8.61,1.24,2.15,10.6764
Nifty Bank,22-01-2009,8.58,1.25,2.13,10.725
Nifty Bank,23-01-2009,7.99,1.19,2.24,9.5081
Nifty Bank,27-01-2009,8.02,1.22,2.18,9.7844
Nifty Bank,28-01-2009,8.29,1.26,2.1,10.4454
Nifty Bank,29-01-2009,8.27,1.27,2.09,10.5029
Nifty Bank,30-01-2009,8.3,1.3,2.05,10.79
Nifty Bank,02-02-2009,7.89,1.23,2.16,9.7047
Nifty Bank,03-02-2009,7.92,1.24,2.15,9.8208
Nifty Bank,04-02-2009,7.91,1.24,2.15,9.8084
Nifty Bank,05-02-2009,7.88,1.23,2.16,9.6924
Nifty Bank,06-02-2009,8.07,1.26,2.11,10.1682
Nifty Bank,09-02-2009,8.3,1.3,2.05,10.79
Nifty Bank,10-02-2009,8.41,1.32,2.02,11.1012
Nifty Bank,11-02-2009,8.39,1.31,2.03,10.9909
Nifty Bank,12-02-2009,8.32,1.3,2.04,10.816
Nifty Bank,13-02-2009,8.5,1.33,2,11.305
Nifty Bank,16-02-2009,8.1,1.27,2.1,10.287
Nifty Bank,17-02-2009,7.75,1.21,2.19,9.3775
Nifty Bank,18-02-2009,7.59,1.19,2.24,9.0321
Nifty Bank,19-02-2009,7.56,1.18,2.25,8.9208
Nifty Bank,20-02-2009,7.32,1.15,2.32,8.418
Nifty Bank,24-02-2009,7.22,1.13,2.36,8.1586
Nifty Bank,25-02-2009,7.28,1.14,2.34,8.2992
Nifty Bank,26-02-2009,7.14,1.12,2.38,7.9968
Nifty Bank,27-02-2009,7.25,1.13,2.35,8.1925
Nifty Bank,02-03-2009,6.92,1.08,2.46,7.4736
Nifty Bank,03-03-2009,6.77,1.06,2.51,7.1762
Nifty Bank,04-03-2009,6.68,1.05,2.55,7.014
Nifty Bank,05-03-2009,6.42,1,2.65,6.42
Nifty Bank,06-03-2009,6.43,1.01,2.64,6.4943
Nifty Bank,09-03-2009,6.22,0.97,2.74,6.0334
Nifty Bank,12-03-2009,6.41,1,2.65,6.41
Nifty Bank,13-03-2009,6.76,1.06,2.51,7.1656
Nifty Bank,16-03-2009,6.96,1.09,2.44,7.5864
Nifty Bank,17-03-2009,6.79,1.06,2.51,7.1974
Nifty Bank,18-03-2009,6.94,1.09,2.45,7.5646
Nifty Bank,19-03-2009,7.01,1.1,2.43,7.711
Nifty Bank,20-03-2009,6.87,1.08,2.47,7.4196
Nifty Bank,23-03-2009,7.34,1.15,2.32,8.441
Nifty Bank,24-03-2009,7.46,1.17,2.28,8.7282
Nifty Bank,25-03-2009,7.68,1.2,2.21,9.216
Nifty Bank,26-03-2009,7.98,1.25,2.13,9.975
Nifty Bank,27-03-2009,8.2,1.28,2.07,10.496
Nifty Bank,30-03-2009,7.51,1.18,2.26,8.8618
Nifty Bank,31-03-2009,7.69,1.2,2.21,9.228
Nifty Bank,01-04-2009,7.84,1.23,2.17,9.6432
Nifty Bank,02-04-2009,8.24,1.29,2.06,10.6296
Nifty Bank,06-04-2009,8.35,1.31,2.04,10.9385
Nifty Bank,08-04-2009,8.34,1.31,2.04,10.9254
Nifty Bank,09-04-2009,8.54,1.34,1.99,11.4436
Nifty Bank,13-04-2009,8.97,1.4,1.9,12.558
Nifty Bank,15-04-2009,9.4,1.47,1.81,13.818
Nifty Bank,16-04-2009,9.15,1.43,1.86,13.0845
Nifty Bank,17-04-2009,9.41,1.47,1.81,13.8327
Nifty Bank,20-04-2009,9.33,1.46,1.82,13.6218
Nifty Bank,21-04-2009,8.97,1.41,1.88,12.6477
Nifty Bank,22-04-2009,8.89,1.4,1.9,12.446
Nifty Bank,23-04-2009,9.18,1.45,1.84,13.311
Nifty Bank,24-04-2009,9.4,1.49,1.78,14.006
Nifty Bank,27-04-2009,9.48,1.51,1.76,14.3148
Nifty Bank,28-04-2009,9.02,1.44,1.85,12.9888
Nifty Bank,29-04-2009,9.29,1.5,1.78,13.935
Nifty Bank,04-05-2009,9.97,1.6,1.66,15.952
Nifty Bank,05-05-2009,10.13,1.63,1.63,16.5119
Nifty Bank,06-05-2009,9.86,1.59,1.68,15.6774
Nifty Bank,07-05-2009,10.12,1.63,1.64,16.4956
Nifty Bank,08-05-2009,9.81,1.58,1.69,15.4998
Nifty Bank,11-05-2009,9.42,1.56,1.71,14.6952
Nifty Bank,12-05-2009,9.84,1.63,1.64,16.0392
Nifty Bank,13-05-2009,9.73,1.61,1.65,15.6653
Nifty Bank,14-05-2009,9.68,1.6,1.66,15.488
Nifty Bank,15-05-2009,10.03,1.66,1.6,16.6498
Nifty Bank,18-05-2009,11.92,1.97,1.35,23.4824
Nifty Bank,19-05-2009,12.8,2.12,1.26,27.136
Nifty Bank,20-05-2009,12.59,2.08,1.28,26.1872
Nifty Bank,21-05-2009,12.09,2.02,1.32,24.4218
Nifty Bank,22-05-2009,12.27,2.05,1.3,25.1535
Nifty Bank,25-05-2009,12.32,2.06,1.29,25.3792
Nifty Bank,26-05-2009,11.94,1.97,1.39,23.5218
Nifty Bank,27-05-2009,12.58,2.07,1.32,26.0406
Nifty Bank,28-05-2009,12.8,2.11,1.3,27.008
Nifty Bank,29-05-2009,12.93,2.13,1.29,27.5409
Nifty Bank,01-06-2009,12.84,2.11,1.3,27.0924
Nifty Bank,02-06-2009,12.8,2.11,1.3,27.008
Nifty Bank,03-06-2009,12.66,2.08,1.31,26.3328
Nifty Bank,04-06-2009,12.82,2.11,1.3,27.0502
Nifty Bank,05-06-2009,12.8,2.11,1.3,27.008
Nifty Bank,08-06-2009,12.16,2,1.37,24.32
Nifty Bank,09-06-2009,12.53,2.06,1.33,25.8118
Nifty Bank,10-06-2009,12.8,2.11,1.3,27.008
Nifty Bank,11-06-2009,12.64,2.08,1.32,26.2912
Nifty Bank,12-06-2009,12.35,2,1.35,24.7
Nifty Bank,15-06-2009,12.35,2,1.35,24.7
Nifty Bank,16-06-2009,12.69,2.06,1.31,26.1414
Nifty Bank,17-06-2009,12.35,2,1.35,24.7
Nifty Bank,18-06-2009,12.35,2,1.35,24.7
Nifty Bank,19-06-2009,12.6,2.04,1.32,25.704
Nifty Bank,22-06-2009,12.61,2.04,1.32,25.7244
Nifty Bank,23-06-2009,12.37,2,1.34,24.74
Nifty Bank,24-06-2009,12.4,2.01,1.34,24.924
Nifty Bank,25-06-2009,12.42,2.01,1.34,24.9642
Nifty Bank,26-06-2009,12.91,2.09,1.29,26.9819
Nifty Bank,29-06-2009,13.1,2.12,1.27,27.772
Nifty Bank,30-06-2009,12.8,2.07,1.3,26.496
Nifty Bank,01-07-2009,13,2.11,1.28,27.43
Nifty Bank,02-07-2009,12.91,2.09,1.29,26.9819
Nifty Bank,03-07-2009,13.2,2.14,1.26,28.248
Nifty Bank,06-07-2009,12.12,1.77,1.7,21.4524
Nifty Bank,07-07-2009,12.13,1.77,1.69,21.4701
Nifty Bank,08-07-2009,11.62,1.69,1.77,19.6378
Nifty Bank,09-07-2009,11.64,1.7,1.76,19.788
Nifty Bank,10-07-2009,11.37,1.66,1.81,18.8742
Nifty Bank,13-07-2009,11.31,1.66,1.8,18.7746
Nifty Bank,14-07-2009,11.65,1.72,1.74,20.038
Nifty Bank,15-07-2009,11.96,1.75,1.7,20.93
Nifty Bank,16-07-2009,11.91,1.74,1.7,20.7234
Nifty Bank,17-07-2009,12.46,1.82,1.63,22.6772
Nifty Bank,20-07-2009,12.98,1.9,1.56,24.662
Nifty Bank,21-07-2009,12.79,1.87,1.58,23.9173
Nifty Bank,22-07-2009,12.44,1.85,1.61,23.014
Nifty Bank,23-07-2009,12.6,1.88,1.58,23.688
Nifty Bank,24-07-2009,12.46,1.86,1.59,23.1756
Nifty Bank,27-07-2009,12.29,1.86,1.59,22.8594
Nifty Bank,28-07-2009,12.14,1.84,1.61,22.3376
Nifty Bank,29-07-2009,11.99,1.82,1.63,21.8218
Nifty Bank,30-07-2009,11.9,1.86,1.59,22.134
Nifty Bank,31-07-2009,12.15,1.9,1.56,23.085
Nifty Bank,03-08-2009,12.32,1.93,1.54,23.7776
Nifty Bank,04-08-2009,12.26,1.92,1.55,23.5392
Nifty Bank,05-08-2009,12.25,1.92,1.55,23.52
Nifty Bank,06-08-2009,12.03,1.88,1.58,22.6164
Nifty Bank,07-08-2009,11.67,1.83,1.62,21.3561
Nifty Bank,10-08-2009,11.53,1.8,1.64,20.754
Nifty Bank,11-08-2009,11.62,1.82,1.63,21.1484
Nifty Bank,12-08-2009,11.55,1.81,1.64,20.9055
Nifty Bank,13-08-2009,12.03,1.88,1.58,22.6164
Nifty Bank,14-08-2009,11.94,1.87,1.59,22.3278
Nifty Bank,17-08-2009,11.44,1.79,1.66,20.4776
Nifty Bank,18-08-2009,11.6,1.82,1.63,21.112
Nifty Bank,19-08-2009,11.44,1.79,1.66,20.4776
Nifty Bank,20-08-2009,11.69,1.83,1.62,21.3927
Nifty Bank,21-08-2009,11.88,1.86,1.6,22.0968
Nifty Bank,24-08-2009,12.09,1.89,1.57,22.8501
Nifty Bank,25-08-2009,11.95,1.87,1.59,22.3465
Nifty Bank,26-08-2009,11.94,1.87,1.59,22.3278
Nifty Bank,27-08-2009,11.89,1.86,1.59,22.1154
Nifty Bank,28-08-2009,12.05,1.89,1.57,22.7745
Nifty Bank,31-08-2009,11.96,1.87,1.58,22.3652
Nifty Bank,01-09-2009,11.88,1.86,1.6,22.0968
Nifty Bank,02-09-2009,11.82,1.85,1.6,21.867
Nifty Bank,03-09-2009,11.83,1.85,1.6,21.8855
Nifty Bank,04-09-2009,11.98,1.88,1.58,22.5224
Nifty Bank,07-09-2009,12.32,1.93,1.54,23.7776
Nifty Bank,08-09-2009,12.43,1.95,1.53,24.2385
Nifty Bank,09-09-2009,12.52,1.96,1.51,24.5392
Nifty Bank,10-09-2009,12.61,1.97,1.5,24.8417
Nifty Bank,11-09-2009,12.75,1.99,1.49,25.3725
Nifty Bank,14-09-2009,12.86,2.01,1.47,25.8486
Nifty Bank,15-09-2009,13.22,2.07,1.43,27.3654
Nifty Bank,16-09-2009,13.47,2.11,1.41,28.4217
Nifty Bank,17-09-2009,13.58,2.13,1.4,28.9254
Nifty Bank,18-09-2009,13.49,2.11,1.4,28.4639
Nifty Bank,22-09-2009,13.61,2.13,1.39,28.9893
Nifty Bank,23-09-2009,13.56,2.12,1.4,28.7472
Nifty Bank,24-09-2009,13.76,2.15,1.38,29.584
Nifty Bank,25-09-2009,13.62,2.13,1.39,29.0106
Nifty Bank,29-09-2009,13.67,2.14,1.39,29.2538
Nifty Bank,30-09-2009,14.19,2.22,1.34,31.5018
Nifty Bank,01-10-2009,14.27,2.23,1.33,31.8221
Nifty Bank,05-10-2009,13.95,2.18,1.36,30.411
Nifty Bank,06-10-2009,14.28,2.23,1.33,31.8444
Nifty Bank,07-10-2009,14.19,2.22,1.34,31.5018
Nifty Bank,08-10-2009,14.34,2.24,1.32,32.1216
Nifty Bank,09-10-2009,14.12,2.21,1.34,31.2052
Nifty Bank,12-10-2009,14.55,2.28,1.3,33.174
Nifty Bank,14-10-2009,14.73,2.32,1.28,34.1736
Nifty Bank,15-10-2009,14.96,2.36,1.26,35.3056
Nifty Bank,16-10-2009,15.33,2.42,1.23,37.0986
Nifty Bank,17-10-2009,15.31,2.42,1.23,37.0502
Nifty Bank,20-10-2009,15.25,2.41,1.23,36.7525
Nifty Bank,21-10-2009,14.92,2.36,1.26,35.2112
Nifty Bank,22-10-2009,14.63,2.31,1.28,33.7953
Nifty Bank,23-10-2009,14.79,2.33,1.27,34.4607
Nifty Bank,26-10-2009,14.3,2.29,1.29,32.747
Nifty Bank,27-10-2009,13.77,2.21,1.34,30.4317
Nifty Bank,28-10-2009,13.63,2.19,1.36,29.8497
Nifty Bank,29-10-2009,13.33,2.14,1.39,28.5262
Nifty Bank,30-10-2009,13.28,2.14,1.38,28.4192
Nifty Bank,03-11-2009,12.99,2.1,1.41,27.279
Nifty Bank,04-11-2009,13.39,2.16,1.37,28.9224
Nifty Bank,05-11-2009,13.43,2.17,1.37,29.1431
Nifty Bank,06-11-2009,13.64,2.22,1.34,30.2808
Nifty Bank,09-11-2009,14.28,2.32,1.28,33.1296
Nifty Bank,10-11-2009,14.35,2.33,1.27,33.4355
Nifty Bank,11-11-2009,14.61,2.37,1.25,34.6257
Nifty Bank,12-11-2009,14.22,2.31,1.28,32.8482
Nifty Bank,13-11-2009,14.33,2.33,1.27,33.3889
Nifty Bank,16-11-2009,14.5,2.36,1.26,34.22
Nifty Bank,17-11-2009,14.55,2.36,1.25,34.338
Nifty Bank,18-11-2009,14.43,2.35,1.26,33.9105
Nifty Bank,19-11-2009,14.15,2.3,1.29,32.545
Nifty Bank,20-11-2009,14.43,2.34,1.27,33.7662
Nifty Bank,23-11-2009,14.51,2.36,1.26,34.2436
Nifty Bank,24-11-2009,14.47,2.35,1.26,34.0045
Nifty Bank,25-11-2009,14.56,2.37,1.25,34.5072
Nifty Bank,26-11-2009,14.19,2.31,1.29,32.7789
Nifty Bank,27-11-2009,14,2.27,1.3,31.78
Nifty Bank,30-11-2009,14.16,2.3,1.29,32.568
Nifty Bank,01-12-2009,14.48,2.35,1.26,34.028
Nifty Bank,02-12-2009,14.6,2.37,1.25,34.602
Nifty Bank,03-12-2009,14.62,2.38,1.25,34.7956
Nifty Bank,04-12-2009,14.47,2.35,1.26,34.0045
Nifty Bank,07-12-2009,14.36,2.33,1.27,33.4588
Nifty Bank,08-12-2009,14.54,2.36,1.26,34.3144
Nifty Bank,09-12-2009,14.32,2.33,1.28,33.3656
Nifty Bank,10-12-2009,14.41,2.34,1.27,33.7194
Nifty Bank,11-12-2009,14.24,2.31,1.28,32.8944
Nifty Bank,14-12-2009,14.08,2.29,1.3,32.2432
Nifty Bank,15-12-2009,13.67,2.22,1.34,30.3474
Nifty Bank,16-12-2009,13.57,2.2,1.35,29.854
Nifty Bank,17-12-2009,13.62,2.21,1.34,30.1002
Nifty Bank,18-12-2009,13.46,2.19,1.36,29.4774
Nifty Bank,21-12-2009,13.48,2.19,1.35,29.5212
Nifty Bank,22-12-2009,13.64,2.22,1.34,30.2808
Nifty Bank,23-12-2009,13.96,2.27,1.31,31.6892
Nifty Bank,24-12-2009,14.04,2.28,1.3,32.0112
Nifty Bank,29-12-2009,14.08,2.29,1.3,32.2432
Nifty Bank,30-12-2009,14.08,2.29,1.3,32.2432
Nifty Bank,31-12-2009,14.14,2.3,1.29,32.522
Nifty Bank,04-01-2010,14.27,2.32,1.28,33.1064
Nifty Bank,05-01-2010,14.52,2.36,1.26,34.2672
Nifty Bank,06-01-2010,14.57,2.37,1.25,34.5309
Nifty Bank,07-01-2010,14.52,2.36,1.26,34.2672
Nifty Bank,08-01-2010,14.48,2.35,1.26,34.028
Nifty Bank,11-01-2010,14.5,2.36,1.26,34.22
Nifty Bank,12-01-2010,14.2,2.31,1.29,32.802
Nifty Bank,13-01-2010,14.11,2.29,1.29,32.3119
Nifty Bank,14-01-2010,14.08,2.29,1.3,32.2432
Nifty Bank,15-01-2010,14.08,2.29,1.3,32.2432
Nifty Bank,18-01-2010,14.37,2.34,1.27,33.6258
Nifty Bank,19-01-2010,14.44,2.35,1.26,33.934
Nifty Bank,20-01-2010,14.25,2.34,1.27,33.345
Nifty Bank,21-01-2010,13.93,2.29,1.3,31.8997
Nifty Bank,22-01-2010,13.7,2.25,1.32,30.825
Nifty Bank,25-01-2010,13.62,2.23,1.33,30.3726
Nifty Bank,27-01-2010,13.05,2.14,1.39,27.927
Nifty Bank,28-01-2010,13.19,2.16,1.37,28.4904
Nifty Bank,29-01-2010,13.58,2.22,1.34,30.1476
Nifty Bank,01-02-2010,13.58,2.22,1.34,30.1476
Nifty Bank,02-02-2010,13.3,2.17,1.36,28.861
Nifty Bank,03-02-2010,13.55,2.22,1.34,30.081
Nifty Bank,04-02-2010,13.3,2.18,1.36,28.994
Nifty Bank,05-02-2010,12.92,2.11,1.4,27.2612
Nifty Bank,06-02-2010,13,2.13,1.4,27.69
Nifty Bank,08-02-2010,13.1,2.14,1.38,28.034
Nifty Bank,09-02-2010,13.18,2.16,1.38,28.4688
Nifty Bank,10-02-2010,13.02,2.13,1.39,27.7326
Nifty Bank,11-02-2010,13.17,2.15,1.38,28.3155
Nifty Bank,15-02-2010,13.06,2.14,1.39,27.9484
Nifty Bank,16-02-2010,13.19,2.16,1.37,28.4904
Nifty Bank,17-02-2010,13.43,2.2,1.35,29.546
Nifty Bank,18-02-2010,13.47,2.2,1.35,29.634
Nifty Bank,19-02-2010,13.33,2.18,1.36,29.0594
Nifty Bank,22-02-2010,13.34,2.18,1.36,29.0812
Nifty Bank,23-02-2010,13.37,2.19,1.36,29.2803
Nifty Bank,24-02-2010,13.36,2.19,1.36,29.2584
Nifty Bank,25-02-2010,13.41,2.19,1.35,29.3679
Nifty Bank,26-02-2010,16.33,2.34,1.22,38.2122
Nifty Bank,02-03-2010,16.7,2.4,1.19,40.08
Nifty Bank,03-03-2010,16.92,2.43,1.17,41.1156
Nifty Bank,04-03-2010,16.87,2.42,1.18,40.8254
Nifty Bank,05-03-2010,16.92,2.43,1.17,41.1156
Nifty Bank,08-03-2010,17.13,2.46,1.16,42.1398
Nifty Bank,09-03-2010,17.12,2.46,1.16,42.1152
Nifty Bank,10-03-2010,17.08,2.45,1.16,41.846
Nifty Bank,11-03-2010,17.21,2.47,1.15,42.5087
Nifty Bank,12-03-2010,17.18,2.47,1.16,42.4346
Nifty Bank,15-03-2010,17.02,2.44,1.17,41.5288
Nifty Bank,16-03-2010,17.05,2.45,1.17,41.7725
Nifty Bank,17-03-2010,17.21,2.47,1.15,42.5087
Nifty Bank,18-03-2010,17.33,2.49,1.15,43.1517
Nifty Bank,19-03-2010,17.36,2.49,1.14,43.2264
Nifty Bank,22-03-2010,17.21,2.47,1.15,42.5087
Nifty Bank,23-03-2010,17.27,2.48,1.15,42.8296
Nifty Bank,25-03-2010,17.45,2.51,1.14,43.7995
Nifty Bank,26-03-2010,17.71,2.54,1.12,44.9834
Nifty Bank,29-03-2010,17.83,2.56,1.11,45.6448
Nifty Bank,30-03-2010,17.74,2.55,1.12,45.237
Nifty Bank,31-03-2010,17.72,2.54,1.12,45.0088
Nifty Bank,01-04-2010,17.81,2.56,1.12,45.5936
Nifty Bank,05-04-2010,18.17,2.61,1.09,47.4237
Nifty Bank,06-04-2010,18.22,2.62,1.09,47.7364
Nifty Bank,07-04-2010,18.13,2.6,1.1,47.138
Nifty Bank,08-04-2010,17.84,2.56,1.11,45.6704
Nifty Bank,09-04-2010,18.1,2.6,1.1,47.06
Nifty Bank,12-04-2010,17.94,2.58,1.11,46.2852
Nifty Bank,13-04-2010,17.77,2.55,1.12,45.3135
Nifty Bank,15-04-2010,17.51,2.51,1.13,43.9501
Nifty Bank,16-04-2010,17.53,2.52,1.13,44.1756
Nifty Bank,19-04-2010,17.43,2.5,1.14,43.575
Nifty Bank,20-04-2010,17.7,2.54,1.12,44.958
Nifty Bank,21-04-2010,17.91,2.57,1.11,46.0287
Nifty Bank,22-04-2010,18.03,2.59,1.1,46.6977
Nifty Bank,23-04-2010,18.39,2.64,1.08,48.5496
Nifty Bank,26-04-2010,18.44,2.65,1.08,48.866
Nifty Bank,27-04-2010,17.76,2.62,1.09,46.5312
Nifty Bank,28-04-2010,17.54,2.59,1.1,45.4286
Nifty Bank,29-04-2010,17.84,2.64,1.08,47.0976
Nifty Bank,30-04-2010,17.89,2.66,1.07,47.5874
Nifty Bank,03-05-2010,17.72,2.63,1.08,46.6036
Nifty Bank,04-05-2010,17.45,2.59,1.1,45.1955
Nifty Bank,05-05-2010,17.37,2.58,1.11,44.8146
Nifty Bank,06-05-2010,17.37,2.58,1.11,44.8146
Nifty Bank,07-05-2010,16.82,2.5,1.14,42.05
Nifty Bank,10-05-2010,17.54,2.6,1.09,45.604
Nifty Bank,11-05-2010,17.49,2.6,1.1,45.474
Nifty Bank,12-05-2010,17.66,2.62,1.09,46.2692
Nifty Bank,13-05-2010,17.76,2.64,1.08,46.8864
Nifty Bank,14-05-2010,17.68,2.59,1.1,45.7912
Nifty Bank,17-05-2010,17.56,2.57,1.11,45.1292
Nifty Bank,18-05-2010,17.5,2.56,1.11,44.8
Nifty Bank,19-05-2010,16.79,2.46,1.16,41.3034
Nifty Bank,20-05-2010,16.92,2.47,1.15,41.7924
Nifty Bank,21-05-2010,16.84,2.46,1.16,41.4264
Nifty Bank,24-05-2010,16.75,2.45,1.16,41.0375
Nifty Bank,25-05-2010,16.32,2.39,1.19,39.0048
Nifty Bank,26-05-2010,16.64,2.43,1.17,40.4352
Nifty Bank,27-05-2010,17.07,2.5,1.14,42.675
Nifty Bank,28-05-2010,17.17,2.51,1.14,43.0967
Nifty Bank,31-05-2010,17.26,2.53,1.13,43.6678
Nifty Bank,01-06-2010,16.81,2.46,1.16,41.3526
Nifty Bank,02-06-2010,16.95,2.48,1.15,42.036
Nifty Bank,03-06-2010,17.31,2.53,1.13,43.7943
Nifty Bank,04-06-2010,17.43,2.55,1.12,44.4465
Nifty Bank,07-06-2010,17.15,2.51,1.14,43.0465
Nifty Bank,08-06-2010,16.95,2.48,1.15,42.036
Nifty Bank,09-06-2010,17.05,2.49,1.14,42.4545
Nifty Bank,10-06-2010,17.25,2.52,1.13,43.47
Nifty Bank,11-06-2010,17.44,2.55,1.12,44.472
Nifty Bank,14-06-2010,17.59,2.57,1.11,45.2063
Nifty Bank,15-06-2010,17.63,2.58,1.11,45.4854
Nifty Bank,16-06-2010,17.69,2.59,1.1,45.8171
Nifty Bank,17-06-2010,17.74,2.59,1.1,45.9466
Nifty Bank,18-06-2010,17.67,2.58,1.1,45.5886
Nifty Bank,21-06-2010,18.01,2.63,1.08,47.3663
Nifty Bank,22-06-2010,17.85,2.61,1.09,46.5885
Nifty Bank,23-06-2010,17.93,2.62,1.09,46.9766
Nifty Bank,24-06-2010,17.85,2.61,1.09,46.5885
Nifty Bank,25-06-2010,17.44,2.55,1.12,44.472
Nifty Bank,28-06-2010,17.61,2.58,1.11,45.4338
Nifty Bank,29-06-2010,17.31,2.53,1.13,43.7943
Nifty Bank,30-06-2010,17.46,2.55,1.12,44.523
Nifty Bank,01-07-2010,17.25,2.52,1.13,43.47
Nifty Bank,02-07-2010,17.27,2.53,1.13,43.6931
Nifty Bank,05-07-2010,17.32,2.53,1.13,43.8196
Nifty Bank,06-07-2010,17.62,2.58,1.11,45.4596
Nifty Bank,07-07-2010,17.44,2.55,1.12,44.472
Nifty Bank,08-07-2010,17.65,2.58,1.1,45.537
Nifty Bank,09-07-2010,17.92,2.62,1.09,46.9504
Nifty Bank,12-07-2010,18.19,2.66,1.07,48.3854
Nifty Bank,13-07-2010,18.34,2.68,1.06,49.1512
Nifty Bank,14-07-2010,18.39,2.69,1.06,49.4691
Nifty Bank,15-07-2010,18.34,2.68,1.06,49.1512
Nifty Bank,16-07-2010,18.49,2.7,1.05,49.923
Nifty Bank,19-07-2010,18.53,2.71,1.05,50.2163
Nifty Bank,20-07-2010,18.42,2.69,1.06,49.5498
Nifty Bank,21-07-2010,18.45,2.7,1.06,49.815
Nifty Bank,22-07-2010,18.46,2.72,1.05,50.2112
Nifty Bank,23-07-2010,18.53,2.73,1.05,50.5869
Nifty Bank,26-07-2010,17.94,2.71,1.05,48.6174
Nifty Bank,27-07-2010,18.06,2.73,1.05,49.3038
Nifty Bank,28-07-2010,18.02,2.72,1.05,49.0144
Nifty Bank,29-07-2010,18.22,2.63,1.1,47.9186
Nifty Bank,30-07-2010,18.19,2.63,1.1,47.8397
Nifty Bank,02-08-2010,18.44,2.69,1.07,49.6036
Nifty Bank,03-08-2010,18.6,2.6,1.08,48.36
Nifty Bank,04-08-2010,18.58,2.6,1.08,48.308
Nifty Bank,05-08-2010,18.52,2.59,1.09,47.9668
Nifty Bank,06-08-2010,18.39,2.44,1.15,44.8716
Nifty Bank,09-08-2010,18.46,2.48,1.14,45.7808
Nifty Bank,10-08-2010,18.45,2.48,1.14,45.756
Nifty Bank,11-08-2010,18.29,2.46,1.15,44.9934
Nifty Bank,12-08-2010,18.57,2.49,1.13,46.2393
Nifty Bank,13-08-2010,18.84,2.53,1.12,47.6652
Nifty Bank,16-08-2010,18.51,2.51,1.13,46.4601
Nifty Bank,17-08-2010,18.66,2.53,1.12,47.2098
Nifty Bank,18-08-2010,18.88,2.56,1.1,48.3328
Nifty Bank,19-08-2010,19.25,2.61,1.08,50.2425
Nifty Bank,20-08-2010,19.12,2.59,1.09,49.5208
Nifty Bank,23-08-2010,19.23,2.61,1.08,50.1903
Nifty Bank,24-08-2010,19.14,2.59,1.09,49.5726
Nifty Bank,25-08-2010,18.95,2.57,1.1,48.7015
Nifty Bank,26-08-2010,19.03,2.58,1.1,49.0974
Nifty Bank,27-08-2010,18.59,2.52,1.12,46.8468
Nifty Bank,30-08-2010,18.62,2.52,1.12,46.9224
Nifty Bank,31-08-2010,18.62,2.52,1.12,46.9224
Nifty Bank,01-09-2010,18.85,2.55,1.11,48.0675
Nifty Bank,02-09-2010,19.03,2.57,1.1,48.9071
Nifty Bank,03-09-2010,19.05,2.57,1.1,48.9585
Nifty Bank,06-09-2010,19.44,2.63,1.08,51.1272
Nifty Bank,07-09-2010,19.4,2.62,1.08,50.828
Nifty Bank,08-09-2010,19.39,2.62,1.08,50.8018
Nifty Bank,09-09-2010,19.84,2.68,1.06,53.1712
Nifty Bank,13-09-2010,20.89,2.82,1,58.9098
Nifty Bank,14-09-2010,20.99,2.84,1,59.6116
Nifty Bank,15-09-2010,21.1,2.85,0.99,60.135
Nifty Bank,16-09-2010,21.17,2.86,0.99,60.5462
Nifty Bank,17-09-2010,21.3,2.88,0.98,61.344
Nifty Bank,20-09-2010,21.56,2.91,0.97,62.7396
Nifty Bank,21-09-2010,21.55,2.91,0.97,62.7105
Nifty Bank,22-09-2010,21.66,2.93,0.97,63.4638
Nifty Bank,23-09-2010,21.38,2.89,0.98,61.7882
Nifty Bank,24-09-2010,21.58,2.92,0.97,63.0136
Nifty Bank,27-09-2010,21.56,2.92,0.97,62.9552
Nifty Bank,28-09-2010,21.6,2.92,0.97,63.072
Nifty Bank,29-09-2010,21.54,2.91,0.97,62.6814
Nifty Bank,30-09-2010,21.76,2.94,0.96,63.9744
Nifty Bank,01-10-2010,22.1,2.99,0.95,66.079
Nifty Bank,04-10-2010,22.27,3.01,0.94,67.0327
Nifty Bank,05-10-2010,22.17,3,0.94,66.51
Nifty Bank,06-10-2010,22.23,3.01,0.94,66.9123
Nifty Bank,07-10-2010,22.07,2.98,0.95,65.7686
Nifty Bank,08-10-2010,21.96,2.97,0.95,65.2212
Nifty Bank,11-10-2010,22.03,2.98,0.95,65.6494
Nifty Bank,12-10-2010,21.94,2.97,0.95,65.1618
Nifty Bank,13-10-2010,22.43,3.03,0.93,67.9629
Nifty Bank,14-10-2010,22.18,3,0.94,66.54
Nifty Bank,15-10-2010,21.73,2.94,0.96,63.8862
Nifty Bank,18-10-2010,21.57,2.93,0.97,63.2001
Nifty Bank,19-10-2010,21.42,2.91,0.97,62.3322
Nifty Bank,20-10-2010,21.3,2.9,0.98,61.77
Nifty Bank,21-10-2010,21.75,2.96,0.96,64.38
Nifty Bank,22-10-2010,21.66,2.95,0.96,63.897
Nifty Bank,25-10-2010,21.73,2.96,0.96,64.3208
Nifty Bank,26-10-2010,21.21,2.93,0.96,62.1453
Nifty Bank,27-10-2010,20.95,2.9,0.98,60.755
Nifty Bank,28-10-2010,20.81,2.88,0.98,59.9328
Nifty Bank,29-10-2010,21.2,2.93,0.97,62.116
Nifty Bank,01-11-2010,21.9,3.03,0.93,66.357
Nifty Bank,02-11-2010,21.96,3.04,0.93,66.7584
Nifty Bank,03-11-2010,22.17,3.07,0.92,68.0619
Nifty Bank,04-11-2010,22.12,3.14,0.9,69.4568
Nifty Bank,05-11-2010,22.27,3.16,0.9,70.3732
Nifty Bank,08-11-2010,21.99,3.12,0.91,68.6088
Nifty Bank,09-11-2010,22.02,3.12,0.91,68.7024
Nifty Bank,10-11-2010,21.83,3.1,0.91,67.673
Nifty Bank,11-11-2010,21.52,3.05,0.93,65.636
Nifty Bank,12-11-2010,20.91,2.96,0.96,61.8936
Nifty Bank,15-11-2010,21.47,3.05,0.93,65.4835
Nifty Bank,16-11-2010,21.07,2.99,0.95,62.9993
Nifty Bank,18-11-2010,20.72,2.94,0.97,60.9168
Nifty Bank,19-11-2010,20.3,2.88,0.99,58.464
Nifty Bank,22-11-2010,20.85,2.96,0.96,61.716
Nifty Bank,23-11-2010,20.54,2.92,0.97,59.9768
Nifty Bank,24-11-2010,19.93,2.83,1,56.4019
Nifty Bank,25-11-2010,19.61,2.78,1.02,54.5158
Nifty Bank,26-11-2010,19.64,2.79,1.02,54.7956
Nifty Bank,29-11-2010,19.9,2.83,1,56.317
Nifty Bank,30-11-2010,20.11,2.86,0.99,57.5146
Nifty Bank,01-12-2010,20.72,2.94,0.97,60.9168
Nifty Bank,02-12-2010,20.99,2.98,0.95,62.5502
Nifty Bank,03-12-2010,20.78,2.95,0.96,61.301
Nifty Bank,06-12-2010,20.28,2.88,0.99,58.4064
Nifty Bank,07-12-2010,19.68,2.79,1.02,54.9072
Nifty Bank,08-12-2010,19.28,2.74,1.04,52.8272
Nifty Bank,09-12-2010,18.7,2.66,1.07,49.742
Nifty Bank,10-12-2010,19.26,2.73,1.04,52.5798
Nifty Bank,13-12-2010,19.39,2.75,1.03,53.3225
Nifty Bank,14-12-2010,19.46,2.76,1.03,53.7096
Nifty Bank,15-12-2010,18.85,2.68,1.06,50.518
Nifty Bank,16-12-2010,19.23,2.73,1.04,52.4979
Nifty Bank,20-12-2010,18.97,2.69,1.05,51.0293
Nifty Bank,21-12-2010,19.42,2.76,1.03,53.5992
Nifty Bank,22-12-2010,19.3,2.74,1.04,52.882
Nifty Bank,23-12-2010,19.31,2.74,1.04,52.9094
Nifty Bank,24-12-2010,19.32,2.74,1.04,52.9368
Nifty Bank,27-12-2010,19.31,2.74,1.04,52.9094
Nifty Bank,28-12-2010,19.24,2.73,1.04,52.5252
Nifty Bank,29-12-2010,19.55,2.78,1.02,54.349
Nifty Bank,30-12-2010,19.58,2.78,1.02,54.4324
Nifty Bank,31-12-2010,19.85,2.82,1.01,55.977
Nifty Bank,03-01-2011,19.96,2.83,1,56.4868
Nifty Bank,04-01-2011,19.47,2.76,1.03,53.7372
Nifty Bank,05-01-2011,19.03,2.7,1.05,51.381
Nifty Bank,06-01-2011,18.83,2.67,1.06,50.2761
Nifty Bank,07-01-2011,18.61,2.64,1.07,49.1304
Nifty Bank,10-01-2011,18.03,2.56,1.11,46.1568
Nifty Bank,11-01-2011,18.25,2.59,1.1,47.2675
Nifty Bank,12-01-2011,18.75,2.66,1.07,49.875
Nifty Bank,13-01-2011,18.06,2.56,1.11,46.2336
Nifty Bank,14-01-2011,17.58,2.5,1.14,43.95
Nifty Bank,17-01-2011,17.64,2.5,1.13,44.1
Nifty Bank,18-01-2011,17.76,2.54,1.12,45.1104
Nifty Bank,19-01-2011,17.76,2.54,1.12,45.1104
Nifty Bank,20-01-2011,18.06,2.58,1.1,46.5948
Nifty Bank,21-01-2011,18.09,2.6,1.09,47.034
Nifty Bank,24-01-2011,18.09,2.67,1.06,48.3003
Nifty Bank,25-01-2011,17.64,2.6,1.09,45.864
Nifty Bank,27-01-2011,17.27,2.55,1.11,44.0385
Nifty Bank,28-01-2011,16.95,2.53,1.12,42.8835
Nifty Bank,31-01-2011,16.9,2.55,1.12,43.095
Nifty Bank,01-02-2011,16.65,2.51,1.13,41.7915
Nifty Bank,02-02-2011,16.63,2.5,1.13,41.575
Nifty Bank,03-02-2011,16.95,2.55,1.11,43.2225
Nifty Bank,04-02-2011,16.57,2.5,1.14,41.425
Nifty Bank,07-02-2011,16.49,2.48,1.14,40.8952
Nifty Bank,08-02-2011,16.12,2.43,1.17,39.1716
Nifty Bank,09-02-2011,16.07,2.42,1.17,38.8894
Nifty Bank,10-02-2011,16,2.41,1.18,38.56
Nifty Bank,11-02-2011,16.6,2.5,1.14,41.5
Nifty Bank,14-02-2011,17.17,2.59,1.1,44.4703
Nifty Bank,15-02-2011,17.42,2.62,1.08,45.6404
Nifty Bank,16-02-2011,17.42,2.62,1.08,45.6404
Nifty Bank,17-02-2011,17.7,2.67,1.07,47.259
Nifty Bank,18-02-2011,17.4,2.62,1.08,45.588
Nifty Bank,21-02-2011,17.56,2.64,1.07,46.3584
Nifty Bank,22-02-2011,17.22,2.59,1.09,44.5998
Nifty Bank,23-02-2011,16.92,2.55,1.11,43.146
Nifty Bank,24-02-2011,16.23,2.44,1.16,39.6012
Nifty Bank,25-02-2011,16.59,2.5,1.14,41.475
Nifty Bank,28-02-2011,16.59,2.5,1.14,41.475
Nifty Bank,01-03-2011,17.3,2.61,1.09,45.153
Nifty Bank,03-03-2011,17.35,2.61,1.09,45.2835
Nifty Bank,04-03-2011,17.42,2.62,1.08,45.6404
Nifty Bank,07-03-2011,17.14,2.58,1.1,44.2212
Nifty Bank,08-03-2011,17.37,2.62,1.09,45.5094
Nifty Bank,09-03-2011,17.44,2.63,1.08,45.8672
Nifty Bank,10-03-2011,17.24,2.6,1.09,44.824
Nifty Bank,11-03-2011,17.07,2.57,1.1,43.8699
Nifty Bank,14-03-2011,17.32,2.61,1.09,45.2052
Nifty Bank,15-03-2011,17.05,2.57,1.11,43.8185
Nifty Bank,16-03-2011,17.42,2.62,1.08,45.6404
Nifty Bank,17-03-2011,17.25,2.6,1.09,44.85
Nifty Bank,18-03-2011,17.04,2.57,1.11,43.7928
Nifty Bank,21-03-2011,17.05,2.57,1.11,43.8185
Nifty Bank,22-03-2011,17.12,2.58,1.1,44.1696
Nifty Bank,23-03-2011,17.42,2.62,1.08,45.6404
Nifty Bank,24-03-2011,17.6,2.65,1.07,46.64
Nifty Bank,25-03-2011,18.03,2.73,1.04,49.2219
Nifty Bank,28-03-2011,18.25,2.76,1.03,50.37
Nifty Bank,29-03-2011,18.34,2.77,1.02,50.8018
Nifty Bank,30-03-2011,18.63,2.82,1.01,52.5366
Nifty Bank,31-03-2011,18.54,2.8,1.01,51.912
Nifty Bank,01-04-2011,18.36,2.77,1.02,50.8572
Nifty Bank,04-04-2011,18.69,2.83,1,52.8927
Nifty Bank,05-04-2011,18.69,2.82,1.01,52.7058
Nifty Bank,06-04-2011,18.58,2.81,1.01,52.2098
Nifty Bank,07-04-2011,18.61,2.81,1.01,52.2941
Nifty Bank,08-04-2011,18.49,2.79,1.02,51.5871
Nifty Bank,11-04-2011,18.39,2.78,1.02,51.1242
Nifty Bank,13-04-2011,18.77,2.84,1,53.3068
Nifty Bank,15-04-2011,18.61,2.81,1.01,52.2941
Nifty Bank,18-04-2011,18.4,2.77,1.02,50.968
Nifty Bank,19-04-2011,18.3,2.79,1.02,51.057
Nifty Bank,20-04-2011,18.57,2.84,1,52.7388
Nifty Bank,21-04-2011,18.81,2.87,0.99,53.9847
Nifty Bank,25-04-2011,18.65,2.87,0.99,53.5255
Nifty Bank,26-04-2011,18.63,2.87,0.99,53.4681
Nifty Bank,27-04-2011,18.5,2.84,1,52.54
Nifty Bank,28-04-2011,18.35,2.82,1,51.747
Nifty Bank,29-04-2011,17.54,2.77,1.02,48.5858
Nifty Bank,02-05-2011,17.17,2.71,1.04,46.5307
Nifty Bank,03-05-2011,16.62,2.63,1.08,43.7106
Nifty Bank,04-05-2011,16.65,2.63,1.08,43.7895
Nifty Bank,05-05-2011,16.35,2.59,1.09,42.3465
Nifty Bank,06-05-2011,16.87,2.69,1.05,45.3803
Nifty Bank,09-05-2011,16.76,2.67,1.06,44.7492
Nifty Bank,10-05-2011,16.66,2.66,1.07,44.3156
Nifty Bank,11-05-2011,16.74,2.67,1.06,44.6958
Nifty Bank,12-05-2011,16.48,2.63,1.08,43.3424
Nifty Bank,13-05-2011,16.68,2.66,1.07,44.3688
Nifty Bank,16-05-2011,16.56,2.64,1.07,43.7184
Nifty Bank,17-05-2011,16.19,2.58,1.1,41.7702
Nifty Bank,18-05-2011,16.63,2.56,1.11,42.5728
Nifty Bank,19-05-2011,16.57,2.55,1.11,42.2535
Nifty Bank,20-05-2011,16.74,2.58,1.1,43.1892
Nifty Bank,23-05-2011,16.27,2.51,1.13,40.8377
Nifty Bank,24-05-2011,16.36,2.52,1.12,41.2272
Nifty Bank,25-05-2011,16.25,2.51,1.13,40.7875
Nifty Bank,26-05-2011,16.43,2.53,1.12,41.5679
Nifty Bank,27-05-2011,16.83,2.59,1.09,43.5897
Nifty Bank,30-05-2011,16.92,2.61,1.09,44.1612
Nifty Bank,31-05-2011,17.3,2.67,1.06,46.191
Nifty Bank,01-06-2011,17.32,2.67,1.06,46.2444
Nifty Bank,02-06-2011,17.01,2.62,1.08,44.5662
Nifty Bank,03-06-2011,16.92,2.61,1.09,44.1612
Nifty Bank,06-06-2011,17.04,2.63,1.08,44.8152
Nifty Bank,07-06-2011,17.06,2.63,1.08,44.8678
Nifty Bank,08-06-2011,16.94,2.61,1.09,44.2134
Nifty Bank,09-06-2011,16.93,2.61,1.09,44.1873
Nifty Bank,10-06-2011,16.81,2.59,1.09,43.5379
Nifty Bank,13-06-2011,16.83,2.59,1.09,43.5897
Nifty Bank,14-06-2011,16.96,2.62,1.08,44.4352
Nifty Bank,15-06-2011,16.68,2.57,1.1,42.8676
Nifty Bank,16-06-2011,16.6,2.56,1.11,42.496
Nifty Bank,17-06-2011,16.64,2.57,1.1,42.7648
Nifty Bank,20-06-2011,16.46,2.54,1.12,41.8084
Nifty Bank,21-06-2011,16.42,2.53,1.12,41.5426
Nifty Bank,22-06-2011,16.45,2.54,1.12,41.783
Nifty Bank,23-06-2011,16.53,2.55,1.11,42.1515
Nifty Bank,24-06-2011,17.04,2.63,1.08,44.8152
Nifty Bank,27-06-2011,17.32,2.67,1.06,46.2444
Nifty Bank,28-06-2011,17.36,2.68,1.06,46.5248
Nifty Bank,29-06-2011,17.51,2.7,1.05,47.277
Nifty Bank,30-06-2011,17.65,2.72,1.04,48.008
Nifty Bank,01-07-2011,17.67,2.72,1.04,48.0624
Nifty Bank,04-07-2011,17.87,2.75,1.03,49.1425
Nifty Bank,05-07-2011,17.91,2.76,1.03,49.4316
Nifty Bank,06-07-2011,17.72,2.73,1.04,48.3756
Nifty Bank,07-07-2011,17.94,2.77,1.02,49.6938
Nifty Bank,08-07-2011,17.72,2.73,1.04,48.3756
Nifty Bank,11-07-2011,17.48,2.7,1.05,47.196
Nifty Bank,12-07-2011,17.31,2.67,1.06,46.2177
Nifty Bank,13-07-2011,17.49,2.7,1.05,47.223
Nifty Bank,14-07-2011,17.68,2.73,1.04,48.2664
Nifty Bank,15-07-2011,17.64,2.72,1.04,47.9808
Nifty Bank,18-07-2011,17.64,2.72,1.04,47.9808
Nifty Bank,19-07-2011,17.77,2.74,1.03,48.6898
Nifty Bank,20-07-2011,17.37,2.7,1.05,46.899
Nifty Bank,21-07-2011,17.2,2.68,1.06,46.096
Nifty Bank,22-07-2011,17.55,2.74,1.04,48.087
Nifty Bank,25-07-2011,17.65,2.76,1.03,48.714
Nifty Bank,26-07-2011,17.28,2.69,1.05,46.4832
Nifty Bank,27-07-2011,17.1,2.66,1.06,45.486
Nifty Bank,28-07-2011,16.85,2.62,1.08,44.147
Nifty Bank,29-07-2011,16.94,2.64,1.07,44.7216
Nifty Bank,01-08-2011,16.75,2.65,1.07,44.3875
Nifty Bank,02-08-2011,16.45,2.6,1.09,42.77
Nifty Bank,03-08-2011,16.29,2.46,0.87,40.0734
Nifty Bank,04-08-2011,16.14,2.44,0.88,39.3816
Nifty Bank,05-08-2011,15.86,2.4,0.89,38.064
Nifty Bank,08-08-2011,15.69,2.37,0.9,37.1853
Nifty Bank,09-08-2011,15.64,2.36,0.9,36.9104
Nifty Bank,10-08-2011,16.04,2.43,0.88,38.9772
Nifty Bank,11-08-2011,15.85,2.4,0.89,38.04
Nifty Bank,12-08-2011,15.61,2.36,0.91,36.8396
Nifty Bank,16-08-2011,15.42,2.33,0.92,35.9286
Nifty Bank,17-08-2011,15.64,2.31,0.93,36.1284
Nifty Bank,18-08-2011,15.08,2.1,1.34,31.668
Nifty Bank,19-08-2011,14.78,2.06,1.36,30.4468
Nifty Bank,22-08-2011,14.78,2.06,1.36,30.4468
Nifty Bank,23-08-2011,14.91,2.08,1.35,31.0128
Nifty Bank,24-08-2011,14.66,2.05,1.37,30.053
Nifty Bank,25-08-2011,14.42,2.01,1.4,28.9842
Nifty Bank,26-08-2011,14.1,1.97,1.43,27.777
Nifty Bank,29-08-2011,14.68,2.05,1.37,30.094
Nifty Bank,30-08-2011,14.98,2.09,1.34,31.3082
Nifty Bank,02-09-2011,15.05,2.1,1.34,31.605
Nifty Bank,05-09-2011,15.1,2.11,1.33,31.861
Nifty Bank,06-09-2011,15.17,2.12,1.33,32.1604
Nifty Bank,07-09-2011,15.49,2.16,1.3,33.4584
Nifty Bank,08-09-2011,15.58,2.17,1.29,33.8086
Nifty Bank,09-09-2011,15.21,2.12,1.32,32.2452
Nifty Bank,12-09-2011,14.76,2.06,1.36,30.4056
Nifty Bank,13-09-2011,14.68,2.05,1.37,30.094
Nifty Bank,14-09-2011,14.89,2.08,1.35,30.9712
Nifty Bank,15-09-2011,15.18,2.12,1.33,32.1816
Nifty Bank,16-09-2011,15.28,2.13,1.32,32.5464
Nifty Bank,19-09-2011,15.06,2.1,1.34,31.626
Nifty Bank,20-09-2011,15.42,2.15,1.31,33.153
Nifty Bank,21-09-2011,15.6,2.18,1.29,34.008
Nifty Bank,22-09-2011,14.96,2.09,1.35,31.2664
Nifty Bank,23-09-2011,14.73,2.06,1.37,30.3438
Nifty Bank,26-09-2011,14.75,2.06,1.37,30.385
Nifty Bank,27-09-2011,15.12,2.11,1.33,31.9032
Nifty Bank,28-09-2011,14.95,2.09,1.35,31.2455
Nifty Bank,29-09-2011,15.17,2.12,1.33,32.1604
Nifty Bank,30-09-2011,14.88,2.08,1.35,30.9504
Nifty Bank,03-10-2011,14.44,2.01,1.39,29.0244
Nifty Bank,04-10-2011,14.01,1.95,1.44,27.3195
Nifty Bank,05-10-2011,13.67,1.91,1.47,26.1097
Nifty Bank,07-10-2011,14.2,1.98,1.42,28.116
Nifty Bank,10-10-2011,14.74,2.06,1.36,30.3644
Nifty Bank,11-10-2011,14.76,2.07,1.36,30.5532
Nifty Bank,12-10-2011,15.25,2.13,1.31,32.4825
Nifty Bank,13-10-2011,15.42,2.16,1.3,33.3072
Nifty Bank,14-10-2011,15.53,2.17,1.29,33.7001
Nifty Bank,17-10-2011,15.63,2.19,1.28,34.2297
Nifty Bank,18-10-2011,15.41,2.16,1.3,33.2856
Nifty Bank,19-10-2011,15.79,2.22,1.26,35.0538
Nifty Bank,20-10-2011,15.48,2.19,1.28,33.9012
Nifty Bank,21-10-2011,15.4,2.18,1.28,33.572
Nifty Bank,24-10-2011,15.22,2.17,1.29,33.0274
Nifty Bank,25-10-2011,15,2.14,1.31,32.1
Nifty Bank,26-10-2011,15.05,2.15,1.3,32.3575
Nifty Bank,28-10-2011,15.61,2.23,1.25,34.8103
Nifty Bank,31-10-2011,15.73,2.25,1.25,35.3925
Nifty Bank,01-11-2011,15.23,2.21,1.27,33.6583
Nifty Bank,02-11-2011,15.17,2.2,1.27,33.374
Nifty Bank,03-11-2011,15.17,2.2,1.27,33.374
Nifty Bank,04-11-2011,15.26,2.21,1.27,33.7246
Nifty Bank,08-11-2011,15.28,2.22,1.26,33.9216
Nifty Bank,09-11-2011,14.91,2.16,1.3,32.2056
Nifty Bank,11-11-2011,14.36,2.09,1.34,30.0124
Nifty Bank,14-11-2011,14.33,2.09,1.34,29.9497
Nifty Bank,15-11-2011,14.04,2.05,1.37,28.782
Nifty Bank,16-11-2011,14,2.04,1.37,28.56
Nifty Bank,17-11-2011,13.8,2.01,1.39,27.738
Nifty Bank,18-11-2011,13.68,1.99,1.41,27.2232
Nifty Bank,21-11-2011,13.22,1.93,1.45,25.5146
Nifty Bank,22-11-2011,13.31,1.94,1.45,25.8214
Nifty Bank,23-11-2011,12.98,1.89,1.48,24.5322
Nifty Bank,24-11-2011,13.1,1.91,1.47,25.021
Nifty Bank,25-11-2011,13.12,1.91,1.47,25.0592
Nifty Bank,28-11-2011,13.59,1.98,1.42,26.9082
Nifty Bank,29-11-2011,13.33,1.94,1.44,25.8602
Nifty Bank,30-11-2011,13.24,1.93,1.45,25.5532
Nifty Bank,01-12-2011,13.75,2,1.4,27.5
Nifty Bank,02-12-2011,14.18,2.07,1.36,29.3526
Nifty Bank,05-12-2011,14.18,2.07,1.36,29.3526
Nifty Bank,07-12-2011,14.18,2.07,1.36,29.3526
Nifty Bank,08-12-2011,13.78,2.01,1.4,27.6978
Nifty Bank,09-12-2011,13.62,1.98,1.41,26.9676
Nifty Bank,12-12-2011,13.21,1.92,1.46,25.3632
Nifty Bank,13-12-2011,13.25,1.93,1.45,25.5725
Nifty Bank,14-12-2011,13.19,1.92,1.46,25.3248
Nifty Bank,15-12-2011,13.05,1.9,1.47,24.795
Nifty Bank,16-12-2011,12.63,1.84,1.52,23.2392
Nifty Bank,19-12-2011,12.24,1.78,1.57,21.7872
Nifty Bank,20-12-2011,12.06,1.76,1.6,21.2256
Nifty Bank,21-12-2011,12.66,1.84,1.52,23.2944
Nifty Bank,22-12-2011,12.96,1.89,1.48,24.4944
Nifty Bank,23-12-2011,12.82,1.87,1.5,23.9734
Nifty Bank,26-12-2011,12.95,1.89,1.49,24.4755
Nifty Bank,27-12-2011,12.79,1.86,1.5,23.7894
Nifty Bank,28-12-2011,12.54,1.83,1.53,22.9482
Nifty Bank,29-12-2011,12.41,1.81,1.55,22.4621
Nifty Bank,30-12-2011,12.32,1.79,1.56,22.0528
Nifty Bank,02-01-2012,12.36,1.8,1.56,22.248
Nifty Bank,03-01-2012,12.89,1.88,1.49,24.2332
Nifty Bank,04-01-2012,13,1.89,1.48,24.57
Nifty Bank,05-01-2012,13.07,1.9,1.49,24.833
Nifty Bank,06-01-2012,13.12,1.91,1.49,25.0592
Nifty Bank,07-01-2012,13.07,1.9,1.49,24.833
Nifty Bank,09-01-2012,13.11,1.91,1.49,25.0401
Nifty Bank,10-01-2012,13.51,1.96,1.44,26.4796
Nifty Bank,11-01-2012,13.67,1.99,1.43,27.2033
Nifty Bank,12-01-2012,13.81,2.01,1.41,27.7581
Nifty Bank,13-01-2012,13.85,2.02,1.41,27.977
Nifty Bank,16-01-2012,13.8,2.01,1.41,27.738
Nifty Bank,17-01-2012,13.98,2.04,1.39,28.5192
Nifty Bank,18-01-2012,13.93,2.03,1.4,28.2779
Nifty Bank,19-01-2012,14.2,2.07,1.37,29.394
Nifty Bank,20-01-2012,14.69,2.14,1.33,31.4366
Nifty Bank,23-01-2012,14.69,2.14,1.33,31.4366
Nifty Bank,24-01-2012,14.89,2.21,1.28,32.9069
Nifty Bank,25-01-2012,14.93,2.22,1.28,33.1446
Nifty Bank,27-01-2012,14.86,2.21,1.29,32.8406
Nifty Bank,30-01-2012,14.44,2.14,1.32,30.9016
Nifty Bank,31-01-2012,15.02,2.23,1.27,33.4946
Nifty Bank,01-02-2012,15.07,2.24,1.27,33.7568
Nifty Bank,02-02-2012,15.02,2.25,1.26,33.795
Nifty Bank,03-02-2012,15.23,2.28,1.24,34.7244
Nifty Bank,06-02-2012,15.43,2.31,1.23,35.6433
Nifty Bank,07-02-2012,15.52,2.32,1.22,36.0064
Nifty Bank,08-02-2012,15.51,2.27,1.3,35.2077
Nifty Bank,09-02-2012,15.79,2.32,1.28,36.6328
Nifty Bank,10-02-2012,15.69,2.3,1.28,36.087
Nifty Bank,13-02-2012,15.75,2.31,1.28,36.3825
Nifty Bank,14-02-2012,15.75,2.33,1.27,36.6975
Nifty Bank,15-02-2012,16.31,2.41,1.23,39.3071
Nifty Bank,16-02-2012,16.3,2.41,1.23,39.283
Nifty Bank,17-02-2012,16.53,2.44,1.21,40.3332
Nifty Bank,21-02-2012,16.67,2.49,1.2,41.5083
Nifty Bank,22-02-2012,16.04,2.4,1.25,38.496
Nifty Bank,23-02-2012,15.99,2.39,1.25,38.2161
Nifty Bank,24-02-2012,15.68,2.34,1.27,36.6912
Nifty Bank,27-02-2012,15.08,2.28,1.33,34.3824
Nifty Bank,28-02-2012,15.64,2.37,1.28,37.0668
Nifty Bank,29-02-2012,15.54,2.36,1.29,36.6744
Nifty Bank,01-03-2012,15.35,2.33,1.3,35.7655
Nifty Bank,02-03-2012,15.57,2.37,1.28,36.9009
Nifty Bank,03-03-2012,15.59,2.37,1.28,36.9483
Nifty Bank,05-03-2012,15.19,2.31,1.32,35.0889
Nifty Bank,06-03-2012,15.01,2.28,1.33,34.2228
Nifty Bank,07-03-2012,15.12,2.3,1.32,34.776
Nifty Bank,09-03-2012,15.68,2.38,1.28,37.3184
Nifty Bank,12-03-2012,15.86,2.41,1.26,38.2226
Nifty Bank,13-03-2012,15.95,2.43,1.25,38.7585
Nifty Bank,14-03-2012,16.26,2.47,1.23,40.1622
Nifty Bank,15-03-2012,15.82,2.4,1.26,37.968
Nifty Bank,16-03-2012,15.51,2.36,1.29,36.6036
Nifty Bank,19-03-2012,15.21,2.31,1.31,35.1351
Nifty Bank,20-03-2012,15.35,2.33,1.3,35.7655
Nifty Bank,21-03-2012,15.71,2.39,1.27,37.5469
Nifty Bank,22-03-2012,15.19,2.31,1.32,35.0889
Nifty Bank,23-03-2012,15.37,2.34,1.3,35.9658
Nifty Bank,26-03-2012,14.99,2.28,1.33,34.1772
Nifty Bank,27-03-2012,15.15,2.3,1.32,34.845
Nifty Bank,28-03-2012,14.87,2.26,1.34,33.6062
Nifty Bank,29-03-2012,14.82,2.25,1.35,33.345
Nifty Bank,30-03-2012,15.25,2.32,1.31,35.38
Nifty Bank,02-04-2012,15.38,2.34,1.3,35.9892
Nifty Bank,03-04-2012,15.57,2.37,1.28,36.9009
Nifty Bank,04-04-2012,15.44,2.35,1.29,36.284
Nifty Bank,09-04-2012,15.13,2.3,1.32,34.799
Nifty Bank,10-04-2012,15.22,2.31,1.31,35.1582
Nifty Bank,11-04-2012,15.25,2.32,1.31,35.38
Nifty Bank,12-04-2012,15.53,2.36,1.29,36.6508
Nifty Bank,13-04-2012,15.39,2.34,1.3,36.0126
Nifty Bank,16-04-2012,15.69,2.39,1.27,37.4991
Nifty Bank,17-04-2012,15.82,2.41,1.26,38.1262
Nifty Bank,18-04-2012,15.81,2.41,1.26,38.1021
Nifty Bank,19-04-2012,15.72,2.42,1.26,38.0424
Nifty Bank,20-04-2012,15.53,2.4,1.27,37.272
Nifty Bank,23-04-2012,15.21,2.35,1.3,35.7435
Nifty Bank,24-04-2012,15.11,2.34,1.3,35.3574
Nifty Bank,25-04-2012,15.03,2.33,1.31,35.0199
Nifty Bank,26-04-2012,14.98,2.32,1.31,34.7536
Nifty Bank,27-04-2012,15.23,2.39,1.27,36.3997
Nifty Bank,28-04-2012,15.33,2.4,1.26,36.792
Nifty Bank,30-04-2012,15.43,2.42,1.26,37.3406
Nifty Bank,02-05-2012,15.08,2.43,1.25,36.6444
Nifty Bank,03-05-2012,14.82,2.38,1.28,35.2716
Nifty Bank,04-05-2012,14.29,2.31,1.32,33.0099
Nifty Bank,07-05-2012,14.42,2.33,1.31,33.5986
Nifty Bank,08-05-2012,13.91,2.26,1.34,31.4366
Nifty Bank,09-05-2012,13.63,2.22,1.37,30.2586
Nifty Bank,10-05-2012,13.64,2.22,1.37,30.2808
Nifty Bank,11-05-2012,13.54,2.22,1.37,30.0588
Nifty Bank,14-05-2012,13.44,2.19,1.38,29.4336
Nifty Bank,15-05-2012,13.53,2.21,1.37,29.9013
Nifty Bank,16-05-2012,13.3,2.17,1.4,28.861
Nifty Bank,17-05-2012,13.29,2.17,1.4,28.8393
Nifty Bank,18-05-2012,13.51,2.21,1.38,29.8571
Nifty Bank,21-05-2012,12.86,2.23,1.36,28.6778
Nifty Bank,22-05-2012,12.66,2.2,1.38,27.852
Nifty Bank,23-05-2012,12.58,2.18,1.39,27.4244
Nifty Bank,24-05-2012,12.89,2.24,1.36,28.8736
Nifty Bank,25-05-2012,12.92,2.24,1.35,28.9408
Nifty Bank,28-05-2012,13.25,2.3,1.32,30.475
Nifty Bank,29-05-2012,13.26,2.3,1.32,30.498
Nifty Bank,30-05-2012,13.02,2.24,1.35,29.1648
Nifty Bank,31-05-2012,12.9,2.22,1.36,28.638
Nifty Bank,01-06-2012,12.66,2.18,1.38,27.5988
Nifty Bank,04-06-2012,12.79,2.2,1.37,28.138
Nifty Bank,05-06-2012,12.92,2.22,1.36,28.6824
Nifty Bank,06-06-2012,13.31,2.29,1.32,30.4799
Nifty Bank,07-06-2012,13.59,2.34,1.29,31.8006
Nifty Bank,08-06-2012,13.66,2.35,1.28,32.101
Nifty Bank,11-06-2012,13.62,2.34,1.29,31.8708
Nifty Bank,12-06-2012,13.86,2.38,1.26,32.9868
Nifty Bank,13-06-2012,13.84,2.38,1.27,32.9392
Nifty Bank,14-06-2012,13.44,2.31,1.3,31.0464
Nifty Bank,15-06-2012,13.75,2.37,1.27,32.5875
Nifty Bank,18-06-2012,13.32,2.29,1.32,30.5028
Nifty Bank,19-06-2012,13.37,2.3,1.31,30.751
Nifty Bank,20-06-2012,13.44,2.31,1.3,31.0464
Nifty Bank,21-06-2012,13.71,2.36,1.28,32.3556
Nifty Bank,22-06-2012,13.72,2.36,1.28,32.3792
Nifty Bank,25-06-2012,13.56,2.33,1.29,31.5948
Nifty Bank,26-06-2012,13.63,2.34,1.29,31.8942
Nifty Bank,27-06-2012,13.69,2.36,1.28,32.3084
Nifty Bank,28-06-2012,13.67,2.35,1.28,32.1245
Nifty Bank,29-06-2012,14.13,2.43,1.24,34.3359
Nifty Bank,02-07-2012,14.23,2.45,1.23,34.8635
Nifty Bank,03-07-2012,14.32,2.46,1.22,35.2272
Nifty Bank,04-07-2012,14.39,2.48,1.22,35.6872
Nifty Bank,05-07-2012,14.54,2.5,1.21,36.35
Nifty Bank,06-07-2012,14.56,2.51,1.2,36.5456
Nifty Bank,09-07-2012,14.48,2.49,1.21,36.0552
Nifty Bank,10-07-2012,14.71,2.53,1.19,37.2163
Nifty Bank,11-07-2012,14.63,2.52,1.2,36.8676
Nifty Bank,12-07-2012,14.5,2.5,1.21,36.25
Nifty Bank,13-07-2012,14.47,2.49,1.21,36.0303
Nifty Bank,16-07-2012,14.29,2.49,1.21,35.5821
Nifty Bank,17-07-2012,14.28,2.48,1.21,35.4144
Nifty Bank,18-07-2012,14.35,2.5,1.21,35.875
Nifty Bank,19-07-2012,14.29,2.5,1.21,35.725
Nifty Bank,20-07-2012,14.1,2.47,1.22,34.827
Nifty Bank,23-07-2012,13.82,2.42,1.25,33.4444
Nifty Bank,24-07-2012,13.85,2.42,1.24,33.517
Nifty Bank,25-07-2012,13.81,2.31,1.31,31.9011
Nifty Bank,26-07-2012,13.53,2.27,1.33,30.7131
Nifty Bank,27-07-2012,13.27,2.28,1.32,30.2556
Nifty Bank,30-07-2012,13.62,2.34,1.29,31.8708
Nifty Bank,31-07-2012,13.56,2.34,1.29,31.7304
Nifty Bank,01-08-2012,13.61,2.35,1.29,31.9835
Nifty Bank,02-08-2012,13.56,2.34,1.29,31.7304
Nifty Bank,03-08-2012,13.47,2.32,1.3,31.2504
Nifty Bank,06-08-2012,13.67,2.36,1.28,32.2612
Nifty Bank,07-08-2012,13.84,2.38,1.27,32.9392
Nifty Bank,08-08-2012,13.75,2.37,1.27,32.5875
Nifty Bank,09-08-2012,13.64,2.35,1.28,32.054
Nifty Bank,10-08-2012,13.53,2.33,1.29,31.5249
Nifty Bank,13-08-2012,13.67,2.35,1.28,32.1245
Nifty Bank,14-08-2012,13.41,2.38,1.27,31.9158
Nifty Bank,16-08-2012,13.3,2.27,1.31,30.191
Nifty Bank,17-08-2012,13.28,2.1,1.44,27.888
Nifty Bank,21-08-2012,13.35,2.11,1.43,28.1685
Nifty Bank,22-08-2012,13.35,2.11,1.43,28.1685
Nifty Bank,23-08-2012,13.33,2.11,1.43,28.1263
Nifty Bank,24-08-2012,13.18,2.08,1.45,27.4144
Nifty Bank,27-08-2012,12.94,2.05,1.47,26.527
Nifty Bank,28-08-2012,12.83,2.03,1.49,26.0449
Nifty Bank,29-08-2012,12.77,2.02,1.49,25.7954
Nifty Bank,30-08-2012,12.86,2.03,1.48,26.1058
Nifty Bank,31-08-2012,12.74,2.02,1.5,25.7348
Nifty Bank,03-09-2012,12.7,2.01,1.5,25.527
Nifty Bank,04-09-2012,12.78,2.02,1.49,25.8156
Nifty Bank,05-09-2012,12.53,1.98,1.52,24.8094
Nifty Bank,06-09-2012,12.61,2,1.51,25.22
Nifty Bank,07-09-2012,12.91,2.04,1.48,26.3364
Nifty Bank,08-09-2012,12.94,2.05,1.47,26.527
Nifty Bank,10-09-2012,12.84,2.03,1.49,26.0652
Nifty Bank,11-09-2012,12.93,2.05,1.48,26.5065
Nifty Bank,12-09-2012,12.99,2.06,1.47,26.7594
Nifty Bank,13-09-2012,13.02,2.06,1.47,26.8212
Nifty Bank,14-09-2012,13.58,2.15,1.41,29.197
Nifty Bank,17-09-2012,14.01,2.22,1.36,31.1022
Nifty Bank,18-09-2012,14.09,2.23,1.35,31.4207
Nifty Bank,20-09-2012,13.93,2.2,1.37,30.646
Nifty Bank,21-09-2012,14.49,2.29,1.32,33.1821
Nifty Bank,24-09-2012,14.57,2.3,1.31,33.511
Nifty Bank,25-09-2012,14.57,2.3,1.31,33.511
Nifty Bank,26-09-2012,14.58,2.3,1.31,33.534
Nifty Bank,27-09-2012,14.57,2.3,1.31,33.511
Nifty Bank,28-09-2012,14.61,2.31,1.31,33.7491
Nifty Bank,01-10-2012,14.57,2.3,1.31,33.511
Nifty Bank,03-10-2012,14.56,2.3,1.31,33.488
Nifty Bank,04-10-2012,14.84,2.34,1.29,34.7256
Nifty Bank,05-10-2012,14.68,2.32,1.3,34.0576
Nifty Bank,08-10-2012,14.49,2.29,1.32,33.1821
Nifty Bank,09-10-2012,14.6,2.3,1.31,33.58
Nifty Bank,10-10-2012,14.4,2.27,1.33,32.688
Nifty Bank,11-10-2012,14.56,2.3,1.31,33.488
Nifty Bank,12-10-2012,14.51,2.29,1.31,33.2279
Nifty Bank,15-10-2012,14.57,2.3,1.31,33.511
Nifty Bank,16-10-2012,14.25,2.28,1.32,32.49
Nifty Bank,17-10-2012,14.26,2.29,1.32,32.6554
Nifty Bank,18-10-2012,14.55,2.33,1.29,33.9015
Nifty Bank,19-10-2012,14.43,2.31,1.3,33.3333
Nifty Bank,22-10-2012,14.55,2.34,1.29,34.047
Nifty Bank,23-10-2012,14.48,2.33,1.29,33.7384
Nifty Bank,25-10-2012,14.52,2.33,1.29,33.8316
Nifty Bank,26-10-2012,14.2,2.31,1.3,32.802
Nifty Bank,29-10-2012,14.18,2.3,1.31,32.614
Nifty Bank,30-10-2012,13.85,2.25,1.34,31.1625
Nifty Bank,31-10-2012,13.93,2.26,1.33,31.4818
Nifty Bank,01-11-2012,13.99,2.27,1.32,31.7573
Nifty Bank,02-11-2012,14.13,2.3,1.31,32.499
Nifty Bank,05-11-2012,14.14,2.3,1.31,32.522
Nifty Bank,06-11-2012,14.22,2.31,1.3,32.8482
Nifty Bank,07-11-2012,14.41,2.34,1.28,33.7194
Nifty Bank,08-11-2012,14.34,2.33,1.29,33.4122
Nifty Bank,09-11-2012,14.02,2.3,1.31,32.246
Nifty Bank,12-11-2012,14.19,2.33,1.29,33.0627
Nifty Bank,13-11-2012,14.13,2.32,1.3,32.7816
Nifty Bank,15-11-2012,14.11,2.32,1.3,32.7352
Nifty Bank,16-11-2012,13.88,2.28,1.32,31.6464
Nifty Bank,19-11-2012,13.85,2.27,1.32,31.4395
Nifty Bank,20-11-2012,13.86,2.28,1.32,31.6008
Nifty Bank,21-11-2012,14.04,2.31,1.3,32.4324
Nifty Bank,22-11-2012,14.1,2.32,1.3,32.712
Nifty Bank,23-11-2012,14.06,2.31,1.3,32.4786
Nifty Bank,26-11-2012,14,2.3,1.31,32.2
Nifty Bank,27-11-2012,14.28,2.35,1.28,33.558
Nifty Bank,29-11-2012,14.69,2.41,1.25,35.4029
Nifty Bank,30-11-2012,14.89,2.45,1.23,36.4805
Nifty Bank,03-12-2012,14.83,2.44,1.23,36.1852
Nifty Bank,04-12-2012,14.94,2.45,1.23,36.603
Nifty Bank,05-12-2012,15.04,2.47,1.22,37.1488
Nifty Bank,06-12-2012,15.22,2.5,1.2,38.05
Nifty Bank,07-12-2012,15.14,2.49,1.21,37.6986
Nifty Bank,10-12-2012,15.17,2.49,1.21,37.7733
Nifty Bank,11-12-2012,15.13,2.48,1.21,37.5224
Nifty Bank,12-12-2012,15.07,2.48,1.21,37.3736
Nifty Bank,13-12-2012,15.03,2.47,1.22,37.1241
Nifty Bank,14-12-2012,15.22,2.5,1.2,38.05
Nifty Bank,17-12-2012,15.29,2.51,1.2,38.3779
Nifty Bank,18-12-2012,15.35,2.52,1.19,38.682
Nifty Bank,19-12-2012,15.39,2.53,1.19,38.9367
Nifty Bank,20-12-2012,15.36,2.52,1.19,38.7072
Nifty Bank,21-12-2012,15.15,2.49,1.21,37.7235
Nifty Bank,24-12-2012,15.16,2.49,1.21,37.7484
Nifty Bank,26-12-2012,15.35,2.52,1.19,38.682
Nifty Bank,27-12-2012,15.33,2.52,1.19,38.6316
Nifty Bank,28-12-2012,15.33,2.52,1.19,38.6316
Nifty Bank,31-12-2012,15.35,2.52,1.19,38.682
Nifty Bank,01-01-2013,15.57,2.56,1.18,39.8592
Nifty Bank,02-01-2013,15.73,2.58,1.16,40.5834
Nifty Bank,03-01-2013,15.72,2.58,1.16,40.5576
Nifty Bank,04-01-2013,15.73,2.58,1.16,40.5834
Nifty Bank,07-01-2013,15.64,2.57,1.17,40.1948
Nifty Bank,08-01-2013,15.66,2.57,1.17,40.2462
Nifty Bank,09-01-2013,15.62,2.57,1.17,40.1434
Nifty Bank,10-01-2013,15.73,2.59,1.16,40.7407
Nifty Bank,11-01-2013,15.5,2.55,1.18,39.525
Nifty Bank,14-01-2013,15.68,2.58,1.16,40.4544
Nifty Bank,15-01-2013,15.72,2.6,1.16,40.872
Nifty Bank,16-01-2013,15.42,2.56,1.18,39.4752
Nifty Bank,17-01-2013,15.43,2.56,1.18,39.5008
Nifty Bank,18-01-2013,15.3,2.56,1.17,39.168
Nifty Bank,21-01-2013,15.26,2.56,1.17,39.0656
Nifty Bank,22-01-2013,15.17,2.54,1.18,38.5318
Nifty Bank,23-01-2013,15.24,2.56,1.18,39.0144
Nifty Bank,24-01-2013,15.13,2.54,1.18,38.4302
Nifty Bank,25-01-2013,15.29,2.57,1.17,39.2953
Nifty Bank,28-01-2013,15.38,2.58,1.16,39.6804
Nifty Bank,29-01-2013,15.31,2.57,1.17,39.3467
Nifty Bank,30-01-2013,15.37,2.58,1.16,39.6546
Nifty Bank,31-01-2013,14.98,2.57,1.17,38.4986
Nifty Bank,01-02-2013,14.86,2.55,1.18,37.893
Nifty Bank,04-02-2013,14.85,2.54,1.18,37.719
Nifty Bank,05-02-2013,14.76,2.52,1.19,37.1952
Nifty Bank,06-02-2013,14.7,2.51,1.2,36.897
Nifty Bank,07-02-2013,14.62,2.5,1.2,36.55
Nifty Bank,08-02-2013,14.53,2.48,1.21,36.0344
Nifty Bank,11-02-2013,14.64,2.5,1.2,36.6
Nifty Bank,12-02-2013,14.72,2.51,1.2,36.9472
Nifty Bank,13-02-2013,14.7,2.51,1.2,36.897
Nifty Bank,14-02-2013,14.61,2.49,1.21,36.3789
Nifty Bank,15-02-2013,14.62,2.5,1.2,36.55
Nifty Bank,18-02-2013,14.75,2.52,1.19,37.17
Nifty Bank,19-02-2013,14.82,2.54,1.19,37.6428
Nifty Bank,20-02-2013,14.76,2.53,1.19,37.3428
Nifty Bank,21-02-2013,14.4,2.46,1.22,35.424
Nifty Bank,22-02-2013,14.41,2.47,1.22,35.5927
Nifty Bank,25-02-2013,14.38,2.46,1.22,35.3748
Nifty Bank,26-02-2013,14.15,2.42,1.24,34.243
Nifty Bank,27-02-2013,14.25,2.44,1.23,34.77
Nifty Bank,28-02-2013,13.72,2.35,1.28,32.242
Nifty Bank,01-03-2013,13.78,2.36,1.28,32.5208
Nifty Bank,04-03-2013,13.82,2.37,1.27,32.7534
Nifty Bank,05-03-2013,14.08,2.41,1.25,33.9328
Nifty Bank,06-03-2013,14.18,2.43,1.24,34.4574
Nifty Bank,07-03-2013,14.29,2.45,1.23,35.0105
Nifty Bank,08-03-2013,14.57,2.49,1.21,36.2793
Nifty Bank,11-03-2013,14.54,2.49,1.21,36.2046
Nifty Bank,12-03-2013,14.4,2.46,1.22,35.424
Nifty Bank,13-03-2013,14.07,2.41,1.25,33.9087
Nifty Bank,14-03-2013,14.36,2.46,1.22,35.3256
Nifty Bank,15-03-2013,14.12,2.42,1.24,34.1704
Nifty Bank,18-03-2013,14.02,2.4,1.25,33.648
Nifty Bank,19-03-2013,13.75,2.35,1.28,32.3125
Nifty Bank,20-03-2013,13.45,2.3,1.31,30.935
Nifty Bank,21-03-2013,13.43,2.3,1.31,30.889
Nifty Bank,22-03-2013,13.39,2.29,1.31,30.6631
Nifty Bank,25-03-2013,13.29,2.27,1.32,30.1683
Nifty Bank,26-03-2013,13.34,2.28,1.32,30.4152
Nifty Bank,28-03-2013,13.58,2.32,1.29,31.5056
Nifty Bank,01-04-2013,13.66,2.34,1.29,31.9644
Nifty Bank,02-04-2013,13.78,2.36,1.28,32.5208
Nifty Bank,03-04-2013,13.57,2.32,1.3,31.4824
Nifty Bank,04-04-2013,13.31,2.28,1.32,30.3468
Nifty Bank,05-04-2013,13.27,2.27,1.32,30.1229
Nifty Bank,08-04-2013,13.17,2.25,1.33,29.6325
Nifty Bank,09-04-2013,13.07,2.24,1.34,29.2768
Nifty Bank,10-04-2013,13.3,2.28,1.32,30.324
Nifty Bank,11-04-2013,13.52,2.31,1.3,31.2312
Nifty Bank,12-04-2013,13.65,2.34,1.29,31.941
Nifty Bank,15-04-2013,13.78,2.36,1.27,32.5208
Nifty Bank,16-04-2013,14.2,2.43,1.24,34.506
Nifty Bank,17-04-2013,14.33,2.45,1.23,35.1085
Nifty Bank,18-04-2013,14.7,2.51,1.2,36.897
Nifty Bank,22-04-2013,15.04,2.57,1.17,38.6528
Nifty Bank,23-04-2013,15,2.57,1.17,38.55
Nifty Bank,25-04-2013,15.19,2.6,1.15,39.494
Nifty Bank,26-04-2013,14.8,2.56,1.17,37.888
Nifty Bank,29-04-2013,14.8,2.58,1.16,38.184
Nifty Bank,30-04-2013,14.75,2.57,1.17,37.9075
Nifty Bank,02-05-2013,14.92,2.6,1.16,38.792
Nifty Bank,03-05-2013,14.55,2.54,1.19,36.957
Nifty Bank,06-05-2013,14.55,2.54,1.18,36.957
Nifty Bank,07-05-2013,14.83,2.59,1.16,38.4097
Nifty Bank,08-05-2013,14.84,2.59,1.16,38.4356
Nifty Bank,09-05-2013,14.72,2.58,1.17,37.9776
Nifty Bank,10-05-2013,14.92,2.61,1.15,38.9412
Nifty Bank,11-05-2013,14.95,2.62,1.15,39.169
Nifty Bank,13-05-2013,14.71,2.57,1.17,37.8047
Nifty Bank,14-05-2013,14.7,2.57,1.17,37.779
Nifty Bank,15-05-2013,15.28,2.67,1.12,40.7976
Nifty Bank,16-05-2013,15.27,2.71,1.11,41.3817
Nifty Bank,17-05-2013,15.36,2.72,1.1,41.7792
Nifty Bank,20-05-2013,15.21,2.7,1.12,41.067
Nifty Bank,21-05-2013,15.07,2.67,1.13,40.2369
Nifty Bank,22-05-2013,15.09,2.66,1.13,40.1394
Nifty Bank,23-05-2013,14.66,2.58,1.16,37.8228
Nifty Bank,24-05-2013,14.82,2.61,1.15,38.6802
Nifty Bank,27-05-2013,15.04,2.65,1.13,39.856
Nifty Bank,28-05-2013,15.03,2.65,1.14,39.8295
Nifty Bank,29-05-2013,15.05,2.63,1.14,39.5815
Nifty Bank,30-05-2013,14.99,2.62,1.15,39.2738
Nifty Bank,31-05-2013,14.6,2.55,1.18,37.23
Nifty Bank,03-06-2013,14.52,2.54,1.19,36.8808
Nifty Bank,04-06-2013,14.37,2.51,1.2,36.0687
Nifty Bank,05-06-2013,14.39,2.51,1.2,36.1189
Nifty Bank,06-06-2013,14.51,2.54,1.19,36.8554
Nifty Bank,07-06-2013,14.32,2.5,1.2,35.8
Nifty Bank,10-06-2013,14.18,2.48,1.21,35.1664
Nifty Bank,11-06-2013,13.86,2.42,1.24,33.5412
Nifty Bank,12-06-2013,13.86,2.42,1.24,33.5412
Nifty Bank,13-06-2013,13.71,2.39,1.26,32.7669
Nifty Bank,14-06-2013,13.98,2.44,1.23,34.1112
Nifty Bank,17-06-2013,14.04,2.45,1.23,34.398
Nifty Bank,18-06-2013,13.86,2.42,1.24,33.5412
Nifty Bank,19-06-2013,13.9,2.43,1.24,33.777
Nifty Bank,20-06-2013,13.34,2.33,1.29,31.0822
Nifty Bank,21-06-2013,13.3,2.32,1.29,30.856
Nifty Bank,24-06-2013,13.11,2.29,1.31,30.0219
Nifty Bank,25-06-2013,13.11,2.29,1.31,30.0219
Nifty Bank,26-06-2013,12.98,2.27,1.33,29.4646
Nifty Bank,27-06-2013,13.25,2.25,1.35,29.8125
Nifty Bank,28-06-2013,13.7,2.26,1.34,30.962
Nifty Bank,01-07-2013,13.84,2.28,1.33,31.5552
Nifty Bank,02-07-2013,13.72,2.26,1.34,31.0072
Nifty Bank,03-07-2013,13.41,2.2,1.39,29.502
Nifty Bank,04-07-2013,13.44,2.15,1.44,28.896
Nifty Bank,05-07-2013,13.5,2.16,1.43,29.16
Nifty Bank,08-07-2013,13.34,2.13,1.45,28.4142
Nifty Bank,09-07-2013,13.53,2.16,1.43,29.2248
Nifty Bank,10-07-2013,13.43,2.15,1.44,28.8745
Nifty Bank,11-07-2013,13.78,2.2,1.4,30.316
Nifty Bank,12-07-2013,13.86,2.21,1.4,30.6306
Nifty Bank,15-07-2013,13.9,2.23,1.39,30.997
Nifty Bank,16-07-2013,13.24,2.12,1.46,28.0688
Nifty Bank,17-07-2013,12.94,2.07,1.49,26.7858
Nifty Bank,18-07-2013,13.06,2.11,1.46,27.5566
Nifty Bank,19-07-2013,12.81,2.07,1.49,26.5167
Nifty Bank,22-07-2013,12.94,2.09,1.48,27.0446
Nifty Bank,23-07-2013,13.02,2.12,1.46,27.6024
Nifty Bank,24-07-2013,12.42,2.03,1.53,25.2126
Nifty Bank,25-07-2013,12.3,2.01,1.54,24.723
Nifty Bank,26-07-2013,12.13,1.98,1.56,24.0174
Nifty Bank,29-07-2013,11.97,1.89,1.69,22.6233
Nifty Bank,30-07-2013,11.8,1.87,1.71,22.066
Nifty Bank,31-07-2013,11.57,1.83,1.74,21.1731
Nifty Bank,01-08-2013,11.72,1.86,1.72,21.7992
Nifty Bank,02-08-2013,11.55,1.83,1.74,21.1365
Nifty Bank,05-08-2013,11.66,1.85,1.73,21.571
Nifty Bank,06-08-2013,11.21,1.78,1.8,19.9538
Nifty Bank,07-08-2013,11.1,1.79,1.79,19.869
Nifty Bank,08-08-2013,11.16,1.8,1.78,20.088
Nifty Bank,12-08-2013,11.03,1.78,1.8,19.6334
Nifty Bank,13-08-2013,11.34,1.83,1.75,20.7522
Nifty Bank,14-08-2013,11.39,1.83,1.74,20.8437
Nifty Bank,16-08-2013,10.74,1.73,1.85,18.5802
Nifty Bank,19-08-2013,10.45,1.67,1.91,17.4515
Nifty Bank,20-08-2013,10.53,1.69,1.89,17.7957
Nifty Bank,21-08-2013,10.59,1.7,1.88,18.003
Nifty Bank,22-08-2013,10.59,1.7,1.88,18.003
Nifty Bank,23-08-2013,10.82,1.73,1.84,18.7186
Nifty Bank,26-08-2013,10.71,1.72,1.86,18.4212
Nifty Bank,27-08-2013,10.14,1.62,1.97,16.4268
Nifty Bank,28-08-2013,10.01,1.6,1.99,16.016
Nifty Bank,29-08-2013,10.18,1.63,1.96,16.5934
Nifty Bank,30-08-2013,10.34,1.66,1.93,17.1644
Nifty Bank,02-09-2013,10.44,1.67,1.91,17.4348
Nifty Bank,03-09-2013,9.9,1.59,2.02,15.741
Nifty Bank,04-09-2013,10.11,1.62,1.97,16.3782
Nifty Bank,05-09-2013,11.06,1.77,1.8,19.5762
Nifty Bank,06-09-2013,11.38,1.82,1.75,20.7116
Nifty Bank,10-09-2013,11.65,1.86,1.71,21.669
Nifty Bank,11-09-2013,11.85,1.9,1.68,22.515
Nifty Bank,12-09-2013,11.61,1.8,1.76,20.898
Nifty Bank,13-09-2013,11.64,1.8,1.75,20.952
Nifty Bank,16-09-2013,11.85,1.83,1.73,21.6855
Nifty Bank,17-09-2013,11.75,1.81,1.74,21.2675
Nifty Bank,18-09-2013,11.94,1.84,1.71,21.9696
Nifty Bank,19-09-2013,12.74,1.97,1.61,25.0978
Nifty Bank,20-09-2013,12.21,1.89,1.68,23.0769
Nifty Bank,23-09-2013,11.67,1.8,1.75,21.006
Nifty Bank,24-09-2013,11.63,1.75,1.81,20.3525
Nifty Bank,25-09-2013,11.52,1.73,1.83,19.9296
Nifty Bank,26-09-2013,11.54,1.74,1.82,20.0796
Nifty Bank,27-09-2013,11.32,1.7,1.86,19.244
Nifty Bank,30-09-2013,10.99,1.65,1.91,18.1335
Nifty Bank,01-10-2013,11.3,1.7,1.86,19.21
Nifty Bank,03-10-2013,11.69,1.76,1.8,20.5744
Nifty Bank,04-10-2013,11.66,1.75,1.81,20.405
Nifty Bank,07-10-2013,11.52,1.73,1.83,19.9296
Nifty Bank,08-10-2013,11.59,1.74,1.82,20.1666
Nifty Bank,09-10-2013,11.81,1.78,1.78,21.0218
Nifty Bank,10-10-2013,11.76,1.77,1.79,20.8152
Nifty Bank,11-10-2013,12.14,1.83,1.73,22.2162
Nifty Bank,14-10-2013,12.19,1.83,1.73,22.3077
Nifty Bank,15-10-2013,11.88,1.79,1.77,21.2652
Nifty Bank,17-10-2013,11.68,1.78,1.78,20.7904
Nifty Bank,18-10-2013,12.08,1.85,1.71,22.348
Nifty Bank,21-10-2013,12.14,1.86,1.71,22.5804
Nifty Bank,22-10-2013,12.15,1.86,1.7,22.599
Nifty Bank,23-10-2013,12.23,1.87,1.69,22.8701
Nifty Bank,24-10-2013,12.26,1.88,1.69,23.0488
Nifty Bank,25-10-2013,12.24,1.87,1.69,22.8888
Nifty Bank,28-10-2013,12.1,1.85,1.71,22.385
Nifty Bank,29-10-2013,12.62,1.93,1.64,24.3566
Nifty Bank,30-10-2013,12.63,1.93,1.64,24.3759
Nifty Bank,31-10-2013,12.88,1.97,1.6,25.3736
Nifty Bank,01-11-2013,13.06,2,1.58,26.12
Nifty Bank,03-11-2013,13.04,2,1.59,26.08
Nifty Bank,05-11-2013,12.76,1.98,1.6,25.2648
Nifty Bank,06-11-2013,12.53,1.94,1.63,24.3082
Nifty Bank,07-11-2013,12.27,1.9,1.67,23.313
Nifty Bank,08-11-2013,12.09,1.88,1.69,22.7292
Nifty Bank,11-11-2013,11.93,1.85,1.71,22.0705
Nifty Bank,12-11-2013,11.73,1.82,1.74,21.3486
Nifty Bank,13-11-2013,11.67,1.81,1.75,21.1227
Nifty Bank,14-11-2013,11.99,1.86,1.7,22.3014
Nifty Bank,18-11-2013,12.35,1.92,1.65,23.712
Nifty Bank,19-11-2013,12.49,1.93,1.64,24.1057
Nifty Bank,20-11-2013,12.25,1.89,1.68,23.1525
Nifty Bank,21-11-2013,11.96,1.84,1.72,22.0064
Nifty Bank,22-11-2013,12.15,1.84,1.72,22.356
Nifty Bank,25-11-2013,12.62,1.91,1.66,24.1042
Nifty Bank,26-11-2013,12.42,1.88,1.69,23.3496
Nifty Bank,27-11-2013,12.63,1.88,1.69,23.7444
Nifty Bank,28-11-2013,12.59,1.88,1.69,23.6692
Nifty Bank,29-11-2013,12.88,1.92,1.65,24.7296
Nifty Bank,02-12-2013,13.03,1.94,1.63,25.2782
Nifty Bank,03-12-2013,12.94,1.93,1.64,24.9742
Nifty Bank,04-12-2013,12.88,1.92,1.65,24.7296
Nifty Bank,05-12-2013,13.47,2.01,1.58,27.0747
Nifty Bank,06-12-2013,13.53,2.02,1.57,27.3306
Nifty Bank,09-12-2013,13.93,2.08,1.52,28.9744
Nifty Bank,10-12-2013,13.68,2.04,1.55,27.9072
Nifty Bank,11-12-2013,13.61,2.03,1.56,27.6283
Nifty Bank,12-12-2013,13.44,2,1.58,26.88
Nifty Bank,13-12-2013,13.13,1.96,1.62,25.7348
Nifty Bank,16-12-2013,13.13,1.96,1.62,25.7348
Nifty Bank,17-12-2013,12.94,1.93,1.64,24.9742
Nifty Bank,18-12-2013,13.11,1.95,1.62,25.5645
Nifty Bank,19-12-2013,12.8,1.91,1.66,24.448
Nifty Bank,20-12-2013,13.04,1.94,1.63,25.2976
Nifty Bank,23-12-2013,13.14,1.96,1.62,25.7544
Nifty Bank,24-12-2013,13.08,1.95,1.62,25.506
Nifty Bank,26-12-2013,13.15,1.96,1.62,25.774
Nifty Bank,27-12-2013,13.23,1.97,1.61,26.0631
Nifty Bank,30-12-2013,13.17,1.96,1.61,25.8132
Nifty Bank,31-12-2013,13.18,1.96,1.61,25.8328
Nifty Bank,01-01-2014,13.18,1.96,1.61,25.8328
Nifty Bank,02-01-2014,12.95,1.93,1.64,24.9935
Nifty Bank,03-01-2014,12.94,1.93,1.64,24.9742
Nifty Bank,06-01-2014,12.79,1.91,1.66,24.4289
Nifty Bank,07-01-2014,12.78,1.9,1.66,24.282
Nifty Bank,08-01-2014,12.8,1.91,1.66,24.448
Nifty Bank,09-01-2014,12.7,1.89,1.67,24.003
Nifty Bank,10-01-2014,12.51,1.86,1.7,23.2686
Nifty Bank,13-01-2014,12.79,1.91,1.66,24.4289
Nifty Bank,14-01-2014,12.68,1.89,1.67,23.9652
Nifty Bank,15-01-2014,12.88,1.93,1.64,24.8584
Nifty Bank,16-01-2014,12.85,1.92,1.65,24.672
Nifty Bank,17-01-2014,12.64,1.89,1.68,23.8896
Nifty Bank,20-01-2014,12.52,1.9,1.66,23.788
Nifty Bank,21-01-2014,12.71,1.93,1.64,24.5303
Nifty Bank,22-01-2014,12.75,1.94,1.63,24.735
Nifty Bank,23-01-2014,12.74,1.94,1.63,24.7156
Nifty Bank,24-01-2014,12.5,1.9,1.67,23.75
Nifty Bank,27-01-2014,11.99,1.82,1.74,21.8218
Nifty Bank,28-01-2014,11.96,1.82,1.74,21.7672
Nifty Bank,29-01-2014,11.88,1.81,1.75,21.5028
Nifty Bank,30-01-2014,11.55,1.76,1.8,20.328
Nifty Bank,31-01-2014,11.65,1.77,1.79,20.6205
Nifty Bank,03-02-2014,11.63,1.75,1.81,20.3525
Nifty Bank,04-02-2014,11.73,1.76,1.8,20.6448
Nifty Bank,05-02-2014,11.78,1.77,1.79,20.8506
Nifty Bank,06-02-2014,11.1,1.77,1.79,19.647
Nifty Bank,07-02-2014,11.16,1.78,1.78,19.8648
Nifty Bank,10-02-2014,11.15,1.78,1.78,19.847
Nifty Bank,11-02-2014,11.19,1.78,1.78,19.9182
Nifty Bank,12-02-2014,11.3,1.8,1.76,20.34
Nifty Bank,13-02-2014,11.07,1.76,1.8,19.4832
Nifty Bank,14-02-2014,11.14,1.77,1.79,19.7178
Nifty Bank,17-02-2014,11.33,1.8,1.76,20.394
Nifty Bank,18-02-2014,11.6,1.84,1.72,21.344
Nifty Bank,19-02-2014,11.64,1.85,1.71,21.534
Nifty Bank,20-02-2014,11.44,1.81,1.74,20.7064
Nifty Bank,21-02-2014,11.74,1.84,1.72,21.6016
Nifty Bank,24-02-2014,11.88,1.86,1.7,22.0968
Nifty Bank,25-02-2014,11.86,1.86,1.7,22.0596
Nifty Bank,26-02-2014,11.94,1.87,1.69,22.3278
Nifty Bank,28-02-2014,11.97,1.87,1.69,22.3839
Nifty Bank,03-03-2014,11.85,1.85,1.71,21.9225
Nifty Bank,04-03-2014,12.16,1.9,1.66,23.104
Nifty Bank,05-03-2014,12.35,1.93,1.64,23.8355
Nifty Bank,06-03-2014,12.54,1.96,1.61,24.5784
Nifty Bank,07-03-2014,13.22,2.07,1.53,27.3654
Nifty Bank,10-03-2014,13.47,2.11,1.5,28.4217
Nifty Bank,11-03-2014,13.4,2.1,1.51,28.14
Nifty Bank,12-03-2014,13.38,2.09,1.51,27.9642
Nifty Bank,13-03-2014,13.51,2.11,1.5,28.5061
Nifty Bank,14-03-2014,13.41,2.1,1.51,28.161
Nifty Bank,18-03-2014,13.48,2.11,1.5,28.4428
Nifty Bank,19-03-2014,13.56,2.12,1.49,28.7472
Nifty Bank,20-03-2014,13.37,2.09,1.51,27.9433
Nifty Bank,21-03-2014,13.45,2.11,1.5,28.3795
Nifty Bank,22-03-2014,13.43,2.1,1.5,28.203
Nifty Bank,24-03-2014,13.8,2.16,1.46,29.808
Nifty Bank,25-03-2014,13.85,2.17,1.46,30.0545
Nifty Bank,26-03-2014,13.93,2.18,1.45,30.3674
Nifty Bank,27-03-2014,14.02,2.19,1.44,30.7038
Nifty Bank,28-03-2014,14.33,2.24,1.4,32.0992
Nifty Bank,31-03-2014,14.31,2.24,1.4,32.0544
Nifty Bank,01-04-2014,14.14,2.21,1.42,31.2494
Nifty Bank,02-04-2014,14.28,2.24,1.41,31.9872
Nifty Bank,03-04-2014,14.11,2.21,1.42,31.1831
Nifty Bank,04-04-2014,14.1,2.21,1.43,31.161
Nifty Bank,07-04-2014,14.05,2.2,1.43,30.91
Nifty Bank,09-04-2014,14.53,2.27,1.38,32.9831
Nifty Bank,10-04-2014,14.55,2.28,1.38,33.174
Nifty Bank,11-04-2014,14.42,2.26,1.39,32.5892
Nifty Bank,15-04-2014,14.14,2.21,1.42,31.2494
Nifty Bank,16-04-2014,14.12,2.21,1.42,31.2052
Nifty Bank,17-04-2014,14.37,2.25,1.4,32.3325
Nifty Bank,21-04-2014,14.53,2.28,1.38,33.1284
Nifty Bank,22-04-2014,14.56,2.28,1.38,33.1968
Nifty Bank,23-04-2014,14.72,2.31,1.36,34.0032
Nifty Bank,25-04-2014,14.62,2.29,1.37,33.4798
Nifty Bank,28-04-2014,14.67,2.3,1.37,33.741
Nifty Bank,29-04-2014,14.46,2.27,1.39,32.8242
Nifty Bank,30-04-2014,14.4,2.26,1.39,32.544
Nifty Bank,02-05-2014,14.24,2.26,1.39,32.1824
Nifty Bank,05-05-2014,14.26,2.27,1.39,32.3702
Nifty Bank,06-05-2014,14.37,2.28,1.38,32.7636
Nifty Bank,07-05-2014,14.33,2.28,1.38,32.6724
Nifty Bank,08-05-2014,14.45,2.29,1.37,33.0905
Nifty Bank,09-05-2014,15.24,2.4,1.3,36.576
Nifty Bank,12-05-2014,15.61,2.46,1.27,38.4006
Nifty Bank,13-05-2014,15.67,2.48,1.26,38.8616
Nifty Bank,14-05-2014,15.72,2.49,1.26,39.1428
Nifty Bank,15-05-2014,15.75,2.49,1.25,39.2175
Nifty Bank,16-05-2014,16.43,2.6,1.2,42.718
Nifty Bank,19-05-2014,16.84,2.66,1.17,44.7944
Nifty Bank,20-05-2014,16.78,2.64,1.18,44.2992
Nifty Bank,21-05-2014,16.61,2.62,1.19,43.5182
Nifty Bank,22-05-2014,16.75,2.63,1.19,44.0525
Nifty Bank,23-05-2014,17.01,2.66,1.18,45.2466
Nifty Bank,26-05-2014,16.89,2.64,1.19,44.5896
Nifty Bank,27-05-2014,16.79,2.63,1.19,44.1577
Nifty Bank,28-05-2014,16.89,2.64,1.19,44.5896
Nifty Bank,29-05-2014,16.73,2.62,1.2,43.8326
Nifty Bank,30-05-2014,16.46,2.58,1.22,42.4668
Nifty Bank,02-06-2014,17.01,2.66,1.18,45.2466
Nifty Bank,03-06-2014,17.03,2.66,1.18,45.2998
Nifty Bank,04-06-2014,17.12,2.67,1.17,45.7104
Nifty Bank,05-06-2014,17.06,2.66,1.18,45.3796
Nifty Bank,06-06-2014,17.35,2.71,1.16,47.0185
Nifty Bank,09-06-2014,17.12,2.69,1.16,46.0528
Nifty Bank,10-06-2014,16.97,2.67,1.17,45.3099
Nifty Bank,11-06-2014,16.99,2.57,1.22,43.6643
Nifty Bank,12-06-2014,17.01,2.57,1.22,43.7157
Nifty Bank,13-06-2014,16.62,2.5,1.25,41.55
Nifty Bank,16-06-2014,16.59,2.49,1.26,41.3091
Nifty Bank,17-06-2014,16.97,2.47,1.27,41.9159
Nifty Bank,18-06-2014,16.8,2.45,1.28,41.16
Nifty Bank,19-06-2014,16.63,2.42,1.29,40.2446
Nifty Bank,20-06-2014,16.55,2.41,1.3,39.8855
Nifty Bank,23-06-2014,16.64,2.42,1.29,40.2688
Nifty Bank,24-06-2014,16.9,2.46,1.27,41.574
Nifty Bank,25-06-2014,16.82,2.45,1.28,41.209
Nifty Bank,26-06-2014,16.61,2.42,1.3,40.1962
Nifty Bank,27-06-2014,16.55,2.41,1.3,39.8855
Nifty Bank,30-06-2014,16.82,2.45,1.28,41.209
Nifty Bank,01-07-2014,16.91,2.46,1.27,41.5986
Nifty Bank,02-07-2014,17.09,2.49,1.26,42.5541
Nifty Bank,03-07-2014,17.05,2.48,1.26,42.284
Nifty Bank,04-07-2014,17.17,2.5,1.25,42.925
Nifty Bank,07-07-2014,16.96,2.47,1.27,41.8912
Nifty Bank,08-07-2014,16.55,2.41,1.3,39.8855
Nifty Bank,09-07-2014,16.48,2.4,1.31,39.552
Nifty Bank,10-07-2014,16.32,2.38,1.32,38.8416
Nifty Bank,11-07-2014,15.91,2.32,1.35,36.9112
Nifty Bank,14-07-2014,15.97,2.33,1.34,37.2101
Nifty Bank,15-07-2014,16.41,2.39,1.31,39.2199
Nifty Bank,16-07-2014,16.82,2.45,1.28,41.209
Nifty Bank,17-07-2014,16.76,2.46,1.28,41.2296
Nifty Bank,18-07-2014,16.9,2.47,1.27,41.743
Nifty Bank,21-07-2014,16.75,2.47,1.27,41.3725
Nifty Bank,22-07-2014,16.79,2.48,1.26,41.6392
Nifty Bank,23-07-2014,16.75,2.49,1.26,41.7075
Nifty Bank,24-07-2014,16.83,2.5,1.25,42.075
Nifty Bank,25-07-2014,16.57,2.46,1.27,40.7622
Nifty Bank,28-07-2014,16.4,2.45,1.28,40.18
Nifty Bank,30-07-2014,16.66,2.48,1.26,41.3168
Nifty Bank,31-07-2014,16.46,2.45,1.27,40.327
Nifty Bank,01-08-2014,16.31,2.43,1.28,39.6333
Nifty Bank,04-08-2014,16.43,2.45,1.27,40.2535
Nifty Bank,05-08-2014,16.49,2.45,1.27,40.4005
Nifty Bank,06-08-2014,16.01,2.39,1.26,38.2639
Nifty Bank,07-08-2014,16.01,2.31,1.22,36.9831
Nifty Bank,08-08-2014,15.78,2.27,1.23,35.8206
Nifty Bank,11-08-2014,15.95,2.3,1.22,36.685
Nifty Bank,12-08-2014,16.15,2.33,1.2,37.6295
Nifty Bank,13-08-2014,16,2.31,1.21,36.96
Nifty Bank,14-08-2014,16.19,2.34,1.2,37.8846
Nifty Bank,18-08-2014,16.56,2.39,1.17,39.5784
Nifty Bank,19-08-2014,16.65,2.4,1.17,39.96
Nifty Bank,20-08-2014,16.61,2.4,1.17,39.864
Nifty Bank,21-08-2014,16.8,2.42,1.16,40.656
Nifty Bank,22-08-2014,16.97,2.45,1.14,41.5765
Nifty Bank,25-08-2014,16.81,2.43,1.15,40.8483
Nifty Bank,26-08-2014,16.76,2.42,1.16,40.5592
Nifty Bank,27-08-2014,16.86,2.43,1.15,40.9698
Nifty Bank,28-08-2014,16.89,2.44,1.15,41.2116
Nifty Bank,01-09-2014,17.18,2.48,1.13,42.6064
Nifty Bank,02-09-2014,17.3,2.5,1.12,43.25
Nifty Bank,03-09-2014,17.28,2.49,1.12,43.0272
Nifty Bank,04-09-2014,17.2,2.48,1.13,42.656
Nifty Bank,05-09-2014,17.14,2.47,1.13,42.3358
Nifty Bank,08-09-2014,17.39,2.51,1.12,43.6489
Nifty Bank,09-09-2014,17.34,2.5,1.12,43.35
Nifty Bank,10-09-2014,17.33,2.5,1.12,43.325
Nifty Bank,11-09-2014,17.39,2.51,1.12,43.6489
Nifty Bank,12-09-2014,17.44,2.52,1.11,43.9488
Nifty Bank,15-09-2014,17.35,2.5,1.12,43.375
Nifty Bank,16-09-2014,17,2.45,1.14,41.65
Nifty Bank,17-09-2014,17,2.45,1.14,41.65
Nifty Bank,18-09-2014,17.34,2.5,1.12,43.35
Nifty Bank,19-09-2014,17.33,2.5,1.12,43.325
Nifty Bank,22-09-2014,17.38,2.51,1.12,43.6238
Nifty Bank,23-09-2014,17.07,2.46,1.14,41.9922
Nifty Bank,24-09-2014,16.89,2.44,1.15,41.2116
Nifty Bank,25-09-2014,16.42,2.37,1.18,38.9154
Nifty Bank,26-09-2014,16.75,2.42,1.16,40.535
Nifty Bank,29-09-2014,16.61,2.4,1.17,39.864
Nifty Bank,30-09-2014,16.52,2.38,1.17,39.3176
Nifty Bank,01-10-2014,16.44,2.37,1.18,38.9628
Nifty Bank,07-10-2014,16.29,2.35,1.19,38.2815
Nifty Bank,08-10-2014,16.47,2.38,1.18,39.1986
Nifty Bank,09-10-2014,16.89,2.44,1.15,41.2116
Nifty Bank,10-10-2014,16.58,2.39,1.17,39.6262
Nifty Bank,13-10-2014,16.82,2.43,1.15,40.8726
Nifty Bank,14-10-2014,16.91,2.44,1.15,41.2604
Nifty Bank,16-10-2014,16.69,2.41,1.16,40.2229
Nifty Bank,17-10-2014,17.1,2.47,1.13,42.237
Nifty Bank,20-10-2014,17.41,2.51,1.11,43.6991
Nifty Bank,21-10-2014,17.51,2.54,1.1,44.4754
Nifty Bank,22-10-2014,17.38,2.55,1.1,44.319
Nifty Bank,23-10-2014,17.41,2.55,1.1,44.3955
Nifty Bank,27-10-2014,17.5,2.56,1.09,44.8
Nifty Bank,28-10-2014,17.58,2.58,1.08,45.3564
Nifty Bank,29-10-2014,17.54,2.58,1.09,45.2532
Nifty Bank,30-10-2014,17.68,2.6,1.08,45.968
Nifty Bank,31-10-2014,17.98,2.64,1.06,47.4672
Nifty Bank,03-11-2014,18.07,2.65,1.05,47.8855
Nifty Bank,05-11-2014,18.13,2.69,1.04,48.7697
Nifty Bank,07-11-2014,18.12,2.69,1.04,48.7428
Nifty Bank,10-11-2014,17.78,2.67,1.05,47.4726
Nifty Bank,11-11-2014,17.91,2.69,1.04,48.1779
Nifty Bank,12-11-2014,18.12,2.72,1.03,49.2864
Nifty Bank,13-11-2014,17.98,2.7,1.04,48.546
Nifty Bank,14-11-2014,18.11,2.72,1.03,49.2592
Nifty Bank,17-11-2014,18.18,2.73,1.02,49.6314
Nifty Bank,18-11-2014,18.24,2.74,1.02,49.9776
Nifty Bank,19-11-2014,17.98,2.73,1.03,49.0854
Nifty Bank,20-11-2014,18.04,2.73,1.02,49.2492
Nifty Bank,21-11-2014,18.46,2.8,1,51.688
Nifty Bank,24-11-2014,18.65,2.83,0.99,52.7795
Nifty Bank,25-11-2014,18.4,2.8,1,51.52
Nifty Bank,26-11-2014,18.34,2.79,1,51.1686
Nifty Bank,27-11-2014,18.39,2.79,1,51.3081
Nifty Bank,28-11-2014,18.89,2.87,0.98,54.2143
Nifty Bank,01-12-2014,18.9,2.87,0.98,54.243
Nifty Bank,02-12-2014,18.93,2.88,0.97,54.5184
Nifty Bank,03-12-2014,19.02,2.89,0.97,54.9678
Nifty Bank,04-12-2014,19.16,2.91,0.96,55.7556
Nifty Bank,05-12-2014,19.14,2.91,0.96,55.6974
Nifty Bank,08-12-2014,18.89,2.87,0.98,54.2143
Nifty Bank,09-12-2014,18.67,2.84,0.99,53.0228
Nifty Bank,10-12-2014,18.84,2.86,0.98,53.8824
Nifty Bank,11-12-2014,18.78,2.85,0.98,53.523
Nifty Bank,12-12-2014,18.68,2.84,0.99,53.0512
Nifty Bank,15-12-2014,18.75,2.85,0.98,53.4375
Nifty Bank,16-12-2014,18.2,2.76,1.01,50.232
Nifty Bank,17-12-2014,18.23,2.77,1.01,50.4971
Nifty Bank,18-12-2014,18.7,2.84,0.99,53.108
Nifty Bank,19-12-2014,18.86,2.87,0.98,54.1282
Nifty Bank,22-12-2014,19.13,2.91,0.96,55.6683
Nifty Bank,23-12-2014,18.99,2.88,0.97,54.6912
Nifty Bank,24-12-2014,18.92,2.87,0.97,54.3004
Nifty Bank,26-12-2014,18.94,2.88,0.97,54.5472
Nifty Bank,29-12-2014,18.91,2.87,0.97,54.2717
Nifty Bank,30-12-2014,19.03,2.89,0.97,54.9967
Nifty Bank,31-12-2014,19.12,2.91,0.96,55.6392
Nifty Bank,01-01-2015,19.14,2.91,0.96,55.6974
Nifty Bank,02-01-2015,19.45,2.95,0.95,57.3775
Nifty Bank,05-01-2015,19.41,2.95,0.95,57.2595
Nifty Bank,06-01-2015,18.81,2.86,0.98,53.7966
Nifty Bank,07-01-2015,18.68,2.84,0.99,53.0512
Nifty Bank,08-01-2015,19.09,2.9,0.97,55.361
Nifty Bank,09-01-2015,19.02,2.89,0.97,54.9678
Nifty Bank,12-01-2015,19.19,2.92,0.96,56.0348
Nifty Bank,13-01-2015,19.1,2.9,0.96,55.39
Nifty Bank,14-01-2015,18.95,2.89,0.97,54.7655
Nifty Bank,15-01-2015,19.6,2.98,0.94,58.408
Nifty Bank,16-01-2015,19.54,2.98,0.94,58.2292
Nifty Bank,19-01-2015,19.71,3.01,0.93,59.3271
Nifty Bank,20-01-2015,20.07,3.07,0.91,61.6149
Nifty Bank,21-01-2015,20.04,3.08,0.91,61.7232
Nifty Bank,22-01-2015,20.08,3.09,0.91,62.0472
Nifty Bank,23-01-2015,20.24,3.11,0.9,62.9464
Nifty Bank,27-01-2015,20.72,3.19,0.88,66.0968
Nifty Bank,28-01-2015,20.66,3.18,0.88,65.6988
Nifty Bank,29-01-2015,20.7,3.18,0.88,65.826
Nifty Bank,30-01-2015,20.01,3.08,0.91,61.6308
Nifty Bank,02-02-2015,20.19,3.08,0.91,62.1852
Nifty Bank,03-02-2015,19.7,3.01,0.93,59.297
Nifty Bank,04-02-2015,20.13,2.97,0.94,59.7861
Nifty Bank,05-02-2015,19.96,2.96,0.95,59.0816
Nifty Bank,06-02-2015,19.68,2.91,0.96,57.2688
Nifty Bank,09-02-2015,19.28,2.85,0.98,54.948
Nifty Bank,10-02-2015,19.65,2.91,0.96,57.1815
Nifty Bank,11-02-2015,19.84,2.94,0.95,58.3296
Nifty Bank,12-02-2015,20.04,2.97,0.94,59.5188
Nifty Bank,13-02-2015,20.29,3,0.93,60.87
Nifty Bank,16-02-2015,19.96,2.98,0.94,59.4808
Nifty Bank,18-02-2015,20.07,3,0.93,60.21
Nifty Bank,19-02-2015,19.77,2.98,0.94,58.9146
Nifty Bank,20-02-2015,19.73,2.96,0.95,58.4008
Nifty Bank,23-02-2015,19.56,2.94,0.95,57.5064
Nifty Bank,24-02-2015,19.53,2.93,0.96,57.2229
Nifty Bank,25-02-2015,19.37,2.91,0.96,56.3667
Nifty Bank,26-02-2015,19.17,2.88,0.97,55.2096
Nifty Bank,27-02-2015,19.73,2.96,0.95,58.4008
Nifty Bank,28-02-2015,20.36,3.06,0.92,62.3016
Nifty Bank,02-03-2015,20.69,3.11,0.9,64.3459
Nifty Bank,03-03-2015,20.64,3.1,0.9,63.984
Nifty Bank,04-03-2015,20.32,3.05,0.92,61.976
Nifty Bank,05-03-2015,20.42,3.07,0.91,62.6894
Nifty Bank,09-03-2015,19.99,3,0.93,59.97
Nifty Bank,10-03-2015,19.89,2.99,0.94,59.4711
Nifty Bank,11-03-2015,19.88,2.98,0.94,59.2424
Nifty Bank,12-03-2015,19.99,3,0.93,59.97
Nifty Bank,13-03-2015,19.61,2.94,0.95,57.6534
Nifty Bank,16-03-2015,19.67,2.95,0.95,58.0265
Nifty Bank,17-03-2015,19.9,2.99,0.94,59.501
Nifty Bank,18-03-2015,19.99,3,0.93,59.97
Nifty Bank,19-03-2015,19.64,2.95,0.95,57.938
Nifty Bank,20-03-2015,19.43,2.92,0.96,56.7356
Nifty Bank,23-03-2015,19.26,2.89,0.97,55.6614
Nifty Bank,24-03-2015,19.14,2.87,0.97,54.9318
Nifty Bank,25-03-2015,19.12,2.87,0.98,54.8744
Nifty Bank,26-03-2015,18.62,2.79,1,51.9498
Nifty Bank,27-03-2015,18.84,2.83,0.99,53.3172
Nifty Bank,30-03-2015,19.17,2.88,0.97,55.2096
Nifty Bank,31-03-2015,19.01,2.85,0.98,54.1785
Nifty Bank,01-04-2015,19.44,2.92,0.96,56.7648
Nifty Bank,06-04-2015,19.43,2.92,0.96,56.7356
Nifty Bank,07-04-2015,19.28,2.89,0.97,55.7192
Nifty Bank,08-04-2015,19.23,2.89,0.97,55.5747
Nifty Bank,09-04-2015,19.71,2.96,0.95,58.3416
Nifty Bank,10-04-2015,19.63,2.95,0.95,57.9085
Nifty Bank,13-04-2015,19.64,2.95,0.95,57.938
Nifty Bank,15-04-2015,19.55,2.93,0.95,57.2815
Nifty Bank,16-04-2015,19.47,2.92,0.96,56.8524
Nifty Bank,17-04-2015,19.17,2.88,0.97,55.2096
Nifty Bank,20-04-2015,18.92,2.84,0.99,53.7328
Nifty Bank,21-04-2015,18.92,2.84,0.99,53.7328
Nifty Bank,22-04-2015,19.06,2.86,0.98,54.5116
Nifty Bank,23-04-2015,19.06,2.86,0.98,54.5116
Nifty Bank,24-04-2015,18.63,2.82,0.99,52.5366
Nifty Bank,27-04-2015,18.66,2.83,0.99,52.8078
Nifty Bank,28-04-2015,19.17,2.9,0.96,55.593
Nifty Bank,29-04-2015,19.18,2.91,0.96,55.8138
Nifty Bank,30-04-2015,19.08,2.92,0.96,55.7136
Nifty Bank,04-05-2015,19.25,2.95,0.95,56.7875
Nifty Bank,05-05-2015,19.22,2.94,0.95,56.5068
Nifty Bank,06-05-2015,18.52,2.83,0.99,52.4116
Nifty Bank,07-05-2015,18.08,2.77,1.01,50.0816
Nifty Bank,08-05-2015,18.49,2.83,0.99,52.3267
Nifty Bank,11-05-2015,19.01,2.92,0.96,55.5092
Nifty Bank,12-05-2015,18.53,2.83,0.99,52.4399
Nifty Bank,13-05-2015,18.9,2.9,0.97,54.81
Nifty Bank,14-05-2015,18.92,2.87,0.97,54.3004
Nifty Bank,15-05-2015,18.99,2.88,0.97,54.6912
Nifty Bank,18-05-2015,19.34,2.92,0.96,56.4728
Nifty Bank,19-05-2015,19.3,2.91,0.96,56.163
Nifty Bank,20-05-2015,19.48,2.94,0.95,57.2712
Nifty Bank,21-05-2015,19.44,2.93,0.95,56.9592
Nifty Bank,22-05-2015,19.35,2.92,0.96,56.502
Nifty Bank,25-05-2015,19.1,2.9,0.96,55.39
Nifty Bank,26-05-2015,19.1,2.9,0.96,55.39
Nifty Bank,27-05-2015,19.32,2.93,0.95,56.6076
Nifty Bank,28-05-2015,19.23,2.92,0.96,56.1516
Nifty Bank,29-05-2015,19.51,2.96,0.94,57.7496
Nifty Bank,01-06-2015,19.4,2.95,0.95,57.23
Nifty Bank,02-06-2015,18.73,2.85,0.98,53.3805
Nifty Bank,03-06-2015,18.47,2.8,1,51.716
Nifty Bank,04-06-2015,18.47,2.8,1,51.716
Nifty Bank,05-06-2015,18.38,2.67,1.03,49.0746
Nifty Bank,08-06-2015,18.3,2.66,1.03,48.678
Nifty Bank,09-06-2015,18.36,2.67,1.03,49.0212
Nifty Bank,10-06-2015,18.59,2.7,1.02,50.193
Nifty Bank,11-06-2015,18.16,2.64,1.04,47.9424
Nifty Bank,12-06-2015,18.39,2.62,1.05,48.1818
Nifty Bank,15-06-2015,18.33,2.61,1.05,47.8413
Nifty Bank,16-06-2015,18.48,2.63,1.05,48.6024
Nifty Bank,17-06-2015,18.46,2.63,1.05,48.5498
Nifty Bank,18-06-2015,18.61,2.65,1.04,49.3165
Nifty Bank,19-06-2015,18.77,2.67,1.03,50.1159
Nifty Bank,22-06-2015,19.25,2.74,1,52.745
Nifty Bank,23-06-2015,19.31,2.75,1,53.1025
Nifty Bank,24-06-2015,19.28,2.74,1,52.8272
Nifty Bank,25-06-2015,19.41,2.76,1,53.5716
Nifty Bank,26-06-2015,19.28,2.73,1.02,52.6344
Nifty Bank,29-06-2015,19.15,2.71,1.02,51.8965
Nifty Bank,30-06-2015,19.21,2.58,1.06,49.5618
Nifty Bank,01-07-2015,19.5,2.62,1.04,51.09
Nifty Bank,02-07-2015,19.51,2.62,1.04,51.1162
Nifty Bank,03-07-2015,19.66,2.64,1.03,51.9024
Nifty Bank,06-07-2015,19.76,2.66,1.03,52.5616
Nifty Bank,07-07-2015,19.73,2.65,1.03,52.2845
Nifty Bank,08-07-2015,19.38,2.61,1.05,50.5818
Nifty Bank,09-07-2015,19.43,2.61,1.05,50.7123
Nifty Bank,10-07-2015,19.65,2.59,1.06,50.8935
Nifty Bank,13-07-2015,19.84,2.61,1.05,51.7824
Nifty Bank,14-07-2015,19.72,2.6,1.05,51.272
Nifty Bank,15-07-2015,19.76,2.6,1.05,51.376
Nifty Bank,16-07-2015,20.13,2.65,1.03,53.3445
Nifty Bank,17-07-2015,20.06,2.64,1.04,52.9584
Nifty Bank,20-07-2015,20.1,2.65,1.03,53.265
Nifty Bank,21-07-2015,19.77,2.61,1.05,51.5997
Nifty Bank,22-07-2015,20.06,2.64,1.04,52.9584
Nifty Bank,23-07-2015,19.92,2.63,1.04,52.3896
Nifty Bank,24-07-2015,19.68,2.59,1.06,50.9712
Nifty Bank,27-07-2015,19.23,2.53,1.08,48.6519
Nifty Bank,28-07-2015,19.1,2.54,1.08,48.514
Nifty Bank,29-07-2015,19.16,2.55,1.07,48.858
Nifty Bank,30-07-2015,19.35,2.57,1.07,49.7295
Nifty Bank,31-07-2015,19.65,2.61,1.05,51.2865
Nifty Bank,03-08-2015,19.71,2.63,1.04,51.8373
Nifty Bank,04-08-2015,19.77,2.64,1.04,52.1928
Nifty Bank,05-08-2015,19.83,2.63,1.04,52.1529
Nifty Bank,06-08-2015,19.99,2.65,1.03,52.9735
Nifty Bank,07-08-2015,19.84,2.63,1.04,52.1792
Nifty Bank,10-08-2015,19.85,2.63,1.04,52.2055
Nifty Bank,11-08-2015,19.57,2.59,1.06,50.6863
Nifty Bank,12-08-2015,18.99,2.52,1.09,47.8548
Nifty Bank,13-08-2015,19.11,2.53,1.08,48.3483
Nifty Bank,14-08-2015,19.62,2.61,1.05,51.2082
Nifty Bank,17-08-2015,19.72,2.62,1.04,51.6664
Nifty Bank,18-08-2015,19.68,2.62,1.05,51.5616
Nifty Bank,19-08-2015,19.59,2.61,1.05,51.1299
Nifty Bank,20-08-2015,19.15,2.55,1.07,48.8325
Nifty Bank,21-08-2015,18.92,2.5,1.09,47.3
Nifty Bank,24-08-2015,17.61,2.33,1.17,41.0313
Nifty Bank,25-08-2015,18.01,2.38,1.15,42.8638
Nifty Bank,26-08-2015,17.72,2.35,1.16,41.642
Nifty Bank,27-08-2015,18.04,2.39,1.14,43.1156
Nifty Bank,28-08-2015,18.03,2.39,1.15,43.0917
Nifty Bank,31-08-2015,17.96,2.38,1.15,42.7448
Nifty Bank,01-09-2015,17.32,2.29,1.19,39.6628
Nifty Bank,02-09-2015,17.03,2.25,1.21,38.3175
Nifty Bank,03-09-2015,17.34,2.3,1.19,39.882
Nifty Bank,04-09-2015,16.9,2.24,1.22,37.856
Nifty Bank,07-09-2015,16.56,2.19,1.25,36.2664
Nifty Bank,08-09-2015,17.15,2.27,1.2,38.9305
Nifty Bank,09-09-2015,17.44,2.31,1.18,40.2864
Nifty Bank,10-09-2015,17.41,2.3,1.19,40.043
Nifty Bank,11-09-2015,17.42,2.31,1.19,40.2402
Nifty Bank,14-09-2015,17.74,2.35,1.16,41.689
Nifty Bank,15-09-2015,17.56,2.32,1.18,40.7392
Nifty Bank,16-09-2015,17.79,2.36,1.16,41.9844
Nifty Bank,18-09-2015,18.26,2.42,1.13,44.1892
Nifty Bank,21-09-2015,18.4,2.44,1.12,44.896
Nifty Bank,22-09-2015,17.86,2.36,1.16,42.1496
Nifty Bank,23-09-2015,18.1,2.4,1.14,43.44
Nifty Bank,24-09-2015,18.04,2.39,1.14,43.1156
Nifty Bank,28-09-2015,17.93,2.37,1.15,42.4941
Nifty Bank,29-09-2015,18.12,2.4,1.14,43.488
Nifty Bank,30-09-2015,18.06,2.39,1.14,43.1634
Nifty Bank,01-10-2015,17.99,2.38,1.15,42.8162
Nifty Bank,05-10-2015,18.54,2.45,1.11,45.423
Nifty Bank,06-10-2015,18.46,2.44,1.12,45.0424
Nifty Bank,07-10-2015,18.48,2.45,1.12,45.276
Nifty Bank,08-10-2015,18.33,2.43,1.13,44.5419
Nifty Bank,09-10-2015,18.45,2.44,1.12,45.018
Nifty Bank,12-10-2015,18.39,2.44,1.12,44.8716
Nifty Bank,13-10-2015,18.36,2.44,1.12,44.7984
Nifty Bank,14-10-2015,18.35,2.44,1.12,44.774
Nifty Bank,15-10-2015,18.5,2.46,1.11,45.51
Nifty Bank,16-10-2015,18.73,2.49,1.1,46.6377
Nifty Bank,19-10-2015,18.69,2.48,1.1,46.3512
Nifty Bank,20-10-2015,18.66,2.48,1.1,46.2768
Nifty Bank,21-10-2015,18.54,2.46,1.11,45.6084
Nifty Bank,23-10-2015,18.59,2.5,1.1,46.475
Nifty Bank,26-10-2015,18.47,2.48,1.1,45.8056
Nifty Bank,27-10-2015,18.54,2.5,1.1,46.35
Nifty Bank,28-10-2015,18.09,2.44,1.13,44.1396
Nifty Bank,29-10-2015,17.93,2.41,1.14,43.2113
Nifty Bank,30-10-2015,17.98,2.43,1.13,43.6914
Nifty Bank,02-11-2015,17.96,2.43,1.13,43.6428
Nifty Bank,03-11-2015,17.95,2.43,1.13,43.6185
Nifty Bank,04-11-2015,17.66,2.41,1.14,42.5606
Nifty Bank,05-11-2015,17.44,2.38,1.15,41.5072
Nifty Bank,06-11-2015,17.54,2.4,1.15,42.096
Nifty Bank,09-11-2015,17.53,2.4,1.14,42.072
Nifty Bank,10-11-2015,17.36,2.38,1.16,41.3168
Nifty Bank,11-11-2015,17.48,2.39,1.15,41.7772
Nifty Bank,13-11-2015,17.69,2.39,1.15,42.2791
Nifty Bank,16-11-2015,17.95,2.43,1.13,43.6185
Nifty Bank,17-11-2015,17.9,2.42,1.14,43.318
Nifty Bank,18-11-2015,17.56,2.37,1.16,41.6172
Nifty Bank,19-11-2015,17.83,2.41,1.14,42.9703
Nifty Bank,20-11-2015,17.82,2.41,1.14,42.9462
Nifty Bank,23-11-2015,17.82,2.41,1.14,42.9462
Nifty Bank,24-11-2015,17.75,2.4,1.15,42.6
Nifty Bank,26-11-2015,17.8,2.41,1.14,42.898
Nifty Bank,27-11-2015,18.14,2.45,1.12,44.443
Nifty Bank,30-11-2015,18.21,2.46,1.12,44.7966
Nifty Bank,01-12-2015,18.17,2.46,1.12,44.6982
Nifty Bank,02-12-2015,17.99,2.43,1.13,43.7157
Nifty Bank,03-12-2015,17.87,2.42,1.14,43.2454
Nifty Bank,04-12-2015,17.65,2.39,1.15,42.1835
Nifty Bank,07-12-2015,17.7,2.39,1.15,42.303
Nifty Bank,08-12-2015,17.55,2.37,1.16,41.5935
Nifty Bank,09-12-2015,17.4,2.35,1.17,40.89
Nifty Bank,10-12-2015,17.46,2.36,1.16,41.2056
Nifty Bank,11-12-2015,17.07,2.31,1.19,39.4317
Nifty Bank,14-12-2015,17.09,2.31,1.19,39.4779
Nifty Bank,15-12-2015,17.14,2.32,1.19,39.7648
Nifty Bank,16-12-2015,17.33,2.34,1.17,40.5522
Nifty Bank,17-12-2015,17.5,2.37,1.16,41.475
Nifty Bank,18-12-2015,17.34,2.34,1.17,40.5756
Nifty Bank,21-12-2015,17.59,2.38,1.16,41.8642
Nifty Bank,22-12-2015,17.51,2.37,1.16,41.4987
Nifty Bank,23-12-2015,17.65,2.39,1.15,42.1835
Nifty Bank,24-12-2015,17.57,2.38,1.16,41.8166
Nifty Bank,28-12-2015,17.75,2.4,1.15,42.6
Nifty Bank,29-12-2015,17.76,2.4,1.14,42.624
Nifty Bank,30-12-2015,17.68,2.39,1.15,42.2552
Nifty Bank,31-12-2015,17.69,2.39,1.15,42.2791
Nifty Bank,01-01-2016,17.81,2.41,1.14,42.9221
Nifty Bank,04-01-2016,17.35,2.35,1.17,40.7725
Nifty Bank,05-01-2016,17.29,2.34,1.18,40.4586
Nifty Bank,06-01-2016,17.18,2.32,1.18,39.8576
Nifty Bank,07-01-2016,16.8,2.27,1.21,38.136
Nifty Bank,08-01-2016,16.87,2.28,1.21,38.4636
Nifty Bank,11-01-2016,16.75,2.26,1.21,37.855
Nifty Bank,12-01-2016,16.45,2.22,1.24,36.519
Nifty Bank,13-01-2016,16.6,2.24,1.23,37.184
Nifty Bank,14-01-2016,16.32,2.21,1.25,36.0672
Nifty Bank,15-01-2016,15.9,2.15,1.28,34.185
Nifty Bank,18-01-2016,15.71,2.12,1.29,33.3052
Nifty Bank,19-01-2016,15.93,2.16,1.27,34.4088
Nifty Bank,20-01-2016,15.58,2.11,1.3,32.8738
Nifty Bank,21-01-2016,15.75,2.13,1.29,33.5475
Nifty Bank,22-01-2016,16.09,2.19,1.25,35.2371
Nifty Bank,25-01-2016,16.15,2.2,1.25,35.53
Nifty Bank,27-01-2016,16.12,2.2,1.25,35.464
Nifty Bank,28-01-2016,15.96,2.17,1.26,34.6332
Nifty Bank,29-01-2016,16.11,2.19,1.25,35.2809
Nifty Bank,01-02-2016,15.84,2.16,1.27,34.2144
Nifty Bank,02-02-2016,15.55,2.13,1.29,33.1215
Nifty Bank,03-02-2016,15.31,2.1,1.31,32.151
Nifty Bank,04-02-2016,15.34,2.1,1.31,32.214
Nifty Bank,05-02-2016,15.64,2.14,1.28,33.4696
Nifty Bank,08-02-2016,15.53,2.13,1.29,33.0789
Nifty Bank,09-02-2016,15.35,2.1,1.31,32.235
Nifty Bank,10-02-2016,15.05,2.06,1.33,31.003
Nifty Bank,11-02-2016,14.58,1.98,1.39,28.8684
Nifty Bank,12-02-2016,14.52,1.97,1.39,28.6044
Nifty Bank,15-02-2016,16.01,2.04,1.35,32.6604
Nifty Bank,16-02-2016,15.7,2,1.37,31.4
Nifty Bank,17-02-2016,15.65,2,1.38,31.3
Nifty Bank,18-02-2016,15.85,2.02,1.36,32.017
Nifty Bank,19-02-2016,15.9,2.03,1.36,32.277
Nifty Bank,22-02-2016,15.95,2.03,1.35,32.3785
Nifty Bank,23-02-2016,15.53,1.98,1.39,30.7494
Nifty Bank,24-02-2016,15.29,1.95,1.41,29.8155
Nifty Bank,25-02-2016,15.03,1.92,1.43,28.8576
Nifty Bank,26-02-2016,15.33,1.94,1.41,29.7402
Nifty Bank,29-02-2016,15.5,1.96,1.4,30.38
Nifty Bank,01-03-2016,16.02,2.03,1.35,32.5206
Nifty Bank,02-03-2016,16.77,2.13,1.29,35.7201
Nifty Bank,03-03-2016,16.87,2.14,1.28,36.1018
Nifty Bank,04-03-2016,17.05,2.16,1.27,36.828
Nifty Bank,08-03-2016,16.83,2.13,1.29,35.8479
Nifty Bank,09-03-2016,16.98,2.15,1.28,36.507
Nifty Bank,10-03-2016,16.87,2.14,1.28,36.1018
Nifty Bank,11-03-2016,16.86,2.14,1.28,36.0804
Nifty Bank,14-03-2016,16.98,2.15,1.28,36.507
Nifty Bank,15-03-2016,17.03,2.16,1.27,36.7848
Nifty Bank,16-03-2016,17.18,2.18,1.26,37.4524
Nifty Bank,17-03-2016,17.16,2.17,1.26,37.2372
Nifty Bank,18-03-2016,17.4,2.2,1.24,38.28
Nifty Bank,21-03-2016,17.7,2.24,1.22,39.648
Nifty Bank,22-03-2016,17.71,2.24,1.22,39.6704
Nifty Bank,23-03-2016,17.66,2.24,1.23,39.5584
Nifty Bank,28-03-2016,17.34,2.2,1.25,38.148
Nifty Bank,29-03-2016,17.41,2.21,1.24,38.4761
Nifty Bank,30-03-2016,17.93,2.27,1.21,40.7011
Nifty Bank,31-03-2016,17.94,2.27,1.21,40.7238
Nifty Bank,01-04-2016,17.98,2.28,1.2,40.9944
Nifty Bank,04-04-2016,17.99,2.28,1.2,41.0172
Nifty Bank,05-04-2016,17.44,2.21,1.24,38.5424
Nifty Bank,06-04-2016,17.38,2.2,1.25,38.236
Nifty Bank,07-04-2016,17.26,2.19,1.25,37.7994
Nifty Bank,08-04-2016,17.3,2.19,1.25,37.887
Nifty Bank,11-04-2016,17.58,2.23,1.23,39.2034
Nifty Bank,12-04-2016,17.65,2.24,1.23,39.536
Nifty Bank,13-04-2016,18.09,2.29,1.2,41.4261
Nifty Bank,18-04-2016,18.03,2.28,1.2,41.1084
Nifty Bank,20-04-2016,18.17,2.3,1.19,41.791
Nifty Bank,21-04-2016,18.49,2.34,1.17,43.2666
Nifty Bank,22-04-2016,18.56,2.35,1.17,43.616
Nifty Bank,25-04-2016,18.44,2.35,1.17,43.334
Nifty Bank,26-04-2016,18.79,2.39,1.15,44.9081
Nifty Bank,27-04-2016,18.66,2.38,1.15,44.4108
Nifty Bank,28-04-2016,18.49,2.35,1.17,43.4515
Nifty Bank,29-04-2016,18.35,2.37,1.16,43.4895
Nifty Bank,02-05-2016,18.08,2.33,1.18,42.1264
Nifty Bank,03-05-2016,17.91,2.31,1.19,41.3721
Nifty Bank,04-05-2016,17.91,2.29,1.2,41.0139
Nifty Bank,05-05-2016,17.87,2.29,1.2,40.9223
Nifty Bank,06-05-2016,17.88,2.29,1.2,40.9452
Nifty Bank,09-05-2016,18.31,2.35,1.17,43.0285
Nifty Bank,10-05-2016,18.42,2.36,1.16,43.4712
Nifty Bank,11-05-2016,18.38,2.36,1.16,43.3768
Nifty Bank,12-05-2016,18.57,2.38,1.15,44.1966
Nifty Bank,13-05-2016,18.34,2.35,1.17,43.099
Nifty Bank,16-05-2016,19.17,2.36,1.16,45.2412
Nifty Bank,17-05-2016,19.2,2.36,1.16,45.312
Nifty Bank,18-05-2016,19.16,2.36,1.16,45.2176
Nifty Bank,19-05-2016,18.97,2.33,1.18,44.2001
Nifty Bank,20-05-2016,18.88,2.31,1.19,43.6128
Nifty Bank,23-05-2016,18.74,2.3,1.19,43.102
Nifty Bank,24-05-2016,20,2.3,1.19,46
Nifty Bank,25-05-2016,22.12,2.38,1.15,52.6456
Nifty Bank,26-05-2016,23.37,2.43,1.13,56.7891
Nifty Bank,27-05-2016,23.43,2.48,1.11,58.1064
Nifty Bank,30-05-2016,25.2,2.48,1.11,62.496
Nifty Bank,31-05-2016,25.35,2.49,1.1,63.1215
Nifty Bank,01-06-2016,25.06,2.47,1.11,61.8982
Nifty Bank,02-06-2016,25.27,2.49,1.1,62.9223
Nifty Bank,03-06-2016,25.43,2.5,1.1,63.575
Nifty Bank,06-06-2016,25.42,2.5,1.1,63.55
Nifty Bank,07-06-2016,25.82,2.54,1.08,65.5828
Nifty Bank,08-06-2016,25.82,2.54,1.08,65.5828
Nifty Bank,09-06-2016,25.73,2.53,1.08,65.0969
Nifty Bank,10-06-2016,25.65,2.48,0.92,63.612
Nifty Bank,13-06-2016,25.31,2.45,0.93,62.0095
Nifty Bank,14-06-2016,25.42,2.46,0.92,62.5332
Nifty Bank,15-06-2016,25.77,2.49,0.91,64.1673
Nifty Bank,16-06-2016,25.42,2.46,0.93,62.5332
Nifty Bank,17-06-2016,25.46,2.42,0.89,61.6132
Nifty Bank,20-06-2016,25.49,2.42,0.89,61.6858
Nifty Bank,21-06-2016,25.35,2.41,0.9,61.0935
Nifty Bank,22-06-2016,25.36,2.41,0.9,61.1176
Nifty Bank,23-06-2016,25.74,2.44,0.88,62.8056
Nifty Bank,24-06-2016,25.07,2.3,0.86,57.661
Nifty Bank,27-06-2016,25.2,2.31,0.85,58.212
Nifty Bank,28-06-2016,25.26,2.32,0.85,58.6032
Nifty Bank,29-06-2016,25.45,2.33,0.85,59.2985
Nifty Bank,30-06-2016,25.8,2.37,0.83,61.146
Nifty Bank,01-07-2016,25.87,2.37,0.83,61.3119
Nifty Bank,04-07-2016,26.03,2.39,0.83,62.2117
Nifty Bank,05-07-2016,25.9,2.38,0.83,61.642
Nifty Bank,07-07-2016,26.02,2.39,0.83,62.1878
Nifty Bank,08-07-2016,25.92,2.38,0.83,61.6896
Nifty Bank,11-07-2016,26.46,2.43,0.81,64.2978
Nifty Bank,12-07-2016,26.75,2.46,0.8,65.805
Nifty Bank,13-07-2016,26.68,2.46,0.8,65.6328
Nifty Bank,14-07-2016,27.03,2.49,0.79,67.3047
Nifty Bank,15-07-2016,27.16,2.5,0.79,67.9
Nifty Bank,18-07-2016,27.12,2.5,0.79,67.8
Nifty Bank,19-07-2016,27.09,2.49,0.79,67.4541
Nifty Bank,20-07-2016,27.18,2.5,0.79,67.95
Nifty Bank,21-07-2016,26.76,2.46,0.8,65.8296
Nifty Bank,22-07-2016,26.78,2.47,0.8,66.1466
Nifty Bank,25-07-2016,27.21,2.4,0.81,65.304
Nifty Bank,26-07-2016,27.03,2.38,0.82,64.3314
Nifty Bank,27-07-2016,27.26,2.4,0.81,65.424
Nifty Bank,28-07-2016,26.99,2.41,0.81,65.0459
Nifty Bank,29-07-2016,26.82,2.39,0.81,64.0998
Nifty Bank,01-08-2016,26.52,2.36,0.82,62.5872
Nifty Bank,02-08-2016,26.47,2.36,0.82,62.4692
Nifty Bank,03-08-2016,26.32,2.35,0.83,61.852
Nifty Bank,04-08-2016,26.28,2.34,0.83,61.4952
Nifty Bank,05-08-2016,26.78,2.39,0.81,64.0042
Nifty Bank,08-08-2016,26.8,2.39,0.81,64.052
Nifty Bank,09-08-2016,26.79,2.39,0.81,64.0281
Nifty Bank,10-08-2016,26.39,2.35,0.82,62.0165
Nifty Bank,11-08-2016,26.38,2.35,0.83,61.993
Nifty Bank,12-08-2016,26.84,2.39,0.81,64.1476
Nifty Bank,16-08-2016,26.89,2.4,0.81,64.536
Nifty Bank,17-08-2016,26.94,2.4,0.81,64.656
Nifty Bank,18-08-2016,27.39,2.44,0.79,66.8316
Nifty Bank,19-08-2016,27.47,2.45,0.79,67.3015
Nifty Bank,22-08-2016,27.35,2.44,0.8,66.734
Nifty Bank,23-08-2016,28.85,2.44,0.8,70.394
Nifty Bank,24-08-2016,28.87,2.44,0.79,70.4428
Nifty Bank,25-08-2016,28.79,2.43,0.8,69.9597
Nifty Bank,26-08-2016,28.34,2.43,0.79,68.8662
Nifty Bank,29-08-2016,28.37,2.43,0.79,68.9391
Nifty Bank,30-08-2016,28.83,2.47,0.78,71.2101
Nifty Bank,31-08-2016,29.21,2.5,0.77,73.025
Nifty Bank,01-09-2016,29.21,2.5,0.77,73.025
Nifty Bank,02-09-2016,29.35,2.51,0.76,73.6685
Nifty Bank,06-09-2016,30.15,2.58,0.74,77.787
Nifty Bank,07-09-2016,30.12,2.58,0.74,77.7096
Nifty Bank,08-09-2016,30.14,2.58,0.74,77.7612
Nifty Bank,09-09-2016,29.88,2.56,0.75,76.4928
Nifty Bank,12-09-2016,29.44,2.5,0.77,73.6
Nifty Bank,14-09-2016,29.62,2.52,0.76,74.6424
Nifty Bank,15-09-2016,29.51,2.51,0.77,74.0701
Nifty Bank,16-09-2016,29.54,2.51,0.77,74.1454
Nifty Bank,19-09-2016,29.61,2.52,0.76,74.6172
Nifty Bank,20-09-2016,29.53,2.51,0.77,74.1203
Nifty Bank,21-09-2016,29.77,2.51,0.77,74.7227
Nifty Bank,22-09-2016,30.19,2.54,0.76,76.6826
Nifty Bank,23-09-2016,29.88,2.52,0.76,75.2976
Nifty Bank,26-09-2016,29.41,2.48,0.78,72.9368
Nifty Bank,27-09-2016,29.3,2.47,0.78,72.371
Nifty Bank,28-09-2016,29.51,2.48,0.77,73.1848
Nifty Bank,29-09-2016,28.8,2.43,0.79,69.984
Nifty Bank,30-09-2016,28.95,2.44,0.79,70.638
Nifty Bank,03-10-2016,29.41,2.48,0.78,72.9368
Nifty Bank,04-10-2016,29.53,2.49,0.77,73.5297
Nifty Bank,05-10-2016,29.33,2.47,0.78,72.4451
Nifty Bank,06-10-2016,29.12,2.45,0.78,71.344
Nifty Bank,07-10-2016,29.12,2.45,0.78,71.344
Nifty Bank,10-10-2016,29.09,2.45,0.78,71.2705
Nifty Bank,13-10-2016,28.46,2.4,0.8,68.304
Nifty Bank,14-10-2016,28.55,2.4,0.8,68.52
Nifty Bank,17-10-2016,28.63,2.41,0.8,68.9983
Nifty Bank,18-10-2016,29.27,2.46,0.78,72.0042
Nifty Bank,19-10-2016,29.14,2.45,0.78,71.393
Nifty Bank,20-10-2016,29.51,2.49,0.77,73.4799
Nifty Bank,21-10-2016,29.31,2.49,0.77,72.9819
Nifty Bank,24-10-2016,29.45,2.5,0.77,73.625
Nifty Bank,25-10-2016,29.49,2.51,0.77,74.0199
Nifty Bank,26-10-2016,30.17,2.46,0.78,74.2182
Nifty Bank,27-10-2016,30.28,2.47,0.78,74.7916
Nifty Bank,28-10-2016,30.35,2.47,0.78,74.9645
Nifty Bank,30-10-2016,30.3,2.47,0.78,74.841
Nifty Bank,01-11-2016,30.19,2.46,0.78,74.2674
Nifty Bank,02-11-2016,29.84,2.43,0.79,72.5112
Nifty Bank,03-11-2016,29.76,2.42,0.79,72.0192
Nifty Bank,04-11-2016,29.57,2.41,0.8,71.2637
Nifty Bank,07-11-2016,29.53,2.45,0.79,72.3485
Nifty Bank,08-11-2016,29.78,2.47,0.78,73.5566
Nifty Bank,09-11-2016,29.81,2.47,0.78,73.6307
Nifty Bank,10-11-2016,30.85,2.55,0.75,78.6675
Nifty Bank,11-11-2016,30.1,2.5,0.77,75.25
Nifty Bank,15-11-2016,29.49,2.44,0.79,71.9556
Nifty Bank,16-11-2016,29.21,2.42,0.8,70.6882
Nifty Bank,17-11-2016,29.1,2.41,0.8,70.131
Nifty Bank,18-11-2016,28.72,2.4,0.8,68.928
Nifty Bank,21-11-2016,27.95,2.33,0.82,65.1235
Nifty Bank,22-11-2016,28.1,2.34,0.82,65.754
Nifty Bank,23-11-2016,28.09,2.34,0.82,65.7306
Nifty Bank,24-11-2016,27.66,2.31,0.83,63.8946
Nifty Bank,25-11-2016,27.79,2.36,0.82,65.5844
Nifty Bank,28-11-2016,27.48,2.34,0.82,64.3032
Nifty Bank,29-11-2016,27.36,2.33,0.83,63.7488
Nifty Bank,30-11-2016,27.97,2.38,0.81,66.5686
Nifty Bank,01-12-2016,27.67,2.35,0.82,65.0245
Nifty Bank,02-12-2016,27.4,2.33,0.83,63.842
Nifty Bank,05-12-2016,27.64,2.35,0.82,64.954
Nifty Bank,06-12-2016,27.66,2.35,0.82,65.001
Nifty Bank,07-12-2016,27.38,2.33,0.83,63.7954
Nifty Bank,08-12-2016,27.8,2.36,0.82,65.608
Nifty Bank,09-12-2016,28.07,2.39,0.81,67.0873
Nifty Bank,12-12-2016,27.62,2.35,0.82,64.907
Nifty Bank,13-12-2016,27.73,2.36,0.82,65.4428
Nifty Bank,14-12-2016,27.54,2.34,0.82,64.4436
Nifty Bank,15-12-2016,27.63,2.35,0.82,64.9305
Nifty Bank,16-12-2016,27.5,2.34,0.82,64.35
Nifty Bank,19-12-2016,27.41,2.33,0.83,63.8653
Nifty Bank,20-12-2016,27.13,2.31,0.84,62.6703
Nifty Bank,21-12-2016,27.15,2.31,0.83,62.7165
Nifty Bank,22-12-2016,26.86,2.28,0.84,61.2408
Nifty Bank,23-12-2016,26.85,2.28,0.84,61.218
Nifty Bank,26-12-2016,26.51,2.25,0.86,59.6475
Nifty Bank,27-12-2016,26.85,2.28,0.84,61.218
Nifty Bank,28-12-2016,26.84,2.28,0.84,61.1952
Nifty Bank,29-12-2016,27.08,2.3,0.84,62.284
Nifty Bank,30-12-2016,27.29,2.32,0.83,63.3128
Nifty Bank,02-01-2017,26.98,2.29,0.84,61.7842
Nifty Bank,03-01-2017,27.08,2.3,0.84,62.284
Nifty Bank,04-01-2017,26.86,2.28,0.84,61.2408
Nifty Bank,05-01-2017,27.2,2.31,0.83,62.832
Nifty Bank,06-01-2017,27.42,2.33,0.83,63.8886
Nifty Bank,09-01-2017,27.46,2.33,0.83,63.9818
Nifty Bank,10-01-2017,27.64,2.35,0.82,64.954
Nifty Bank,11-01-2017,28.13,2.4,0.8,67.512
Nifty Bank,12-01-2017,28.2,2.41,0.8,67.962
Nifty Bank,13-01-2017,28.25,2.41,0.8,68.0825
Nifty Bank,16-01-2017,28.53,2.44,0.79,69.6132
Nifty Bank,17-01-2017,28.48,2.43,0.79,69.2064
Nifty Bank,18-01-2017,28.63,2.45,0.79,70.1435
Nifty Bank,19-01-2017,28.57,2.44,0.79,69.7108
Nifty Bank,20-01-2017,29.07,2.4,0.8,69.768
Nifty Bank,23-01-2017,29.02,2.41,0.8,69.9382
Nifty Bank,24-01-2017,28.87,2.43,0.79,70.1541
Nifty Bank,25-01-2017,29.56,2.49,0.78,73.6044
Nifty Bank,27-01-2017,29.74,2.52,0.77,74.9448
Nifty Bank,30-01-2017,29.56,2.5,0.77,73.9
Nifty Bank,31-01-2017,29.45,2.49,0.77,73.3305
Nifty Bank,01-02-2017,30.22,2.56,0.75,77.3632
Nifty Bank,02-02-2017,30.93,2.56,0.75,79.1808
Nifty Bank,03-02-2017,31.12,2.58,0.75,80.2896
Nifty Bank,06-02-2017,31.39,2.6,0.74,81.614
Nifty Bank,07-02-2017,31.32,2.59,0.74,81.1188
Nifty Bank,08-02-2017,31.2,2.58,0.75,80.496
Nifty Bank,09-02-2017,31.05,2.57,0.75,79.7985
Nifty Bank,10-02-2017,31.15,2.58,0.75,80.367
Nifty Bank,13-02-2017,29.26,2.59,0.75,75.7834
Nifty Bank,14-02-2017,29.26,2.59,0.75,75.7834
Nifty Bank,15-02-2017,29.13,2.57,0.75,74.8641
Nifty Bank,16-02-2017,29.24,2.58,0.75,75.4392
Nifty Bank,17-02-2017,29.11,2.62,0.73,76.2682
Nifty Bank,20-02-2017,29.23,2.64,0.73,77.1672
Nifty Bank,21-02-2017,29.49,2.66,0.72,78.4434
Nifty Bank,22-02-2017,29.5,2.67,0.72,78.765
Nifty Bank,23-02-2017,29.51,2.67,0.72,78.7917
Nifty Bank,27-02-2017,29.26,2.64,0.73,77.2464
Nifty Bank,28-02-2017,29.25,2.64,0.73,77.22
Nifty Bank,01-03-2017,29.5,2.67,0.72,78.765
Nifty Bank,02-03-2017,29.19,2.64,0.73,77.0616
Nifty Bank,03-03-2017,29.09,2.63,0.73,76.5067
Nifty Bank,06-03-2017,29.33,2.65,0.73,77.7245
Nifty Bank,07-03-2017,29.28,2.65,0.73,77.592
Nifty Bank,08-03-2017,29.35,2.65,0.73,77.7775
Nifty Bank,09-03-2017,29.41,2.66,0.73,78.2306
Nifty Bank,10-03-2017,29.42,2.66,0.73,78.2572
Nifty Bank,14-03-2017,29.96,2.71,0.71,81.1916
Nifty Bank,15-03-2017,30.03,2.71,0.71,81.3813
Nifty Bank,16-03-2017,30.16,2.72,0.71,82.0352
Nifty Bank,17-03-2017,30.06,2.72,0.71,81.7632
Nifty Bank,20-03-2017,29.97,2.71,0.71,81.2187
Nifty Bank,21-03-2017,29.84,2.7,0.72,80.568
Nifty Bank,22-03-2017,29.5,2.66,0.72,78.47
Nifty Bank,23-03-2017,29.66,2.68,0.72,79.4888
Nifty Bank,24-03-2017,29.98,2.71,0.71,81.2458
Nifty Bank,27-03-2017,29.89,2.7,0.71,80.703
Nifty Bank,28-03-2017,30.13,2.72,0.71,81.9536
Nifty Bank,29-03-2017,30.37,2.74,0.7,83.2138
Nifty Bank,30-03-2017,30.69,2.77,0.7,85.0113
Nifty Bank,31-03-2017,29.32,2.77,0.7,81.2164
Nifty Bank,03-04-2017,29.47,2.78,0.7,81.9266
Nifty Bank,05-04-2017,29.61,2.79,0.69,82.6119
Nifty Bank,06-04-2017,29.57,2.79,0.7,82.5003
Nifty Bank,07-04-2017,29.31,2.77,0.7,81.1887
Nifty Bank,10-04-2017,29.43,2.78,0.7,81.8154
Nifty Bank,11-04-2017,29.72,2.81,0.69,83.5132
Nifty Bank,12-04-2017,29.63,2.8,0.69,82.964
Nifty Bank,13-04-2017,29.66,2.8,0.69,83.048
Nifty Bank,17-04-2017,29.6,2.79,0.7,82.584
Nifty Bank,18-04-2017,29.64,2.8,0.69,82.992
Nifty Bank,19-04-2017,29.48,2.78,0.7,81.9544
Nifty Bank,20-04-2017,29.39,2.77,0.7,81.4103
Nifty Bank,21-04-2017,29.47,2.78,0.7,81.9266
Nifty Bank,24-04-2017,30.01,2.84,0.69,85.2284
Nifty Bank,25-04-2017,30.28,2.86,0.68,86.6008
Nifty Bank,26-04-2017,30.53,2.89,0.67,88.2317
Nifty Bank,27-04-2017,30.65,2.9,0.67,88.885
Nifty Bank,28-04-2017,30.69,2.9,0.67,89.001
Nifty Bank,02-05-2017,30.67,2.9,0.67,88.943
Nifty Bank,03-05-2017,30.62,2.89,0.67,88.4918
Nifty Bank,04-05-2017,31.19,2.95,0.66,92.0105
Nifty Bank,05-05-2017,31.03,2.93,0.66,90.9179
Nifty Bank,08-05-2017,31.25,2.95,0.66,92.1875
Nifty Bank,09-05-2017,31.17,2.95,0.66,91.9515
Nifty Bank,10-05-2017,31.34,2.96,0.66,92.7664
Nifty Bank,11-05-2017,31.32,2.96,0.66,92.7072
Nifty Bank,12-05-2017,31.12,2.94,0.66,91.4928
Nifty Bank,15-05-2017,31.33,2.96,0.66,92.7368
Nifty Bank,16-05-2017,31.48,2.97,0.65,93.4956
Nifty Bank,17-05-2017,30.58,2.98,0.65,91.1284
Nifty Bank,18-05-2017,30.27,2.94,0.66,88.9938
Nifty Bank,19-05-2017,30.36,2.95,0.66,89.562
Nifty Bank,22-05-2017,30.2,2.94,0.66,88.788
Nifty Bank,23-05-2017,30.11,2.93,0.66,88.2223
Nifty Bank,24-05-2017,30.05,2.92,0.66,87.746
Nifty Bank,25-05-2017,29.64,3.01,0.65,89.2164
Nifty Bank,26-05-2017,29.9,2.99,0.6,89.401
Nifty Bank,29-05-2017,29.15,2.97,0.61,86.5755
Nifty Bank,30-05-2017,29.3,2.98,0.61,87.314
Nifty Bank,31-05-2017,29.45,2.98,0.6,87.761
Nifty Bank,01-06-2017,29.31,2.96,0.6,86.7576
Nifty Bank,02-06-2017,29.39,2.97,0.6,87.2883
Nifty Bank,05-06-2017,29.5,2.98,0.6,87.91
Nifty Bank,06-06-2017,29.44,2.97,0.6,87.4368
Nifty Bank,07-06-2017,29.63,2.99,0.59,88.5937
Nifty Bank,08-06-2017,29.59,2.99,0.59,88.4741
Nifty Bank,09-06-2017,29.79,3.01,0.59,89.6679
Nifty Bank,12-06-2017,29.51,2.98,0.6,87.9398
Nifty Bank,13-06-2017,29.52,2.98,0.6,87.9696
Nifty Bank,14-06-2017,29.54,2.99,0.59,88.3246
Nifty Bank,15-06-2017,29.41,2.97,0.6,87.3477
Nifty Bank,16-06-2017,26.85,2.85,0.31,76.5225
Nifty Bank,19-06-2017,26.56,2.88,0.31,76.4928
Nifty Bank,20-06-2017,26.52,2.88,0.31,76.3776
Nifty Bank,21-06-2017,26.53,2.88,0.31,76.4064
Nifty Bank,22-06-2017,26.56,2.88,0.31,76.4928
Nifty Bank,23-06-2017,26.47,2.85,0.31,75.4395
Nifty Bank,27-06-2017,26.1,2.81,0.32,73.341
Nifty Bank,28-06-2017,26.12,2.82,0.32,73.6584
Nifty Bank,29-06-2017,26.12,2.81,0.32,73.3972
Nifty Bank,30-06-2017,26.1,2.8,0.32,73.08
Nifty Bank,03-07-2017,26.17,2.81,0.32,73.5377
Nifty Bank,04-07-2017,26.1,2.8,0.32,73.08
Nifty Bank,05-07-2017,26.26,2.82,0.32,74.0532
Nifty Bank,06-07-2017,26.38,2.83,0.32,74.6554
Nifty Bank,07-07-2017,26.36,2.83,0.32,74.5988
Nifty Bank,10-07-2017,26.68,2.87,0.31,76.5716
Nifty Bank,11-07-2017,26.58,2.86,0.31,76.0188
Nifty Bank,12-07-2017,26.71,2.87,0.31,76.6577
Nifty Bank,13-07-2017,26.92,2.89,0.31,77.7988
Nifty Bank,14-07-2017,26.98,2.9,0.31,78.242
Nifty Bank,17-07-2017,27.07,2.91,0.31,78.7737
Nifty Bank,18-07-2017,26.97,2.88,0.4,77.6736
Nifty Bank,19-07-2017,27.12,2.8,0.22,75.936
Nifty Bank,20-07-2017,27.18,2.81,0.22,76.3758
Nifty Bank,21-07-2017,27.23,2.81,0.22,76.5163
Nifty Bank,24-07-2017,27.42,2.83,0.21,77.5986
Nifty Bank,25-07-2017,27.53,2.84,0.21,78.1852
Nifty Bank,26-07-2017,27.7,2.86,0.21,79.222
Nifty Bank,27-07-2017,28.22,2.89,0.21,81.5558
Nifty Bank,28-07-2017,28.09,2.87,0.21,80.6183
Nifty Bank,31-07-2017,28.42,2.91,0.21,82.7022
Nifty Bank,01-08-2017,28.39,2.91,0.21,82.6149
Nifty Bank,02-08-2017,27.81,2.9,0.21,80.649
Nifty Bank,03-08-2017,27.36,2.86,0.21,78.2496
Nifty Bank,04-08-2017,27.66,2.88,0.21,79.6608
Nifty Bank,07-08-2017,27.87,2.89,0.21,80.5443
Nifty Bank,08-08-2017,27.53,2.85,0.21,78.4605
Nifty Bank,09-08-2017,27.28,2.82,0.21,76.9296
Nifty Bank,10-08-2017,27.1,2.81,0.22,76.151
Nifty Bank,11-08-2017,26.84,2.76,0.19,74.0784
Nifty Bank,14-08-2017,26.99,2.78,0.19,75.0322
Nifty Bank,16-08-2017,27.35,2.81,0.19,76.8535
Nifty Bank,17-08-2017,27.12,2.79,0.19,75.6648
Nifty Bank,18-08-2017,26.94,2.77,0.19,74.6238
Nifty Bank,21-08-2017,26.79,2.76,0.2,73.9404
Nifty Bank,22-08-2017,26.83,2.76,0.19,74.0508
Nifty Bank,23-08-2017,27.21,2.8,0.19,76.188
Nifty Bank,24-08-2017,27.16,2.79,0.19,75.7764
Nifty Bank,28-08-2017,27.28,2.81,0.19,76.6568
Nifty Bank,29-08-2017,27,2.78,0.19,75.06
Nifty Bank,30-08-2017,27.2,2.8,0.19,76.16
Nifty Bank,31-08-2017,27.21,2.8,0.19,76.188
Nifty Bank,01-09-2017,27.55,2.81,0.19,77.4155
Nifty Bank,04-09-2017,27.33,2.79,0.19,76.2507
Nifty Bank,05-09-2017,27.43,2.8,0.19,76.804
Nifty Bank,06-09-2017,27.38,2.79,0.19,76.3902
Nifty Bank,07-09-2017,27.41,2.8,0.19,76.748
Nifty Bank,08-09-2017,27.48,2.81,0.19,77.2188
Nifty Bank,11-09-2017,27.82,2.84,0.19,79.0088
Nifty Bank,12-09-2017,27.95,2.85,0.19,79.6575
Nifty Bank,13-09-2017,28,2.86,0.19,80.08
Nifty Bank,14-09-2017,28.09,2.87,0.19,80.6183
Nifty Bank,15-09-2017,28.02,2.86,0.19,80.1372
Nifty Bank,18-09-2017,28.24,2.88,0.19,81.3312
Nifty Bank,19-09-2017,28.24,2.88,0.19,81.3312
Nifty Bank,20-09-2017,28.15,2.87,0.19,80.7905
Nifty Bank,21-09-2017,27.97,2.85,0.19,79.7145
Nifty Bank,22-09-2017,27.48,2.81,0.19,77.2188
Nifty Bank,25-09-2017,27.25,2.78,0.19,75.755
Nifty Bank,26-09-2017,27.29,2.79,0.19,76.1391
Nifty Bank,27-09-2017,26.85,2.74,0.2,73.569
Nifty Bank,28-09-2017,27.07,2.76,0.19,74.7132
Nifty Bank,29-09-2017,27.41,2.8,0.19,76.748
Nifty Bank,03-10-2017,27.46,2.81,0.19,77.1626
Nifty Bank,04-10-2017,27.48,2.81,0.19,77.2188
Nifty Bank,05-10-2017,27.41,2.8,0.19,76.748
Nifty Bank,06-10-2017,27.56,2.82,0.19,77.7192
Nifty Bank,09-10-2017,27.63,2.82,0.19,77.9166
Nifty Bank,10-10-2017,27.74,2.83,0.19,78.5042
Nifty Bank,11-10-2017,27.47,2.81,0.19,77.1907
Nifty Bank,12-10-2017,27.76,2.84,0.19,78.8384
Nifty Bank,13-10-2017,28.13,2.87,0.19,80.7331
Nifty Bank,16-10-2017,28.04,2.88,0.19,80.7552
Nifty Bank,17-10-2017,27.98,2.87,0.19,80.3026
Nifty Bank,18-10-2017,27.6,2.83,0.19,78.108
Nifty Bank,19-10-2017,27.25,2.8,0.19,76.3
Nifty Bank,23-10-2017,27.34,2.8,0.19,76.552
Nifty Bank,24-10-2017,27.39,2.82,0.19,77.2398
Nifty Bank,25-10-2017,28.31,2.92,0.18,82.6652
Nifty Bank,26-10-2017,28.3,2.91,0.18,82.353
Nifty Bank,27-10-2017,28.09,2.89,0.19,81.1801
Nifty Bank,30-10-2017,28.26,2.91,0.18,82.2366
Nifty Bank,31-10-2017,27.75,2.91,0.18,80.7525
Nifty Bank,01-11-2017,28.27,2.97,0.18,83.9619
Nifty Bank,02-11-2017,28.95,2.96,0.18,85.692
Nifty Bank,03-11-2017,29.21,2.99,0.18,87.3379
Nifty Bank,06-11-2017,29.12,2.98,0.18,86.7776
Nifty Bank,07-11-2017,28.81,2.95,0.18,84.9895
Nifty Bank,08-11-2017,28.68,2.93,0.18,84.0324
Nifty Bank,09-11-2017,28.8,2.94,0.18,84.672
Nifty Bank,10-11-2017,29.03,2.97,0.18,86.2191
Nifty Bank,13-11-2017,28.87,2.95,0.18,85.1665
Nifty Bank,14-11-2017,28.79,2.94,0.18,84.6426
Nifty Bank,15-11-2017,28.71,2.94,0.18,84.4074
Nifty Bank,16-11-2017,28.97,2.96,0.18,85.7512
Nifty Bank,17-11-2017,29.29,3,0.18,87.87
Nifty Bank,20-11-2017,29.34,3,0.18,88.02
Nifty Bank,21-11-2017,29.33,3,0.18,87.99
Nifty Bank,22-11-2017,29.4,3,0.18,88.2
Nifty Bank,23-11-2017,29.7,3,0.18,89.1
Nifty Bank,24-11-2017,29.75,3,0.18,89.25
Nifty Bank,27-11-2017,29.88,3.01,0.18,89.9388
Nifty Bank,28-11-2017,29.83,3.01,0.18,89.7883
Nifty Bank,29-11-2017,29.77,3,0.18,89.31
Nifty Bank,30-11-2017,29.24,2.95,0.18,86.258
Nifty Bank,01-12-2017,29.07,2.93,0.18,85.1751
Nifty Bank,04-12-2017,28.94,2.92,0.18,84.5048
Nifty Bank,05-12-2017,29,2.93,0.18,84.97
Nifty Bank,06-12-2017,28.68,2.89,0.19,82.8852
Nifty Bank,07-12-2017,28.92,2.92,0.18,84.4464
Nifty Bank,08-12-2017,29.22,2.95,0.18,86.199
Nifty Bank,11-12-2017,29.32,2.96,0.18,86.7872
Nifty Bank,12-12-2017,29,2.93,0.18,84.97
Nifty Bank,13-12-2017,28.85,2.91,0.18,83.9535
Nifty Bank,14-12-2017,29.05,2.93,0.18,85.1165
Nifty Bank,15-12-2017,29.36,2.96,0.18,86.9056
Nifty Bank,18-12-2017,29.54,2.98,0.18,88.0292
Nifty Bank,19-12-2017,29.68,2.99,0.18,88.7432
Nifty Bank,20-12-2017,29.54,2.98,0.18,88.0292
Nifty Bank,21-12-2017,29.49,2.98,0.18,87.8802
Nifty Bank,22-12-2017,29.6,2.99,0.18,88.504
Nifty Bank,26-12-2017,29.63,2.99,0.18,88.5937
Nifty Bank,27-12-2017,29.43,2.97,0.18,87.4071
Nifty Bank,28-12-2017,29.42,2.97,0.18,87.3774
Nifty Bank,29-12-2017,29.57,2.97,0.18,87.8229
Nifty Bank,01-01-2018,29.31,2.94,0.18,86.1714
Nifty Bank,02-01-2018,29.33,2.94,0.18,86.2302
Nifty Bank,03-01-2018,29.31,2.94,0.18,86.1714
Nifty Bank,04-01-2018,29.48,2.96,0.18,87.2608
Nifty Bank,05-01-2018,29.64,2.97,0.18,88.0308
Nifty Bank,08-01-2018,29.73,2.98,0.18,88.5954
Nifty Bank,09-01-2018,29.76,2.99,0.18,88.9824
Nifty Bank,10-01-2018,29.66,2.98,0.18,88.3868
Nifty Bank,11-01-2018,29.71,2.98,0.18,88.5358
Nifty Bank,12-01-2018,29.69,2.99,0.18,88.7731
Nifty Bank,15-01-2018,30.14,3.05,0.17,91.927
Nifty Bank,16-01-2018,30.03,3.04,0.17,91.2912
Nifty Bank,17-01-2018,30.4,3.08,0.16,93.632
Nifty Bank,18-01-2018,30.68,3.11,0.16,95.4148
Nifty Bank,19-01-2018,31.07,3.15,0.16,97.8705
Nifty Bank,22-01-2018,31.22,3.17,0.16,98.9674
Nifty Bank,23-01-2018,31.14,3.21,0.16,99.9594
Nifty Bank,24-01-2018,30.93,3.21,0.16,99.2853
Nifty Bank,25-01-2018,30.91,3.21,0.16,99.2211
Nifty Bank,29-01-2018,30.97,3.22,0.16,99.7234
Nifty Bank,30-01-2018,30.71,3.19,0.16,97.9649
Nifty Bank,31-01-2018,30.84,3.21,0.16,98.9964
Nifty Bank,01-02-2018,30.66,3.19,0.16,97.8054
Nifty Bank,02-02-2018,29.79,3.1,0.16,92.349
Nifty Bank,05-02-2018,29.4,3.06,0.17,89.964
Nifty Bank,06-02-2018,29.07,3.02,0.17,87.7914
Nifty Bank,07-02-2018,28.91,3.01,0.17,87.0191
Nifty Bank,08-02-2018,29.2,3.04,0.17,88.768
Nifty Bank,09-02-2018,28.67,2.98,0.17,85.4366
Nifty Bank,12-02-2018,28.94,3.01,0.17,87.1094
Nifty Bank,14-02-2018,28.54,2.97,0.17,84.7638
Nifty Bank,15-02-2018,28.63,2.98,0.17,85.3174
Nifty Bank,16-02-2018,28.92,2.95,0.17,85.314
Nifty Bank,19-02-2018,28.8,2.93,0.17,84.384
Nifty Bank,20-02-2018,28.58,2.91,0.17,83.1678
Nifty Bank,21-02-2018,28.66,2.92,0.17,83.6872
Nifty Bank,22-02-2018,30.37,2.92,0.17,88.6804
Nifty Bank,23-02-2018,30.8,2.96,0.18,91.168
Nifty Bank,26-02-2018,31.27,3.01,0.18,94.1227
Nifty Bank,27-02-2018,30.9,2.97,0.18,91.773
Nifty Bank,28-02-2018,30.56,2.94,0.18,89.8464
Nifty Bank,01-03-2018,30.31,2.92,0.38,88.5052
Nifty Bank,05-03-2018,30.21,2.91,0.38,87.9111
Nifty Bank,06-03-2018,29.76,2.86,0.39,85.1136
Nifty Bank,07-03-2018,29.38,2.83,0.6,83.1454
Nifty Bank,08-03-2018,29.79,2.87,0.59,85.4973
Nifty Bank,09-03-2018,29.57,2.84,0.6,83.9788
Nifty Bank,12-03-2018,30.02,2.89,0.59,86.7578
Nifty Bank,13-03-2018,30.11,2.9,0.59,87.319
Nifty Bank,14-03-2018,30.25,2.91,0.59,88.0275
Nifty Bank,15-03-2018,30.18,2.9,0.59,87.522
Nifty Bank,16-03-2018,29.81,2.87,0.59,85.5547
Nifty Bank,19-03-2018,29.56,2.84,0.6,83.9504
Nifty Bank,20-03-2018,29.47,2.83,0.6,83.4001
Nifty Bank,21-03-2018,29.58,2.84,0.6,84.0072
Nifty Bank,22-03-2018,29.44,2.83,0.6,83.3152
Nifty Bank,23-03-2018,28.86,2.77,0.61,79.9422
Nifty Bank,26-03-2018,29.56,2.84,0.6,83.9504
Nifty Bank,27-03-2018,29.79,2.86,0.6,85.1994
Nifty Bank,28-03-2018,29.59,2.84,0.6,84.0356
Nifty Bank,02-04-2018,29.88,2.92,0.6,87.2496
Nifty Bank,03-04-2018,30.11,2.95,0.59,88.8245
Nifty Bank,04-04-2018,29.64,2.9,0.6,85.956
Nifty Bank,05-04-2018,30.41,2.98,0.59,90.6218
Nifty Bank,06-04-2018,30.55,2.99,0.58,91.3445
Nifty Bank,09-04-2018,30.82,3.02,0.58,93.0764
Nifty Bank,10-04-2018,30.99,3.03,0.58,93.8997
Nifty Bank,11-04-2018,30.83,3.02,0.58,93.1066
Nifty Bank,12-04-2018,30.95,3.03,0.58,93.7785
Nifty Bank,13-04-2018,30.96,3.03,0.58,93.8088
Nifty Bank,16-04-2018,31.1,3.04,0.57,94.544
Nifty Bank,17-04-2018,31.12,3.05,0.57,94.916
Nifty Bank,18-04-2018,30.83,3.02,0.58,93.1066
Nifty Bank,19-04-2018,30.86,3.02,0.58,93.1972
Nifty Bank,20-04-2018,30.64,3,0.58,91.92
Nifty Bank,23-04-2018,30.76,3.03,0.58,93.2028
Nifty Bank,24-04-2018,30.86,3.04,0.58,93.8144
Nifty Bank,25-04-2018,30.58,3.01,0.58,92.0458
Nifty Bank,26-04-2018,30.83,3.04,0.58,93.7232
Nifty Bank,27-04-2018,31.3,3.08,0.57,96.404
Nifty Bank,30-04-2018,31.47,3.1,0.57,97.557
Nifty Bank,02-05-2018,31.51,3.11,0.57,97.9961
Nifty Bank,03-05-2018,31.56,3.11,0.57,98.1516
Nifty Bank,04-05-2018,31.61,3.11,0.57,98.3071
Nifty Bank,07-05-2018,31.86,3.14,0.56,100.0404
Nifty Bank,08-05-2018,32.16,3.17,0.56,101.9472
Nifty Bank,09-05-2018,32.24,3.18,0.55,102.5232
Nifty Bank,10-05-2018,32.21,3.17,0.55,102.1057
Nifty Bank,11-05-2018,32.55,3.21,0.55,104.4855
Nifty Bank,14-05-2018,32.63,3.22,0.55,105.0686
Nifty Bank,15-05-2018,32.63,3.22,0.55,105.0686
Nifty Bank,16-05-2018,32.27,3.18,0.55,102.6186
Nifty Bank,17-05-2018,32.14,3.17,0.56,101.8838
Nifty Bank,18-05-2018,31.74,3.14,0.56,99.6636
Nifty Bank,21-05-2018,31.59,3.13,0.56,98.8767
Nifty Bank,22-05-2018,31.62,3.13,0.56,98.9706
Nifty Bank,23-05-2018,31.51,3.12,0.56,98.3112
Nifty Bank,24-05-2018,31.92,3.16,0.56,100.8672
Nifty Bank,25-05-2018,32.23,3.19,0.55,102.8137
Nifty Bank,28-05-2018,34.81,3.23,0.54,112.4363
Nifty Bank,29-05-2018,34.34,3.19,0.55,109.5446
Nifty Bank,30-05-2018,34.43,3.2,0.55,110.176
Nifty Bank,31-05-2018,35.17,3.25,0.54,114.3025
Nifty Bank,01-06-2018,34.83,3.22,0.54,112.1526
Nifty Bank,04-06-2018,34.26,3.16,0.55,108.2616
Nifty Bank,05-06-2018,34.25,3.16,0.55,108.23
Nifty Bank,06-06-2018,34.41,3.18,0.55,109.4238
Nifty Bank,07-06-2018,34.6,3.2,0.55,110.72
Nifty Bank,08-06-2018,34.52,3.19,0.55,110.1188
Nifty Bank,11-06-2018,34.52,3.19,0.55,110.1188
Nifty Bank,12-06-2018,34.72,3.21,0.54,111.4512
Nifty Bank,13-06-2018,34.76,3.21,0.54,111.5796
Nifty Bank,14-06-2018,34.66,3.2,0.55,110.912
Nifty Bank,15-06-2018,34.47,3.18,0.55,109.6146
Nifty Bank,18-06-2018,34.46,3.18,0.55,109.5828
Nifty Bank,19-06-2018,34.27,3.16,0.55,108.2932
Nifty Bank,20-06-2018,34.65,3.2,0.55,110.88
Nifty Bank,21-06-2018,34.57,3.19,0.55,110.2783
Nifty Bank,22-06-2018,34.93,3.23,0.54,112.8239
Nifty Bank,25-06-2018,34.72,3.21,0.54,111.4512
Nifty Bank,26-06-2018,40.99,3.21,0.54,131.5779
Nifty Bank,27-06-2018,40.71,3.18,0.55,129.4578
Nifty Bank,28-06-2018,40.56,3.17,0.55,128.5752
Nifty Bank,29-06-2018,40.77,2.97,0.47,121.0869
Nifty Bank,02-07-2018,40.56,2.95,0.47,119.652
Nifty Bank,03-07-2018,42.13,2.95,0.47,124.2835
Nifty Bank,04-07-2018,42.5,2.98,0.47,126.65
Nifty Bank,05-07-2018,50.52,2.98,0.47,150.5496
Nifty Bank,06-07-2018,48.94,2.98,0.47,145.8412
Nifty Bank,09-07-2018,49.41,3.01,0.46,148.7241
Nifty Bank,10-07-2018,49.68,3.03,0.46,150.5304
Nifty Bank,11-07-2018,51.65,3.02,0.46,155.983
Nifty Bank,12-07-2018,52.05,3.04,0.46,158.232
Nifty Bank,13-07-2018,51.88,3.03,0.46,157.1964
Nifty Bank,16-07-2018,51.38,3,0.46,154.14
Nifty Bank,17-07-2018,52.02,3.04,0.46,158.1408
Nifty Bank,18-07-2018,51.77,3.03,0.46,156.8631
Nifty Bank,19-07-2018,51.6,3.02,0.46,155.832
Nifty Bank,20-07-2018,51.76,3.02,0.46,156.3152
Nifty Bank,23-07-2018,52.02,3.04,0.46,158.1408
Nifty Bank,24-07-2018,51.95,3.04,0.46,157.928
Nifty Bank,25-07-2018,52.06,3.04,0.46,158.2624
Nifty Bank,26-07-2018,52.78,3.08,0.45,162.5624
Nifty Bank,27-07-2018,53.22,3.11,0.45,165.5142
Nifty Bank,30-07-2018,53.62,3.13,0.44,167.8306
Nifty Bank,31-07-2018,53.47,3.13,0.45,167.3611
Nifty Bank,01-08-2018,53.15,3.11,0.45,165.2965
Nifty Bank,02-08-2018,52.69,3.08,0.45,162.2852
Nifty Bank,03-08-2018,53.34,3.12,0.45,166.4208
Nifty Bank,06-08-2018,53.73,3.14,0.44,168.7122
Nifty Bank,07-08-2018,53.69,3.14,0.44,168.5866
Nifty Bank,08-08-2018,53.95,3.16,0.44,170.482
Nifty Bank,09-08-2018,53.9,3.19,0.44,171.941
Nifty Bank,10-08-2018,52.31,3.17,0.44,165.8227
Nifty Bank,13-08-2018,57.18,3.13,0.44,178.9734
Nifty Bank,14-08-2018,58.72,3.15,0.44,184.968
Nifty Bank,16-08-2018,58.31,3.13,0.44,182.5103
Nifty Bank,17-08-2018,58.95,3.17,0.44,186.8715
Nifty Bank,20-08-2018,59.25,3.18,0.44,188.415
Nifty Bank,21-08-2018,59.22,3.18,0.44,188.3196
Nifty Bank,23-08-2018,58.73,3.15,0.44,184.9995
Nifty Bank,24-08-2018,58.33,3.13,0.44,182.5729
Nifty Bank,27-08-2018,59.23,3.18,0.44,188.3514
Nifty Bank,28-08-2018,59.24,3.18,0.44,188.3832
Nifty Bank,29-08-2018,59.15,3.15,0.45,186.3225
Nifty Bank,30-08-2018,58.89,3.14,0.45,184.9146
Nifty Bank,31-08-2018,58.81,3.14,0.45,184.6634
Nifty Bank,03-09-2018,58.3,3.11,0.46,181.313
Nifty Bank,04-09-2018,57.48,3.06,0.46,175.8888
Nifty Bank,05-09-2018,57.37,3.06,0.47,175.5522
Nifty Bank,06-09-2018,57.56,3.07,0.46,176.7092
Nifty Bank,07-09-2018,57.59,3.07,0.46,176.8013
Nifty Bank,10-09-2018,57,3.04,0.47,173.28
Nifty Bank,11-09-2018,56.18,3,0.48,168.54
Nifty Bank,12-09-2018,56.2,3,0.48,168.6
Nifty Bank,14-09-2018,56.92,3.03,0.47,172.4676
Nifty Bank,17-09-2018,56.2,3,0.48,168.6
Nifty Bank,18-09-2018,55.41,2.95,0.48,163.4595
Nifty Bank,19-09-2018,55.07,2.94,0.49,161.9058
Nifty Bank,21-09-2018,53.64,2.86,0.5,153.4104
Nifty Bank,24-09-2018,52.33,2.79,0.51,146.0007
Nifty Bank,25-09-2018,53.08,2.83,0.5,150.2164
Nifty Bank,26-09-2018,53.18,2.84,0.5,151.0312
Nifty Bank,27-09-2018,52.48,2.8,0.51,146.944
Nifty Bank,28-09-2018,53.65,2.85,0.5,152.9025
Nifty Bank,01-10-2018,54.18,2.88,0.5,156.0384
Nifty Bank,03-10-2018,53.54,2.85,0.5,152.589
Nifty Bank,04-10-2018,53.01,2.82,0.51,149.4882
Nifty Bank,05-10-2018,52.21,2.77,0.51,144.6217
Nifty Bank,08-10-2018,52.58,2.79,0.51,146.6982
Nifty Bank,09-10-2018,52.39,2.78,0.51,145.6442
Nifty Bank,10-10-2018,54.08,2.87,0.5,155.2096
Nifty Bank,11-10-2018,52.93,2.81,0.51,148.7333
Nifty Bank,12-10-2018,54.24,2.88,0.49,156.2112
Nifty Bank,15-10-2018,54.22,2.88,0.5,156.1536
Nifty Bank,16-10-2018,54.65,2.9,0.49,158.485
Nifty Bank,17-10-2018,53.8,2.86,0.5,153.868
Nifty Bank,19-10-2018,53.58,2.85,0.5,152.703
Nifty Bank,22-10-2018,53.56,2.85,0.5,152.646
Nifty Bank,23-10-2018,53.34,2.83,0.5,150.9522
Nifty Bank,24-10-2018,53.53,2.84,0.5,152.0252
Nifty Bank,25-10-2018,53,2.82,0.51,149.46
Nifty Bank,26-10-2018,52.16,2.77,0.51,144.4832
Nifty Bank,29-10-2018,53.31,2.83,0.5,150.8673
Nifty Bank,30-10-2018,52.98,2.82,0.51,149.4036
Nifty Bank,31-10-2018,53.72,2.85,0.5,153.102
Nifty Bank,01-11-2018,54.09,2.87,0.5,155.2383
Nifty Bank,02-11-2018,54.89,2.92,0.49,160.2788
Nifty Bank,05-11-2018,54.96,2.92,0.49,160.4832
Nifty Bank,06-11-2018,54.67,2.91,0.49,159.0897
Nifty Bank,07-11-2018,54.95,2.92,0.49,160.454
Nifty Bank,09-11-2018,55.04,2.93,0.49,161.2672
Nifty Bank,12-11-2018,54.55,2.9,0.49,158.195
Nifty Bank,13-11-2018,55.04,2.92,0.49,160.7168
Nifty Bank,14-11-2018,55.38,2.94,0.48,162.8172
Nifty Bank,15-11-2018,55.84,2.97,0.48,165.8448
Nifty Bank,16-11-2018,56.05,2.98,0.48,167.029
Nifty Bank,19-11-2018,52.8,3.01,0.48,158.928
Nifty Bank,20-11-2018,52.42,2.99,0.48,156.7358
Nifty Bank,21-11-2018,52.72,3,0.48,158.16
Nifty Bank,22-11-2018,52.18,2.97,0.48,154.9746
Nifty Bank,26-11-2018,52.92,3.02,0.48,159.8184
Nifty Bank,27-11-2018,53.09,3.03,0.48,160.8627
Nifty Bank,28-11-2018,53.12,3.03,0.48,160.9536
Nifty Bank,29-11-2018,54.08,3.08,0.47,166.5664
Nifty Bank,30-11-2018,53.93,3.07,0.47,165.5651
Nifty Bank,03-12-2018,53.92,3.07,0.47,165.5344
Nifty Bank,04-12-2018,53.59,3.05,0.47,163.4495
Nifty Bank,05-12-2018,53.24,3.03,0.47,161.3172
Nifty Bank,06-12-2018,52.59,3,0.48,157.77
Nifty Bank,07-12-2018,53.39,3.04,0.47,162.3056
Nifty Bank,10-12-2018,52.4,2.99,0.48,156.676
Nifty Bank,11-12-2018,52.52,2.99,0.48,157.0348
Nifty Bank,12-12-2018,53.49,3.05,0.47,163.1445
Nifty Bank,13-12-2018,53.84,3.07,0.47,165.2888
Nifty Bank,14-12-2018,53.85,3.07,0.47,165.3195
Nifty Bank,17-12-2018,54.24,3.09,0.47,167.6016
Nifty Bank,18-12-2018,54.55,3.11,0.46,169.6505
Nifty Bank,19-12-2018,54.8,3.12,0.46,170.976
Nifty Bank,20-12-2018,54.76,3.12,0.46,170.8512
Nifty Bank,21-12-2018,53.94,3.07,0.47,165.5958
Nifty Bank,24-12-2018,53.63,3.06,0.47,164.1078
Nifty Bank,26-12-2018,54.18,3.09,0.47,167.4162
Nifty Bank,27-12-2018,53.96,3.08,0.47,166.1968
Nifty Bank,28-12-2018,54.54,3.11,0.46,169.6194
Nifty Bank,31-12-2018,54.61,3.12,0.46,170.3832
Nifty Bank,01-01-2019,55.08,3.14,0.46,172.9512
Nifty Bank,02-01-2019,54.64,3.12,0.46,170.4768
Nifty Bank,03-01-2019,54.21,3.09,0.47,167.5089
Nifty Bank,04-01-2019,54.68,3.12,0.46,170.6016
Nifty Bank,07-01-2019,54.9,3.13,0.46,171.837
Nifty Bank,08-01-2019,55.31,3.16,0.46,174.7796
Nifty Bank,09-01-2019,55.74,3.18,0.45,177.2532
Nifty Bank,10-01-2019,55.35,3.16,0.46,174.906
Nifty Bank,11-01-2019,55.2,3.15,0.46,173.88
Nifty Bank,14-01-2019,54.79,3.13,0.46,171.4927
Nifty Bank,15-01-2019,55.09,3.15,0.46,173.5335
Nifty Bank,16-01-2019,55.26,3.16,0.46,174.6216
Nifty Bank,17-01-2019,55.35,3.16,0.46,174.906
Nifty Bank,18-01-2019,55.21,3.15,0.46,173.9115
Nifty Bank,21-01-2019,55.36,3.16,0.46,174.9376
Nifty Bank,22-01-2019,55.25,3.15,0.46,174.0375
Nifty Bank,23-01-2019,54.79,3.13,0.46,171.4927
Nifty Bank,24-01-2019,54.82,3.13,0.46,171.5866
Nifty Bank,25-01-2019,54.52,3.11,0.46,169.5572
Nifty Bank,28-01-2019,53.67,3.06,0.47,164.2302
Nifty Bank,29-01-2019,53.51,3.05,0.47,163.2055
Nifty Bank,30-01-2019,54.02,3.08,0.47,166.3816
Nifty Bank,31-01-2019,54.97,3.14,0.46,172.6058
Nifty Bank,01-02-2019,54.55,3.11,0.46,169.6505
Nifty Bank,04-02-2019,54.75,3.12,0.46,170.82
Nifty Bank,05-02-2019,54.92,3.13,0.46,171.8996
Nifty Bank,06-02-2019,55.18,3.15,0.46,173.817
Nifty Bank,07-02-2019,55.15,3.15,0.46,173.7225
Nifty Bank,08-02-2019,54.97,3.14,0.46,172.6058
Nifty Bank,11-02-2019,54.83,3.13,0.46,171.6179
Nifty Bank,12-02-2019,54.4,3.1,0.47,168.64
Nifty Bank,13-02-2019,54.14,3.09,0.47,167.2926
Nifty Bank,14-02-2019,54.31,3.1,0.47,168.361
Nifty Bank,15-02-2019,53.96,3.08,0.47,166.1968
Nifty Bank,18-02-2019,53.68,3.06,0.47,164.2608
Nifty Bank,19-02-2019,53.74,3.07,0.47,164.9818
Nifty Bank,20-02-2019,54.28,3.1,0.47,168.268
Nifty Bank,21-02-2019,54.48,3.11,0.46,169.4328
Nifty Bank,22-02-2019,54.11,3.09,0.47,167.1999
Nifty Bank,25-02-2019,54.69,3.12,0.46,170.6328
Nifty Bank,26-02-2019,54.28,3.1,0.47,168.268
Nifty Bank,27-02-2019,53.97,3.08,0.47,166.2276
Nifty Bank,28-02-2019,53.95,3.08,0.47,166.166
Nifty Bank,01-03-2019,54.46,3.11,0.46,169.3706
Nifty Bank,05-03-2019,55.49,3.17,0.46,175.9033
Nifty Bank,06-03-2019,55.63,3.17,0.46,176.3471
Nifty Bank,07-03-2019,55.91,3.19,0.45,178.3529
Nifty Bank,08-03-2019,55.91,3.19,0.45,178.3529
Nifty Bank,11-03-2019,56.32,3.21,0.45,180.7872
Nifty Bank,12-03-2019,57.28,3.27,0.44,187.3056
Nifty Bank,13-03-2019,58.17,3.32,0.44,193.1244
Nifty Bank,14-03-2019,58.25,3.32,0.43,193.39
Nifty Bank,15-03-2019,59.17,3.38,0.43,199.9946
Nifty Bank,18-03-2019,59.6,3.4,0.42,202.64
Nifty Bank,19-03-2019,59.95,3.42,0.42,205.029
Nifty Bank,20-03-2019,60.08,3.43,0.42,206.0744
Nifty Bank,22-03-2019,59.57,3.4,0.42,202.538
Nifty Bank,25-03-2019,58.97,3.36,0.43,198.1392
Nifty Bank,26-03-2019,60.18,3.43,0.42,206.4174
Nifty Bank,27-03-2019,60.45,3.45,0.42,208.5525
Nifty Bank,28-03-2019,61.26,3.49,0.41,213.7974
Nifty Bank,29-03-2019,64.82,3.4,0.42,220.388
Nifty Bank,01-04-2019,64.61,3.38,0.42,218.3818
Nifty Bank,02-04-2019,64.67,3.39,0.42,219.2313
Nifty Bank,03-04-2019,64.11,3.36,0.42,215.4096
Nifty Bank,04-04-2019,63.71,3.34,0.42,212.7914
Nifty Bank,05-04-2019,64.09,3.36,0.42,215.3424
Nifty Bank,08-04-2019,63.58,3.33,0.42,211.7214
Nifty Bank,09-04-2019,64.15,3.36,0.42,215.544
Nifty Bank,10-04-2019,63.49,3.33,0.42,211.4217
Nifty Bank,11-04-2019,63.46,3.32,0.42,210.6872
Nifty Bank,12-04-2019,63.78,3.34,0.42,213.0252
Nifty Bank,15-04-2019,63.51,3.39,0.42,215.2989
Nifty Bank,16-04-2019,64.41,3.44,0.41,221.5704
Nifty Bank,18-04-2019,63.76,3.41,0.42,217.4216
Nifty Bank,22-04-2019,62.63,3.35,0.43,209.8105
Nifty Bank,23-04-2019,62.19,3.32,0.43,206.4708
Nifty Bank,24-04-2019,62.99,3.37,0.42,212.2763
Nifty Bank,25-04-2019,62.36,3.33,0.43,207.6588
Nifty Bank,26-04-2019,63.32,3.38,0.42,214.0216
Nifty Bank,30-04-2019,62.79,3.35,0.42,210.3465
Nifty Bank,02-05-2019,61.48,3.35,0.43,205.958
Nifty Bank,03-05-2019,61.99,3.37,0.42,208.9063
Nifty Bank,06-05-2019,61.29,3.34,0.43,204.7086
Nifty Bank,07-05-2019,60.61,3.3,0.43,200.013
Nifty Bank,08-05-2019,60,3.27,0.44,196.2
Nifty Bank,09-05-2019,59.78,3.25,0.44,194.285
Nifty Bank,10-05-2019,60.1,3.27,0.44,196.527
Nifty Bank,13-05-2019,59.31,3.23,0.44,191.5713
Nifty Bank,14-05-2019,59.66,3.25,0.44,193.895
Nifty Bank,15-05-2019,59.22,3.22,0.44,190.6884
Nifty Bank,16-05-2019,59.71,3.25,0.44,194.0575
Nifty Bank,17-05-2019,60.95,3.32,0.43,202.354
Nifty Bank,20-05-2019,63.66,3.46,0.41,220.2636
Nifty Bank,21-05-2019,62.72,3.41,0.42,213.8752
Nifty Bank,22-05-2019,63.17,3.44,0.41,217.3048
Nifty Bank,23-05-2019,62.93,3.42,0.42,215.2206
Nifty Bank,24-05-2019,64.59,3.52,0.4,227.3568
Nifty Bank,27-05-2019,65.49,3.56,0.4,233.1444
Nifty Bank,28-05-2019,65.39,3.56,0.4,232.7884
Nifty Bank,29-05-2019,64.76,3.52,0.4,227.9552
Nifty Bank,30-05-2019,65.26,3.55,0.4,231.673
Nifty Bank,31-05-2019,64.93,3.53,0.4,229.2029
Nifty Bank,03-06-2019,65.51,3.56,0.4,233.2156
Nifty Bank,04-06-2019,65.37,3.56,0.4,232.7172
Nifty Bank,06-06-2019,63.86,3.48,0.41,222.2328
Nifty Bank,07-06-2019,64.29,3.5,0.41,225.015
Nifty Bank,10-06-2019,64.22,3.49,0.41,224.1278
Nifty Bank,11-06-2019,64.7,3.52,0.4,227.744
Nifty Bank,12-06-2019,64.08,3.49,0.41,223.6392
Nifty Bank,13-06-2019,64.1,3.49,0.41,223.709
Nifty Bank,14-06-2019,63.36,3.42,0.41,216.6912
Nifty Bank,17-06-2019,62.65,3.38,0.42,211.757
Nifty Bank,18-06-2019,62.81,3.39,0.42,212.9259
Nifty Bank,19-06-2019,62.83,3.39,0.42,212.9937
Nifty Bank,20-06-2019,63.7,3.44,0.41,219.128
Nifty Bank,21-06-2019,63.38,3.42,0.41,216.7596
Nifty Bank,24-06-2019,63.33,3.42,0.41,216.5886
Nifty Bank,25-06-2019,63.84,3.45,0.41,220.248
Nifty Bank,26-06-2019,64.49,3.48,0.41,224.4252
Nifty Bank,27-06-2019,64.71,3.49,0.4,225.8379
Nifty Bank,28-06-2019,67.29,3.37,0.41,226.7673
Nifty Bank,01-07-2019,67.87,3.4,0.4,230.758
Nifty Bank,02-07-2019,67.68,3.39,0.41,229.4352
Nifty Bank,03-07-2019,67.89,3.4,0.4,230.826
Nifty Bank,04-07-2019,68.09,3.41,0.4,232.1869
Nifty Bank,05-07-2019,68.09,3.41,0.4,232.1869
Nifty Bank,08-07-2019,66.21,3.32,0.41,219.8172
Nifty Bank,09-07-2019,66.13,3.31,0.42,218.8903
Nifty Bank,10-07-2019,66.03,3.31,0.42,218.5593
Nifty Bank,11-07-2019,66.45,3.33,0.41,221.2785
Nifty Bank,12-07-2019,66.2,3.27,0.33,216.474
Nifty Bank,15-07-2019,65.28,3.28,0.33,214.1184
Nifty Bank,16-07-2019,65.54,3.29,0.33,215.6266
Nifty Bank,17-07-2019,65.9,3.31,0.33,218.129
Nifty Bank,18-07-2019,65.24,3.28,0.33,213.9872
Nifty Bank,19-07-2019,63.83,3.21,0.34,204.8943
Nifty Bank,22-07-2019,63.87,3.18,0.34,203.1066
Nifty Bank,23-07-2019,63.53,3.16,0.34,200.7548
Nifty Bank,24-07-2019,63.14,3.14,0.34,198.2596
Nifty Bank,25-07-2019,63.34,3.15,0.34,199.521
Nifty Bank,26-07-2019,63.96,3.18,0.34,203.3928
Nifty Bank,29-07-2019,63.89,3.18,0.34,203.1702
Nifty Bank,30-07-2019,62.79,3.12,0.35,195.9048
Nifty Bank,31-07-2019,62.98,3.13,0.35,197.1274
Nifty Bank,01-08-2019,61.87,3.08,0.35,190.5596
Nifty Bank,02-08-2019,61.52,3.06,0.35,188.2512
Nifty Bank,05-08-2019,60.3,3,0.36,180.9
Nifty Bank,06-08-2019,61.12,3.04,0.36,185.8048
Nifty Bank,07-08-2019,60.42,3,0.36,181.26
Nifty Bank,08-08-2019,61.31,3.05,0.35,186.9955
Nifty Bank,09-08-2019,62.01,3.08,0.35,190.9908
Nifty Bank,13-08-2019,60.48,3.01,0.36,182.0448
Nifty Bank,14-08-2019,61.11,3.04,0.36,185.7744
Nifty Bank,16-08-2019,61.54,3.06,0.35,188.3124
Nifty Bank,19-08-2019,61.47,3.06,0.35,188.0982
Nifty Bank,20-08-2019,61.03,3.03,0.36,184.9209
Nifty Bank,21-08-2019,60.46,3.01,0.36,181.9846
Nifty Bank,22-08-2019,58.96,2.93,0.37,172.7528
Nifty Bank,23-08-2019,58.8,2.92,0.37,171.696
Nifty Bank,26-08-2019,60.96,3.03,0.36,184.7088
Nifty Bank,27-08-2019,61.34,3.05,0.35,187.087
Nifty Bank,28-08-2019,60.64,3.02,0.36,183.1328
Nifty Bank,29-08-2019,59.55,2.96,0.37,176.268
Nifty Bank,30-08-2019,59.82,2.97,0.36,177.6654
Nifty Bank,03-09-2019,60.62,2.81,0.37,170.3422
Nifty Bank,04-09-2019,61.3,2.84,0.36,174.092
Nifty Bank,05-09-2019,60.84,2.82,0.37,171.5688
Nifty Bank,06-09-2019,61.58,2.85,0.36,175.503
Nifty Bank,09-09-2019,62.16,2.88,0.36,179.0208
Nifty Bank,11-09-2019,62.78,2.91,0.36,182.6898
Nifty Bank,12-09-2019,62.87,2.91,0.36,182.9517
Nifty Bank,13-09-2019,63.51,2.94,0.35,186.7194
Nifty Bank,16-09-2019,62.95,2.92,0.35,183.814
Nifty Bank,17-09-2019,61.32,2.84,0.36,174.1488
Nifty Bank,18-09-2019,61.41,2.85,0.36,175.0185
Nifty Bank,19-09-2019,60.47,2.8,0.37,169.316
Nifty Bank,20-09-2019,65.5,3.04,0.34,199.12
Nifty Bank,23-09-2019,69.08,3.2,0.32,221.056
Nifty Bank,24-09-2019,68.22,3.16,0.33,215.5752
Nifty Bank,25-09-2019,39.43,3.1,0.33,122.233
Nifty Bank,26-09-2019,39.99,3.14,0.33,125.5686
Nifty Bank,27-09-2019,39.9,3.15,0.33,125.685
Nifty Bank,30-09-2019,38.87,3.07,0.34,119.3309
Nifty Bank,01-10-2019,38.37,3.03,0.34,116.2611
Nifty Bank,03-10-2019,37.95,2.99,0.35,113.4705
Nifty Bank,04-10-2019,37.04,2.92,0.36,108.1568
Nifty Bank,07-10-2019,37.09,2.92,0.36,108.3028
Nifty Bank,09-10-2019,38.69,3.02,0.34,116.8438
Nifty Bank,10-10-2019,37.65,2.94,0.35,110.691
Nifty Bank,11-10-2019,37.69,2.94,0.35,110.8086
Nifty Bank,14-10-2019,37.88,2.96,0.35,112.1248
Nifty Bank,15-10-2019,38.38,2.99,0.34,114.7562
Nifty Bank,16-10-2019,38.36,2.99,0.34,114.6964
Nifty Bank,17-10-2019,38.96,3.04,0.34,118.4384
Nifty Bank,18-10-2019,39.14,3.05,0.33,119.377
Nifty Bank,22-10-2019,39.53,3.08,0.33,121.7524
Nifty Bank,23-10-2019,39.6,3.09,0.33,122.364
Nifty Bank,24-10-2019,39.12,3.05,0.33,119.316
Nifty Bank,25-10-2019,39.51,3.08,0.33,121.6908
Nifty Bank,27-10-2019,39.67,3.1,0.33,122.977
Nifty Bank,29-10-2019,40.15,3.13,0.33,125.6695
Nifty Bank,30-10-2019,40.3,3.14,0.32,126.542
Nifty Bank,31-10-2019,40.41,3.15,0.32,127.2915
Nifty Bank,01-11-2019,42.23,3.18,0.32,134.2914
Nifty Bank,04-11-2019,42.23,3.18,0.32,134.2914
Nifty Bank,05-11-2019,42.25,3.17,0.32,133.9325
Nifty Bank,06-11-2019,42.8,3.21,0.32,137.388
Nifty Bank,07-11-2019,42.37,3.21,0.32,136.0077
Nifty Bank,08-11-2019,42.53,3.22,0.32,136.9466
Nifty Bank,11-11-2019,43.04,3.26,0.31,140.3104
Nifty Bank,13-11-2019,42.12,3.2,0.32,134.784
Nifty Bank,14-11-2019,42.41,3.22,0.32,136.5602
Nifty Bank,15-11-2019,42.14,3.25,0.31,136.955
Nifty Bank,18-11-2019,42.12,3.25,0.31,136.89
Nifty Bank,19-11-2019,42.45,3.28,0.31,139.236
Nifty Bank,20-11-2019,41.62,3.29,0.31,136.9298
Nifty Bank,21-11-2019,39.98,3.29,0.31,131.5342
Nifty Bank,22-11-2019,39.67,3.26,0.31,129.3242
Nifty Bank,25-11-2019,40.24,3.31,0.31,133.1944
Nifty Bank,26-11-2019,40.45,3.33,0.31,134.6985
Nifty Bank,27-11-2019,40.65,3.34,0.31,135.771
Nifty Bank,28-11-2019,40.96,3.37,0.3,138.0352
Nifty Bank,29-11-2019,40.74,3.35,0.3,136.479
Nifty Bank,02-12-2019,40,3.42,0.31,136.8
Nifty Bank,03-12-2019,39.68,3.4,0.31,134.912
Nifty Bank,04-12-2019,40.13,3.44,0.31,138.0472
Nifty Bank,05-12-2019,39.8,3.41,0.31,135.718
Nifty Bank,06-12-2019,39.33,3.37,0.32,132.5421
Nifty Bank,09-12-2019,39.3,3.36,0.32,132.048
Nifty Bank,10-12-2019,39.11,3.35,0.32,131.0185
Nifty Bank,11-12-2019,39.23,3.36,0.32,131.8128
Nifty Bank,12-12-2019,39.74,3.4,0.31,135.116
Nifty Bank,13-12-2019,40.18,3.44,0.31,138.2192
Nifty Bank,16-12-2019,40.03,3.4,0.31,136.102
Nifty Bank,17-12-2019,40.23,3.42,0.31,137.5866
Nifty Bank,18-12-2019,40.36,3.43,0.31,138.4348
Nifty Bank,19-12-2019,40.36,3.43,0.31,138.4348
Nifty Bank,20-12-2019,40.54,3.44,0.3,139.4576
Nifty Bank,23-12-2019,40.48,3.44,0.31,139.2512
Nifty Bank,24-12-2019,40.41,3.43,0.31,138.6063
Nifty Bank,26-12-2019,40.05,3.4,0.31,136.17
Nifty Bank,27-12-2019,41.12,3.38,0.31,138.9856
Nifty Bank,30-12-2019,41.05,3.37,0.31,138.3385
Nifty Bank,31-12-2019,40.8,3.35,0.31,136.68
Nifty Bank,01-01-2020,40.73,3.35,0.31,136.4455
Nifty Bank,02-01-2020,41.16,3.38,0.3,139.1208
Nifty Bank,03-01-2020,40.68,3.34,0.31,135.8712
Nifty Bank,06-01-2020,39.62,3.29,0.32,130.3498
Nifty Bank,07-01-2020,39.83,3.31,0.32,131.8373
Nifty Bank,08-01-2020,39.79,3.3,0.32,131.307
Nifty Bank,09-01-2020,40.71,3.38,0.31,137.5998
Nifty Bank,10-01-2020,40.71,3.38,0.31,137.5998
Nifty Bank,13-01-2020,40.81,3.39,0.31,138.3459
Nifty Bank,14-01-2020,40.68,3.38,0.31,137.4984
Nifty Bank,15-01-2020,40.37,3.35,0.31,135.2395
Nifty Bank,16-01-2020,40.02,3.09,0.36,123.6618
Nifty Bank,17-01-2020,39.69,3.07,0.37,121.8483
Nifty Bank,20-01-2020,37.88,3.02,0.37,114.3976
Nifty Bank,21-01-2020,37.4,2.96,0.35,110.704
Nifty Bank,22-01-2020,37.1,2.9,0.36,107.59
Nifty Bank,23-01-2020,37.59,2.92,0.36,109.7628
Nifty Bank,24-01-2020,37.88,2.95,0.36,111.746
Nifty Bank,27-01-2020,35.38,2.91,0.36,102.9558
Nifty Bank,28-01-2020,35.85,2.88,0.36,103.248
Nifty Bank,29-01-2020,35.99,2.88,0.37,103.6512
Nifty Bank,30-01-2020,35.72,2.86,0.37,102.1592
Nifty Bank,31-01-2020,35.94,2.88,0.37,103.5072
Nifty Bank,01-02-2020,34.75,2.78,0.38,96.605
Nifty Bank,03-02-2020,35.04,2.8,0.38,98.112
Nifty Bank,04-02-2020,35.02,2.86,0.37,100.1572
Nifty Bank,05-02-2020,35.5,2.89,0.37,102.595
Nifty Bank,06-02-2020,35.85,2.92,0.36,104.682
Nifty Bank,07-02-2020,35.73,2.91,0.36,103.9743
Nifty Bank,10-02-2020,35.57,2.9,0.37,103.153
Nifty Bank,11-02-2020,35.85,2.92,0.36,104.682
Nifty Bank,12-02-2020,36.07,2.94,0.36,106.0458
Nifty Bank,13-02-2020,35.77,2.91,0.36,104.0907
Nifty Bank,14-02-2020,35.31,2.88,0.37,101.6928
Nifty Bank,17-02-2020,35.14,2.86,0.37,100.5004
Nifty Bank,18-02-2020,35,2.85,0.37,99.75
Nifty Bank,19-02-2020,35.32,2.88,0.37,101.7216
Nifty Bank,20-02-2020,35.44,2.89,0.37,102.4216
Nifty Bank,24-02-2020,34.88,2.84,0.37,99.0592
Nifty Bank,25-02-2020,34.85,2.84,0.37,98.974
Nifty Bank,26-02-2020,34.71,2.83,0.38,98.2293
Nifty Bank,27-02-2020,34.57,2.82,0.38,97.4874
Nifty Bank,28-02-2020,33.38,2.72,0.39,90.7936
Nifty Bank,02-03-2020,33.06,2.69,0.39,88.9314
Nifty Bank,03-03-2020,33.41,2.72,0.39,90.8752
Nifty Bank,04-03-2020,32.82,2.67,0.4,87.6294
Nifty Bank,05-03-2020,33,2.69,0.39,88.77
Nifty Bank,06-03-2020,31.84,2.59,0.41,82.4656
Nifty Bank,09-03-2020,30.31,2.47,0.43,74.8657
Nifty Bank,11-03-2020,30.33,2.47,0.43,74.9151
Nifty Bank,12-03-2020,27.45,2.24,0.47,61.488
Nifty Bank,13-03-2020,28.82,2.35,0.45,67.727
Nifty Bank,16-03-2020,26.46,2.16,0.49,57.1536
Nifty Bank,17-03-2020,25.37,2.07,0.51,52.5159
Nifty Bank,18-03-2020,23.57,1.92,0.55,45.2544
Nifty Bank,19-03-2020,21.69,1.88,0.48,40.7772
Nifty Bank,20-03-2020,21.95,1.9,0.48,41.705
Nifty Bank,23-03-2020,18.27,1.58,0.57,28.8666
Nifty Bank,24-03-2020,18.48,1.6,0.57,29.568
Nifty Bank,25-03-2020,19.96,1.73,0.52,34.5308
Nifty Bank,26-03-2020,21.19,1.83,0.49,38.7777
Nifty Bank,27-03-2020,21.57,1.87,0.49,40.3359
Nifty Bank,30-03-2020,20.29,1.76,0.52,35.7104
Nifty Bank,31-03-2020,20.68,1.79,0.51,37.0172
Nifty Bank,01-04-2020,19.67,1.7,0.53,33.439
Nifty Bank,03-04-2020,18.63,1.61,0.56,29.9943
Nifty Bank,07-04-2020,20.59,1.78,0.51,36.6502
Nifty Bank,08-04-2020,20.46,1.77,0.51,36.2142
Nifty Bank,09-04-2020,21.51,1.86,0.49,40.0086
Nifty Bank,13-04-2020,21.05,1.82,0.5,38.311
Nifty Bank,15-04-2020,20.58,1.78,0.51,36.6324
Nifty Bank,16-04-2020,20.95,1.81,0.5,37.9195
Nifty Bank,17-04-2020,22.34,1.93,0.47,43.1162
Nifty Bank,20-04-2020,21.87,1.92,0.47,41.9904
Nifty Bank,21-04-2020,20.68,1.82,0.5,37.6376
Nifty Bank,22-04-2020,21,1.84,0.49,38.64
Nifty Bank,23-04-2020,21.6,1.9,0.48,41.04
Nifty Bank,24-04-2020,20.87,1.83,0.5,38.1921
Nifty Bank,27-04-2020,21.4,1.88,0.48,40.232
Nifty Bank,28-04-2020,22.07,1.93,0.47,42.5951
Nifty Bank,29-04-2020,24.2,1.97,0.46,47.674
Nifty Bank,30-04-2020,24.71,2.01,0.45,49.6671
Nifty Bank,04-05-2020,22.66,1.85,0.49,41.921
Nifty Bank,05-05-2020,22.12,1.8,0.5,39.816
Nifty Bank,06-05-2020,22.6,1.84,0.49,41.584
Nifty Bank,07-05-2020,22.37,1.82,0.5,40.7134
Nifty Bank,08-05-2020,22.31,1.81,0.5,40.3811
Nifty Bank,11-05-2020,21.73,1.77,0.51,38.4621
Nifty Bank,12-05-2020,21.63,1.76,0.51,38.0688
Nifty Bank,13-05-2020,22.55,1.84,0.49,41.492
Nifty Bank,14-05-2020,21.94,1.78,0.51,39.0532
Nifty Bank,15-05-2020,21.67,1.76,0.52,38.1392
Nifty Bank,18-05-2020,20.22,1.64,0.55,33.1608
Nifty Bank,19-05-2020,20.12,1.64,0.55,32.9968
Nifty Bank,20-05-2020,20.53,1.67,0.54,34.2851
Nifty Bank,21-05-2020,20.41,1.66,0.55,33.8806
Nifty Bank,22-05-2020,19.88,1.62,0.56,32.2056
Nifty Bank,26-05-2020,19.98,1.63,0.56,32.5674
Nifty Bank,27-05-2020,21.43,1.75,0.52,37.5025
Nifty Bank,28-05-2020,21.96,1.79,0.51,39.3084
Nifty Bank,29-05-2020,22.17,1.8,0.5,39.906
Nifty Bank,01-06-2020,22.93,1.87,0.49,42.8791
Nifty Bank,02-06-2020,23.58,1.92,0.47,45.2736
Nifty Bank,03-06-2020,24.06,1.96,0.46,47.1576
Nifty Bank,04-06-2020,23.42,1.91,0.48,44.7322
Nifty Bank,05-06-2020,24.16,1.97,0.46,47.5952
Nifty Bank,08-06-2020,24.34,1.98,0.46,48.1932
Nifty Bank,09-06-2020,22.82,1.94,0.47,44.2708
Nifty Bank,10-06-2020,23.24,1.97,0.46,45.7828
Nifty Bank,11-06-2020,22.6,1.92,0.47,43.392
Nifty Bank,12-06-2020,22.75,1.93,0.47,43.9075
Nifty Bank,15-06-2020,21.93,1.86,0.49,40.7898
Nifty Bank,16-06-2020,22.35,1.9,0.48,42.465
Nifty Bank,17-06-2020,22.25,1.89,0.48,42.0525
Nifty Bank,18-06-2020,23.08,1.96,0.46,45.2368
Nifty Bank,19-06-2020,23.5,2,0.45,47
Nifty Bank,22-06-2020,23.91,2.03,0.45,48.5373
Nifty Bank,23-06-2020,23.94,2.08,0.44,49.7952
Nifty Bank,24-06-2020,23.04,2,0.45,46.08
Nifty Bank,25-06-2020,22.82,2.01,0.45,45.8682
Nifty Bank,26-06-2020,23.19,1.94,0.42,44.9886
Nifty Bank,29-06-2020,22.94,1.92,0.42,44.0448
Nifty Bank,30-06-2020,22.95,1.92,0.42,44.064
Nifty Bank,01-07-2020,23.61,1.97,0.41,46.5117
Nifty Bank,02-07-2020,23.58,1.97,0.41,46.4526
Nifty Bank,03-07-2020,23.47,1.96,0.41,46.0012
Nifty Bank,06-07-2020,23.84,1.99,0.41,47.4416
Nifty Bank,07-07-2020,24.31,2.03,0.4,49.3493
Nifty Bank,08-07-2020,24.26,2.03,0.4,49.2478
Nifty Bank,09-07-2020,24.61,2.06,0.39,50.6966
Nifty Bank,10-07-2020,24.06,2.01,0.4,48.3606
Nifty Bank,13-07-2020,23.73,1.98,0.41,46.9854
Nifty Bank,14-07-2020,22.98,1.92,0.42,44.1216
Nifty Bank,15-07-2020,22.92,1.92,0.42,44.0064
Nifty Bank,16-07-2020,23.2,1.94,0.42,45.008
Nifty Bank,17-07-2020,23.61,1.97,0.41,46.5117
Nifty Bank,20-07-2020,24.18,2.03,0.4,49.0854
Nifty Bank,21-07-2020,24.38,2.07,0.4,50.4666
Nifty Bank,22-07-2020,24.49,2.08,0.39,50.9392
Nifty Bank,23-07-2020,24.88,2.1,0.39,52.248
Nifty Bank,24-07-2020,24.43,2.06,0.4,50.3258
Nifty Bank,27-07-2020,23.55,1.99,0.41,46.8645
Nifty Bank,28-07-2020,23.51,1.93,0.5,45.3743
Nifty Bank,29-07-2020,23.52,1.91,0.53,44.9232
Nifty Bank,30-07-2020,23.86,1.87,0.54,44.6182
Nifty Bank,31-07-2020,23.63,1.79,0.59,42.2977
Nifty Bank,03-08-2020,23.01,1.75,0.6,40.2675
Nifty Bank,04-08-2020,22.81,1.78,0.59,40.6018
Nifty Bank,05-08-2020,22.83,1.78,0.59,40.6374
Nifty Bank,06-08-2020,22.97,1.79,0.59,41.1163
Nifty Bank,07-08-2020,23.09,1.8,0.59,41.562
Nifty Bank,10-08-2020,23.24,1.81,0.58,42.0644
Nifty Bank,11-08-2020,23.59,1.84,0.57,43.4056
Nifty Bank,12-08-2020,23.63,1.84,0.57,43.4792
Nifty Bank,13-08-2020,23.56,1.84,0.57,43.3504
Nifty Bank,14-08-2020,23.01,1.8,0.59,41.418
Nifty Bank,17-08-2020,23.03,1.8,0.59,41.454
Nifty Bank,18-08-2020,23.53,1.84,0.57,43.2952
Nifty Bank,19-08-2020,23.65,1.85,0.57,43.7525
Nifty Bank,20-08-2020,23.35,1.83,0.56,42.7305
Nifty Bank,21-08-2020,23.67,1.82,0.56,43.0794
Nifty Bank,24-08-2020,24.49,1.9,0.54,46.531
Nifty Bank,25-08-2020,25.21,1.92,0.54,48.4032
Nifty Bank,26-08-2020,25.56,1.95,0.53,49.842
Nifty Bank,27-08-2020,25.77,1.96,0.53,50.5092
Nifty Bank,28-08-2020,26.77,2.04,0.51,54.6108
Nifty Bank,31-08-2020,26.1,1.97,0.51,51.417
Nifty Bank,01-09-2020,26.17,1.97,0.51,51.5549
Nifty Bank,02-09-2020,26.24,1.98,0.51,51.9552
Nifty Bank,03-09-2020,25.86,1.95,0.52,50.427
Nifty Bank,04-09-2020,25.29,1.91,0.53,48.3039
Nifty Bank,07-09-2020,25.02,1.96,0.55,49.0392
Nifty Bank,08-09-2020,24.81,1.94,0.56,48.1314
Nifty Bank,09-09-2020,24.29,1.9,0.57,46.151
Nifty Bank,10-09-2020,24.5,1.92,0.56,47.04
Nifty Bank,11-09-2020,24.52,1.92,0.56,47.0784
Nifty Bank,14-09-2020,24.1,1.88,0.57,45.308
Nifty Bank,15-09-2020,24.5,1.88,0.57,46.06
Nifty Bank,16-09-2020,24.62,1.89,0.57,46.5318
Nifty Bank,17-09-2020,24.34,1.87,0.58,45.5158
Nifty Bank,18-09-2020,24.03,1.84,0.59,44.2152
Nifty Bank,21-09-2020,23.3,1.79,0.6,41.707
Nifty Bank,22-09-2020,23.06,1.77,0.61,40.8162
Nifty Bank,23-09-2020,23.1,1.77,0.61,40.887
Nifty Bank,24-09-2020,22.31,1.71,0.63,38.1501
Nifty Bank,25-09-2020,23.21,1.76,0.6,40.8496
Nifty Bank,28-09-2020,23.96,1.82,0.58,43.6072
Nifty Bank,29-09-2020,23.68,1.8,0.59,42.624
Nifty Bank,30-09-2020,23.73,1.8,0.59,42.714
Nifty Bank,01-10-2020,24.61,1.87,0.56,46.0207
Nifty Bank,05-10-2020,24.74,1.88,0.56,46.5112
Nifty Bank,06-10-2020,25.28,1.92,0.55,48.5376
Nifty Bank,07-10-2020,25.4,1.93,0.55,49.022
Nifty Bank,08-10-2020,25.65,1.94,0.54,49.761
Nifty Bank,09-10-2020,26.38,2,0.53,52.76
Nifty Bank,12-10-2020,26.23,1.99,0.53,52.1977
Nifty Bank,13-10-2020,25.98,1.97,0.53,51.1806
Nifty Bank,14-10-2020,26.41,2,0.53,52.82
Nifty Bank,15-10-2020,25.52,1.94,0.54,49.5088
Nifty Bank,16-10-2020,26.03,1.97,0.53,51.2791
Nifty Bank,19-10-2020,26.84,2.04,0.52,54.7536
Nifty Bank,20-10-2020,26.63,2.04,0.52,54.3252
Nifty Bank,21-10-2020,26.99,2.07,0.51,55.8693
Nifty Bank,22-10-2020,26.82,2.05,0.51,54.981
Nifty Bank,23-10-2020,26.82,2.05,0.51,54.981
Nifty Bank,26-10-2020,26.37,2.02,0.52,53.2674
Nifty Bank,27-10-2020,27.14,2.08,0.51,56.4512
Nifty Bank,28-10-2020,26.38,2.03,0.52,53.5514
Nifty Bank,29-10-2020,26.22,2.02,0.52,52.9644
Nifty Bank,30-10-2020,24.6,2,0.53,49.2
Nifty Bank,02-11-2020,24.5,2.09,0.5,51.205
Nifty Bank,03-11-2020,25.05,2.15,0.49,53.8575
Nifty Bank,04-11-2020,25.15,2.16,0.49,54.324
Nifty Bank,05-11-2020,25.67,2.21,0.48,56.7307
Nifty Bank,06-11-2020,25.62,2.25,0.47,57.645
Nifty Bank,09-11-2020,26.32,2.31,0.46,60.7992
Nifty Bank,10-11-2020,27.35,2.4,0.44,65.64
Nifty Bank,11-11-2020,27.58,2.42,0.44,66.7436
Nifty Bank,12-11-2020,27.03,2.37,0.44,64.0611
Nifty Bank,13-11-2020,27.21,2.39,0.44,65.0319
Nifty Bank,14-11-2020,27.34,2.4,0.44,65.616
Nifty Bank,17-11-2020,27.9,2.45,0.43,68.355
Nifty Bank,18-11-2020,28.44,2.5,0.42,71.1
Nifty Bank,19-11-2020,27.63,2.42,0.43,66.8646
Nifty Bank,20-11-2020,27.95,2.45,0.43,68.4775
Nifty Bank,23-11-2020,27.75,2.43,0.43,67.4325
Nifty Bank,24-11-2020,28.43,2.49,0.42,70.7907
Nifty Bank,25-11-2020,27.66,2.42,0.43,66.9372
Nifty Bank,26-11-2020,27.99,2.45,0.43,68.5755
Nifty Bank,27-11-2020,28.05,2.46,0.43,69.003
Nifty Bank,01-12-2020,28.25,2.48,0.42,70.06
Nifty Bank,02-12-2020,27.91,2.45,0.43,68.3795
Nifty Bank,03-12-2020,27.9,2.45,0.43,68.355
Nifty Bank,04-12-2020,28.47,2.5,0.42,71.175
Nifty Bank,07-12-2020,28.62,2.51,0.42,71.8362
Nifty Bank,08-12-2020,29.12,2.54,0.41,73.9648
Nifty Bank,09-12-2020,29.55,2.58,0.4,76.239
Nifty Bank,10-12-2020,29.36,2.56,0.41,75.1616
Nifty Bank,11-12-2020,29.45,2.57,0.41,75.6865
Nifty Bank,14-12-2020,29.59,2.58,0.4,76.3422
Nifty Bank,15-12-2020,29.53,2.58,0.4,76.1874
Nifty Bank,16-12-2020,29.54,2.58,0.4,76.2132
Nifty Bank,17-12-2020,29.68,2.59,0.4,76.8712
Nifty Bank,18-12-2020,29.56,2.58,0.4,76.2648
Nifty Bank,21-12-2020,28.35,2.47,0.42,70.0245
Nifty Bank,22-12-2020,28.51,2.49,0.42,70.9899
Nifty Bank,23-12-2020,28.76,2.51,0.41,72.1876
Nifty Bank,24-12-2020,29.26,2.55,0.41,74.613
Nifty Bank,28-12-2020,29.72,2.59,0.4,76.9748
Nifty Bank,29-12-2020,30.14,2.63,0.4,79.2682
Nifty Bank,30-12-2020,30.12,2.63,0.4,79.2156
Nifty Bank,31-12-2020,30.09,2.62,0.4,78.8358
Nifty Bank,01-01-2021,30.12,2.61,0.4,78.6132
Nifty Bank,04-01-2021,30.1,2.6,0.4,78.26
Nifty Bank,05-01-2021,30.6,2.65,0.4,81.09
Nifty Bank,06-01-2021,30.67,2.65,0.4,81.2755
Nifty Bank,07-01-2021,30.82,2.67,0.39,82.2894
Nifty Bank,08-01-2021,30.95,2.68,0.39,82.946
Nifty Bank,11-01-2021,30.86,2.67,0.39,82.3962
Nifty Bank,12-01-2021,31.19,2.7,0.39,84.213
Nifty Bank,13-01-2021,31.42,2.72,0.39,85.4624
Nifty Bank,14-01-2021,31.37,2.71,0.39,85.0127
Nifty Bank,15-01-2021,31.1,2.69,0.39,83.659
Nifty Bank,18-01-2021,30.68,2.65,0.4,81.302
Nifty Bank,19-01-2021,30.85,2.71,0.39,83.6035
Nifty Bank,20-01-2021,30.96,2.72,0.39,84.2112
Nifty Bank,21-01-2021,30.62,2.69,0.39,82.3678
Nifty Bank,22-01-2021,29.68,2.6,0.4,77.168
Nifty Bank,25-01-2021,29.75,2.6,0.4,77.35
Nifty Bank,27-01-2021,28.88,2.53,0.42,73.0664
Nifty Bank,28-01-2021,28.86,2.53,0.41,73.0158
Nifty Bank,29-01-2021,28.95,2.55,0.41,73.8225
Nifty Bank,01-02-2021,31.29,2.76,0.38,86.3604
Nifty Bank,02-02-2021,31.72,2.86,0.37,90.7192
Nifty Bank,03-02-2021,32.17,2.9,0.36,93.293
Nifty Bank,04-02-2021,32.71,2.95,0.36,96.4945
Nifty Bank,05-02-2021,33,2.98,0.35,98.34
Nifty Bank,08-02-2021,33.46,3,0.35,100.38
Nifty Bank,09-02-2021,33.31,3.01,0.35,100.2631
Nifty Bank,10-02-2021,33.06,2.99,0.35,98.8494
Nifty Bank,11-02-2021,33.03,2.98,0.35,98.4294
Nifty Bank,12-02-2021,33.36,3.01,0.35,100.4136
Nifty Bank,15-02-2021,34.47,3.11,0.34,107.2017
Nifty Bank,16-02-2021,34.27,3.1,0.34,106.237
Nifty Bank,17-02-2021,34.1,3.08,0.34,105.028
Nifty Bank,18-02-2021,33.8,3.05,0.34,103.09
Nifty Bank,19-02-2021,33.11,2.99,0.35,98.9989
Nifty Bank,22-02-2021,32.57,2.94,0.36,95.7558
Nifty Bank,23-02-2021,32.44,2.93,0.36,95.0492
Nifty Bank,24-02-2021,33.68,3.04,0.35,102.3872
Nifty Bank,25-02-2021,33.77,3.05,0.34,102.9985
Nifty Bank,26-02-2021,32.15,2.9,0.36,93.235
Nifty Bank,01-03-2021,32.61,2.95,0.36,96.1995
Nifty Bank,02-03-2021,32.72,2.96,0.36,96.8512
Nifty Bank,03-03-2021,33.6,3.04,0.35,102.144
Nifty Bank,04-03-2021,33.08,2.99,0.35,98.9092
Nifty Bank,05-03-2021,32.55,2.94,0.36,95.697
Nifty Bank,08-03-2021,32.59,2.94,0.36,95.8146
Nifty Bank,09-03-2021,33.14,2.99,0.35,99.0886
Nifty Bank,10-03-2021,33.2,3,0.35,99.6
Nifty Bank,12-03-2021,32.79,2.96,0.35,97.0584
Nifty Bank,15-03-2021,32.5,2.94,0.36,95.55
Nifty Bank,16-03-2021,32.16,2.9,0.36,93.264
Nifty Bank,17-03-2021,31.62,2.86,0.37,90.4332
Nifty Bank,18-03-2021,31.28,2.83,0.37,88.5224
Nifty Bank,19-03-2021,31.56,2.85,0.37,89.946
Nifty Bank,22-03-2021,31.05,2.8,0.37,86.94
Nifty Bank,23-03-2021,31.58,2.85,0.37,90.003
Nifty Bank,24-03-2021,30.76,2.78,0.38,85.5128
Nifty Bank,25-03-2021,30.49,2.75,0.38,83.8475
Nifty Bank,26-03-2021,30.78,2.78,0.38,85.5684
Nifty Bank,30-03-2021,31.3,2.83,0.37,88.579
Nifty Bank,31-03-2021,25.87,3.03,-,78.3861
Nifty Bank,01-04-2021,26.3,3.08,-,81.004
Nifty Bank,05-04-2021,25.38,2.98,-,75.6324
Nifty Bank,06-04-2021,25.24,2.96,-,74.7104
Nifty Bank,07-04-2021,25.62,3,-,76.86
Nifty Bank,08-04-2021,25.46,2.99,-,76.1254
Nifty Bank,09-04-2021,25.2,2.95,-,74.34
Nifty Bank,12-04-2021,23.92,2.8,-,66.976
Nifty Bank,13-04-2021,24.68,2.89,-,71.3252
Nifty Bank,15-04-2021,24.94,2.92,-,72.8248
Nifty Bank,16-04-2021,24.84,2.91,-,72.2844
Nifty Bank,19-04-2021,24.13,2.84,-,68.5292
Nifty Bank,20-04-2021,24.05,2.83,-,68.0615
Nifty Bank,22-04-2021,24.57,2.89,-,71.0073
Nifty Bank,23-04-2021,24.52,2.88,-,70.6176
Nifty Bank,26-04-2021,24.95,2.94,-,73.353
Nifty Bank,27-04-2021,24.15,2.98,-,71.967
Nifty Bank,28-04-2021,24.88,3.07,-,76.3816
Nifty Bank,29-04-2021,24.87,3.07,-,76.3509
Nifty Bank,30-04-2021,24.18,2.98,-,72.0564
Nifty Bank,03-05-2021,22.44,2.95,-,66.198
Nifty Bank,04-05-2021,22.12,2.93,-,64.8116
Nifty Bank,05-05-2021,22.34,2.98,-,66.5732
Nifty Bank,06-05-2021,22.38,2.99,-,66.9162
Nifty Bank,07-05-2021,22.43,2.99,-,67.0657
Nifty Bank,10-05-2021,22.6,3.01,-,68.026
Nifty Bank,11-05-2021,22.49,2.99,-,67.2451
Nifty Bank,12-05-2021,22.19,2.95,-,65.4605
Nifty Bank,14-05-2021,22,2.93,-,64.46
Nifty Bank,17-05-2021,22.88,3.04,-,69.5552
Nifty Bank,18-05-2021,23.19,3.09,-,71.6571
Nifty Bank,19-05-2021,22.95,3.06,-,70.227
Nifty Bank,20-05-2021,22.71,3.03,-,68.8113
Nifty Bank,21-05-2021,23.57,3.15,-,74.2455
Nifty Bank,24-05-2021,23.8,3.18,-,75.684
Nifty Bank,25-05-2021,23.76,3.15,-,74.844
Nifty Bank,26-05-2021,23.78,3.15,-,74.907
Nifty Bank,27-05-2021,24.06,3.19,-,76.7514
Nifty Bank,28-05-2021,24.09,3.2,-,77.088
Nifty Bank,31-05-2021,24.41,3.23,-,78.8443
Nifty Bank,01-06-2021,24.28,3.22,-,78.1816
Nifty Bank,02-06-2021,24.3,3.22,-,78.246
Nifty Bank,03-06-2021,24.49,3.24,0.11,79.3476
Nifty Bank,04-06-2021,24.25,3.21,0.12,77.8425
Nifty Bank,07-06-2021,24.35,3.22,0.12,78.407
Nifty Bank,08-06-2021,23.89,3.19,0.12,76.2091
Nifty Bank,09-06-2021,23.7,3.17,0.12,75.129
Nifty Bank,10-06-2021,23.92,3.2,0.12,76.544
Nifty Bank,11-06-2021,23.87,3.19,0.12,76.1453
Nifty Bank,14-06-2021,23.8,3.18,0.12,75.684
Nifty Bank,15-06-2021,24,3.21,0.12,77.04
Nifty Bank,16-06-2021,23.84,3.18,0.12,75.8112
Nifty Bank,17-06-2021,23.57,3.15,0.12,74.2455
Nifty Bank,18-06-2021,23.53,3.07,0.12,72.2371
Nifty Bank,21-06-2021,23.75,3.1,0.12,73.625
Nifty Bank,22-06-2021,23.66,3.09,0.12,73.1094
Nifty Bank,23-06-2021,23.55,3.08,0.12,72.534
Nifty Bank,24-06-2021,23.72,3.1,0.12,73.532
Nifty Bank,25-06-2021,24.08,3.15,0.12,75.852
Nifty Bank,28-06-2021,24.08,3.14,0.12,75.6112
Nifty Bank,29-06-2021,23.84,3.11,0.24,74.1424
Nifty Bank,30-06-2021,23.75,3,0.24,71.25
Nifty Bank,01-07-2021,23.69,2.99,0.25,70.8331
Nifty Bank,02-07-2021,23.78,3,0.25,71.34
Nifty Bank,05-07-2021,24.05,3.03,0.25,72.8715
Nifty Bank,06-07-2021,24.3,3.07,0.25,74.601
Nifty Bank,07-07-2021,24.43,3.08,0.24,75.2444
Nifty Bank,08-07-2021,24.09,3.04,0.25,73.2336
Nifty Bank,09-07-2021,23.96,3.02,0.25,72.3592
Nifty Bank,12-07-2021,24.04,3.03,0.25,72.8412
Nifty Bank,13-07-2021,24.37,3.07,0.24,74.8159
Nifty Bank,14-07-2021,24.36,3.07,0.25,74.7852
Nifty Bank,15-07-2021,24.53,3.09,0.24,75.7977
Nifty Bank,16-07-2021,24.42,3.08,0.24,75.2136
Nifty Bank,19-07-2021,23.96,3.02,0.25,72.3592
Nifty Bank,20-07-2021,23.31,2.97,0.25,69.2307
Nifty Bank,22-07-2021,23.49,2.99,0.25,70.2351
Nifty Bank,23-07-2021,23.73,2.94,0.25,69.7662
Nifty Bank,26-07-2021,23.68,2.93,0.25,69.3824
Nifty Bank,27-07-2021,23.23,2.86,0.25,66.4378
Nifty Bank,28-07-2021,22.71,2.84,0.25,64.4964
Nifty Bank,29-07-2021,22.64,2.86,0.32,64.7504
Nifty Bank,30-07-2021,22.57,2.85,0.33,64.3245
Nifty Bank,02-08-2021,22.65,2.86,0.32,64.779
Nifty Bank,03-08-2021,23.15,2.9,0.32,67.135
Nifty Bank,04-08-2021,23.84,2.97,0.31,70.8048
Nifty Bank,05-08-2021,23.72,2.95,0.31,69.974
Nifty Bank,06-08-2021,23.28,2.95,0.31,68.676
Nifty Bank,09-08-2021,23.61,2.96,0.31,69.8856
Nifty Bank,10-08-2021,23.61,2.95,0.31,69.6495
Nifty Bank,11-08-2021,23.46,2.93,0.31,68.7378
Nifty Bank,12-08-2021,23.55,2.94,0.31,69.237
Nifty Bank,13-08-2021,23.7,2.96,0.31,70.152
Nifty Bank,16-08-2021,23.65,2.96,0.31,70.004
Nifty Bank,17-08-2021,23.5,2.78,0.34,65.33
Nifty Bank,18-08-2021,23.3,2.76,0.35,64.308
Nifty Bank,20-08-2021,22.95,2.72,0.35,62.424
Nifty Bank,23-08-2021,23.01,2.73,0.35,62.8173
Nifty Bank,24-08-2021,23.4,2.77,0.34,64.818
Nifty Bank,25-08-2021,23.32,2.76,0.34,64.3632
Nifty Bank,26-08-2021,23.34,2.76,0.34,64.4184
Nifty Bank,27-08-2021,23.34,2.77,0.34,64.6518
Nifty Bank,30-08-2021,23.82,2.82,0.34,67.1724
Nifty Bank,31-08-2021,23.87,2.77,0.34,66.1199
Nifty Bank,01-09-2021,23.96,2.78,0.34,66.6088
Nifty Bank,02-09-2021,24.13,2.8,0.33,67.564
Nifty Bank,03-09-2021,24.09,2.8,0.33,67.452
Nifty Bank,06-09-2021,23.98,2.78,0.34,66.6644
Nifty Bank,07-09-2021,23.89,2.77,0.34,66.1753
Nifty Bank,08-09-2021,24.09,2.8,0.33,67.452
Nifty Bank,09-09-2021,24.04,2.79,0.33,67.0716
Nifty Bank,13-09-2021,23.9,2.77,0.34,66.203
Nifty Bank,14-09-2021,23.99,2.78,0.34,66.6922
Nifty Bank,15-09-2021,24.15,2.8,0.33,67.62
Nifty Bank,16-09-2021,24.68,2.87,0.33,70.8316
Nifty Bank,17-09-2021,24.77,2.88,0.32,71.3376
Nifty Bank,20-09-2021,24.34,2.83,0.33,68.8822
Nifty Bank,21-09-2021,24.4,2.83,0.33,69.052
Nifty Bank,22-09-2021,24.21,2.81,0.33,68.0301
Nifty Bank,23-09-2021,24.75,2.87,0.32,71.0325
Nifty Bank,24-09-2021,24.79,2.87,0.32,71.1473
Nifty Bank,27-09-2021,25.01,2.89,0.32,72.2789
Nifty Bank,28-09-2021,24.86,2.87,0.32,71.3482
Nifty Bank,29-09-2021,24.73,2.86,0.33,70.7278
Nifty Bank,30-09-2021,24.32,2.81,0.33,68.3392
Nifty Bank,01-10-2021,24.19,2.8,0.34,67.732
Nifty Bank,04-10-2021,24.42,2.82,0.33,68.8644
Nifty Bank,05-10-2021,24.52,2.84,0.33,69.6368
Nifty Bank,06-10-2021,24.38,2.82,0.33,68.7516
Nifty Bank,07-10-2021,24.53,2.84,0.33,69.6652
Nifty Bank,08-10-2021,24.55,2.84,0.33,69.722
Nifty Bank,11-10-2021,24.88,2.88,0.33,71.6544
Nifty Bank,12-10-2021,25.03,2.9,0.32,72.587
Nifty Bank,13-10-2021,25.1,2.9,0.32,72.79
Nifty Bank,14-10-2021,25.56,2.96,0.32,75.6576
Nifty Bank,18-10-2021,25.79,2.98,0.31,76.8542
Nifty Bank,19-10-2021,25.42,2.97,0.32,75.4974
Nifty Bank,20-10-2021,25.4,2.97,0.32,75.438
Nifty Bank,21-10-2021,25.73,3.01,0.31,77.4473
Nifty Bank,22-10-2021,25.92,3.03,0.31,78.5376
Nifty Bank,25-10-2021,26.48,3.1,0.3,82.088
Nifty Bank,26-10-2021,26.12,3.1,0.3,80.972
Nifty Bank,27-10-2021,25.89,3.07,0.31,79.4823
Nifty Bank,28-10-2021,24.54,2.97,0.32,72.8838
Nifty Bank,29-10-2021,24.06,2.94,0.32,70.7364
Nifty Bank,01-11-2021,24.53,2.99,0.31,73.3447
Nifty Bank,02-11-2021,25.4,3,0.31,76.2
Nifty Bank,03-11-2021,25.06,2.96,0.32,74.1776
Nifty Bank,04-11-2021,25.17,2.97,0.32,74.7549
Nifty Bank,08-11-2021,25.08,2.96,0.32,74.2368
Nifty Bank,09-11-2021,24.32,2.96,0.32,71.9872
Nifty Bank,10-11-2021,24.11,2.93,0.32,70.6423
Nifty Bank,11-11-2021,23.82,2.9,0.32,69.078
Nifty Bank,12-11-2021,23.93,2.91,0.32,69.6363
Nifty Bank,15-11-2021,23.91,2.91,0.32,69.5781
Nifty Bank,16-11-2021,23.67,2.88,0.33,68.1696
Nifty Bank,17-11-2021,23.5,2.86,0.33,67.21
Nifty Bank,18-11-2021,23.46,2.85,0.33,66.861
Nifty Bank,22-11-2021,22.94,2.79,0.34,64.0026
Nifty Bank,23-11-2021,23.03,2.8,0.34,64.484
Nifty Bank,24-11-2021,23.13,2.81,0.33,64.9953
Nifty Bank,25-11-2021,23.09,2.81,0.33,64.8829
Nifty Bank,26-11-2021,22.26,2.71,0.35,60.3246
Nifty Bank,29-11-2021,22.23,2.7,0.35,60.021
Nifty Bank,30-11-2021,22.05,2.68,0.35,59.094
Nifty Bank,01-12-2021,22.47,2.73,0.34,61.3431
Nifty Bank,02-12-2021,22.56,2.74,0.34,61.8144
Nifty Bank,03-12-2021,22.36,2.72,0.34,60.8192
Nifty Bank,06-12-2021,22.08,2.69,0.35,59.3952
Nifty Bank,07-12-2021,22.62,2.75,0.34,62.205
Nifty Bank,08-12-2021,23.04,2.8,0.33,64.512
Nifty Bank,09-12-2021,22.91,2.79,0.34,63.9189
Nifty Bank,10-12-2021,22.92,2.79,0.34,63.9468
Nifty Bank,13-12-2021,22.81,2.78,0.34,63.4118
Nifty Bank,14-12-2021,22.79,2.77,0.34,63.1283
Nifty Bank,15-12-2021,22.73,2.76,0.34,62.7348
Nifty Bank,16-12-2021,22.58,2.75,0.34,62.095
Nifty Bank,17-12-2021,22.01,2.68,0.35,58.9868
Nifty Bank,20-12-2021,21.28,2.59,0.36,55.1152
Nifty Bank,21-12-2021,21.38,2.6,0.36,55.588
Nifty Bank,22-12-2021,21.64,2.63,0.36,56.9132
Nifty Bank,23-12-2021,21.74,2.64,0.35,57.3936
Nifty Bank,24-12-2021,21.54,2.62,0.36,56.4348
Nifty Bank,27-12-2021,21.66,2.63,0.36,56.9658
Nifty Bank,28-12-2021,21.74,2.64,0.35,57.3936
Nifty Bank,29-12-2021,21.65,2.63,0.36,56.9395
Nifty Bank,30-12-2021,21.66,2.64,0.36,57.1824
Nifty Bank,31-12-2021,22.33,2.62,0.34,58.5046
Nifty Bank,03-01-2022,22.92,2.69,0.33,61.6548
Nifty Bank,04-01-2022,23.19,2.72,0.33,63.0768
Nifty Bank,05-01-2022,23.73,2.79,0.32,66.2067
Nifty Bank,06-01-2022,23.6,2.77,0.32,65.372
Nifty Bank,07-01-2022,23.75,2.79,0.32,66.2625
Nifty Bank,10-01-2022,24.14,2.83,0.32,68.3162
Nifty Bank,11-01-2022,24.2,2.84,0.32,68.728
Nifty Bank,12-01-2022,24.38,2.86,0.31,69.7268
Nifty Bank,13-01-2022,24.21,2.84,0.31,68.7564
Nifty Bank,14-01-2022,24.15,2.84,0.32,68.586
Nifty Bank,17-01-2022,24.05,2.83,0.32,68.0615
Nifty Bank,18-01-2022,23.72,2.82,0.32,66.8904
Nifty Bank,19-01-2022,23.61,2.81,0.32,66.3441
Nifty Bank,20-01-2022,23.49,2.8,0.32,65.772
Nifty Bank,21-01-2022,23.32,2.78,0.32,64.8296
Nifty Bank,24-01-2022,22.93,2.73,0.33,62.5989
Nifty Bank,25-01-2022,23.14,2.79,0.32,64.5606
Nifty Bank,27-01-2022,22.59,2.81,0.32,63.4779
Nifty Bank,28-01-2022,22.36,2.79,0.32,62.3844
Nifty Bank,31-01-2022,22.48,2.81,0.32,63.1688
Nifty Bank,01-02-2022,22.53,2.85,0.31,64.2105
Nifty Bank,02-02-2022,23.01,2.91,0.31,66.9591
Nifty Bank,03-02-2022,22.82,2.88,0.31,65.7216
Nifty Bank,04-02-2022,22.69,2.87,0.31,65.1203
Nifty Bank,07-02-2022,22.23,2.81,0.32,62.4663
Nifty Bank,08-02-2022,21.83,2.81,0.32,61.3423
Nifty Bank,09-02-2022,22.16,2.85,0.31,63.156
Nifty Bank,10-02-2022,22.39,2.88,0.31,64.4832
Nifty Bank,11-02-2022,22.11,2.85,0.31,63.0135
Nifty Bank,14-02-2022,21.18,2.73,0.33,57.8214
Nifty Bank,15-02-2022,21.91,2.82,0.32,61.7862
Nifty Bank,16-02-2022,21.78,2.81,0.32,61.2018
Nifty Bank,17-02-2022,21.54,2.77,0.32,59.6658
Nifty Bank,18-02-2022,21.58,2.78,0.32,59.9924
Nifty Bank,21-02-2022,21.63,2.79,0.32,60.3477
Nifty Bank,22-02-2022,21.45,2.76,0.32,59.202
Nifty Bank,23-02-2022,21.46,2.76,0.32,59.2296
Nifty Bank,24-02-2022,20.22,2.6,0.34,52.572
Nifty Bank,25-02-2022,20.91,2.69,0.33,56.2479
Nifty Bank,28-02-2022,20.78,2.68,0.33,55.6904
Nifty Bank,02-03-2022,20.3,2.61,0.34,52.983
Nifty Bank,03-03-2022,20.06,2.58,0.35,51.7548
Nifty Bank,04-03-2022,19.75,2.54,0.35,50.165
Nifty Bank,07-03-2022,18.87,2.43,0.37,45.8541
Nifty Bank,08-03-2022,19.03,2.45,0.37,46.6235
Nifty Bank,09-03-2022,19.41,2.5,0.36,48.525
Nifty Bank,10-03-2022,19.79,2.55,0.35,50.4645
Nifty Bank,11-03-2022,19.83,2.55,0.35,50.5665
Nifty Bank,14-03-2022,20.27,2.61,0.34,52.9047
Nifty Bank,15-03-2022,20.1,2.59,0.35,52.059
Nifty Bank,16-03-2022,20.52,2.64,0.34,54.1728
Nifty Bank,17-03-2022,20.91,2.69,0.33,56.2479
Nifty Bank,21-03-2022,20.67,2.66,0.34,54.9822
Nifty Bank,22-03-2022,20.86,2.69,0.33,56.1134
Nifty Bank,23-03-2022,20.75,2.67,0.34,55.4025
Nifty Bank,24-03-2022,20.39,2.63,0.34,53.6257
Nifty Bank,25-03-2022,20.32,2.62,0.34,53.2384
Nifty Bank,28-03-2022,20.5,2.64,0.34,54.12
Nifty Bank,29-03-2022,20.57,2.65,0.34,54.5105
Nifty Bank,30-03-2022,20.85,2.69,0.33,56.0865
Nifty Bank,31-03-2022,20.51,2.71,0.33,55.5821
Nifty Bank,01-04-2022,20.94,2.77,0.32,58.0038
Nifty Bank,04-04-2022,21.78,2.88,0.31,62.7264
Nifty Bank,05-04-2022,21.46,2.84,0.31,60.9464
Nifty Bank,06-04-2022,21.22,2.8,0.32,59.416
Nifty Bank,07-04-2022,21.17,2.8,0.32,59.276
Nifty Bank,08-04-2022,21.28,2.81,0.32,59.7968
Nifty Bank,11-04-2022,21.21,2.8,0.32,59.388
Nifty Bank,12-04-2022,21.28,2.81,0.32,59.7968
Nifty Bank,13-04-2022,21.12,2.79,0.32,58.9248
Nifty Bank,18-04-2022,20.71,2.74,0.32,56.7454
Nifty Bank,19-04-2022,20.2,2.71,0.33,54.742
Nifty Bank,20-04-2022,20.18,2.7,0.33,54.486
Nifty Bank,21-04-2022,20.46,2.74,0.32,56.0604
Nifty Bank,22-04-2022,20.03,2.68,0.33,53.6804
Nifty Bank,25-04-2022,20.05,2.69,0.33,53.9345
Nifty Bank,26-04-2022,19.74,2.71,0.33,53.4954
Nifty Bank,27-04-2022,19.54,2.68,0.33,52.3672
Nifty Bank,28-04-2022,19.75,2.71,0.33,53.5225
Nifty Bank,29-04-2022,19.53,2.69,0.33,52.5357
Nifty Bank,02-05-2022,19.29,2.69,0.33,51.8901
Nifty Bank,04-05-2022,18.65,2.63,0.34,49.0495
Nifty Bank,05-05-2022,18.64,2.62,0.34,48.8368
Nifty Bank,06-05-2022,18.3,2.58,0.35,47.214
Nifty Bank,09-05-2022,18.13,2.55,0.35,46.2315
Nifty Bank,10-05-2022,18.07,2.57,0.35,46.4399
Nifty Bank,11-05-2022,18.18,2.58,0.34,46.9044
Nifty Bank,12-05-2022,17.57,2.5,0.68,43.925
Nifty Bank,13-05-2022,17.36,2.47,0.69,42.8792
Nifty Bank,16-05-2022,17.64,2.5,0.68,44.1
Nifty Bank,17-05-2022,17.2,2.55,0.67,43.86
Nifty Bank,18-05-2022,17.13,2.54,0.67,43.5102
Nifty Bank,19-05-2022,16.7,2.48,0.69,41.416
Nifty Bank,20-05-2022,17.19,2.55,0.67,43.8345
Nifty Bank,23-05-2022,17.17,2.55,0.67,43.7835
Nifty Bank,24-05-2022,17.19,2.55,0.67,43.8345
Nifty Bank,25-05-2022,17.22,2.56,0.84,44.0832
Nifty Bank,26-05-2022,17.6,2.61,0.82,45.936
Nifty Bank,27-05-2022,17.86,2.65,0.81,47.329
Nifty Bank,30-05-2022,17.96,2.67,0.8,47.9532
Nifty Bank,31-05-2022,17.79,2.64,0.81,46.9656
Nifty Bank,01-06-2022,17.86,2.65,0.81,47.329
Nifty Bank,02-06-2022,17.86,2.65,0.81,47.329
Nifty Bank,03-06-2022,17.69,2.63,0.72,46.5247
Nifty Bank,06-06-2022,17.7,2.63,0.72,46.551
Nifty Bank,07-06-2022,17.55,2.61,0.73,45.8055
Nifty Bank,08-06-2022,17.52,2.6,0.73,45.552
Nifty Bank,09-06-2022,17.59,2.61,0.72,45.9099
Nifty Bank,10-06-2022,17.29,2.57,0.74,44.4353
Nifty Bank,13-06-2022,16.75,2.49,0.76,41.7075
Nifty Bank,14-06-2022,16.7,2.48,0.76,41.416
Nifty Bank,15-06-2022,16.72,2.48,0.76,41.4656
Nifty Bank,16-06-2022,16.35,2.43,0.78,39.7305
Nifty Bank,17-06-2022,16.42,2.44,0.83,40.0648
Nifty Bank,20-06-2022,16.39,2.43,0.83,39.8277
Nifty Bank,21-06-2022,16.64,2.47,0.82,41.1008
Nifty Bank,22-06-2022,16.47,2.45,0.84,40.3515
Nifty Bank,23-06-2022,16.61,2.47,0.84,41.0267
Nifty Bank,24-06-2022,16.86,2.5,0.82,42.15
Nifty Bank,27-06-2022,16.95,2.52,0.82,42.714
Nifty Bank,28-06-2022,16.87,2.51,0.82,42.3437
Nifty Bank,29-06-2022,16.68,2.48,0.7,41.3664
Nifty Bank,30-06-2022,16.65,2.46,0.69,40.959
Nifty Bank,01-07-2022,16.7,2.46,0.67,41.082
Nifty Bank,04-07-2022,16.9,2.49,0.67,42.081
Nifty Bank,05-07-2022,16.84,2.48,0.67,41.7632
Nifty Bank,06-07-2022,17.1,2.52,0.66,43.092
Nifty Bank,07-07-2022,17.39,2.57,0.66,44.6923
Nifty Bank,08-07-2022,17.49,2.45,0.66,42.8505
Nifty Bank,11-07-2022,17.67,2.41,0.65,42.5847
Nifty Bank,12-07-2022,17.5,2.39,0.66,41.825
Nifty Bank,13-07-2022,17.35,2.37,0.67,41.1195
Nifty Bank,14-07-2022,17.26,2.36,0.67,40.7336
Nifty Bank,15-07-2022,17.27,2.36,0.67,40.7572
Nifty Bank,18-07-2022,17.53,2.4,0.66,42.072
Nifty Bank,19-07-2022,17.71,2.43,0.68,43.0353
Nifty Bank,20-07-2022,17.66,2.45,0.68,43.267
Nifty Bank,21-07-2022,17.77,2.46,0.67,43.7142
Nifty Bank,22-07-2022,17.89,2.5,0.66,44.725
Nifty Bank,25-07-2022,17.87,2.5,0.66,44.675
Nifty Bank,26-07-2022,17.56,2.46,0.67,43.1976
Nifty Bank,27-07-2022,17.06,2.49,0.66,42.4794
Nifty Bank,28-07-2022,17.33,2.53,0.65,43.8449
Nifty Bank,29-07-2022,17.39,2.54,0.59,44.1706
Nifty Bank,01-08-2022,17.64,2.56,0.58,45.1584
Nifty Bank,02-08-2022,17.48,2.57,0.58,44.9236
Nifty Bank,03-08-2022,17.47,2.57,0.58,44.8979
Nifty Bank,04-08-2022,17.36,2.55,0.58,44.268
Nifty Bank,05-08-2022,17.43,2.56,0.58,44.6208
Nifty Bank,08-08-2022,17.58,2.59,0.72,45.5322
Nifty Bank,10-08-2022,17.6,2.59,0.72,45.584
Nifty Bank,11-08-2022,17.87,2.57,0.75,45.9259
Nifty Bank,12-08-2022,17.94,2.56,0.75,45.9264
Nifty Bank,16-08-2022,18.03,2.57,0.75,46.3371
Nifty Bank,17-08-2022,18.14,2.58,0.72,46.8012
Nifty Bank,18-08-2022,18.22,2.57,0.71,46.8254
Nifty Bank,19-08-2022,17.92,2.52,0.72,45.1584
Nifty Bank,22-08-2022,17.6,2.48,0.74,43.648
Nifty Bank,23-08-2022,17.78,2.51,0.73,44.6278
Nifty Bank,24-08-2022,17.94,2.53,0.72,45.3882
Nifty Bank,25-08-2022,17.9,2.52,0.73,45.108
Nifty Bank,26-08-2022,17.92,2.52,0.72,45.1584
Nifty Bank,29-08-2022,17.59,2.48,0.74,43.6232
Nifty Bank,30-08-2022,18.2,2.56,0.71,46.592
Nifty Bank,01-09-2022,18.09,2.55,0.72,46.1295
Nifty Bank,02-09-2022,18.14,2.56,0.72,46.4384
Nifty Bank,05-09-2022,18.32,2.58,0.71,47.2656
Nifty Bank,06-09-2022,18.26,2.57,0.71,46.9282
Nifty Bank,07-09-2022,18.16,2.56,0.71,46.4896
Nifty Bank,08-09-2022,18.51,2.61,0.7,48.3111
Nifty Bank,09-09-2022,18.6,2.62,0.7,48.732
Nifty Bank,12-09-2022,18.67,2.63,0.7,49.1021
Nifty Bank,13-09-2022,18.81,2.65,0.69,49.8465
Nifty Bank,14-09-2022,19.06,2.69,0.68,51.2714
Nifty Bank,15-09-2022,18.97,2.67,0.68,50.6499
Nifty Bank,16-09-2022,18.77,2.64,0.69,49.5528
Nifty Bank,19-09-2022,18.83,2.65,0.69,49.8995
Nifty Bank,20-09-2022,19.09,2.69,0.68,51.3521
Nifty Bank,21-09-2022,18.96,2.67,0.68,50.6232
Nifty Bank,22-09-2022,18.7,2.64,0.69,49.368
Nifty Bank,23-09-2022,18.2,2.56,0.71,46.592
Nifty Bank,26-09-2022,17.77,2.5,0.73,44.425
Nifty Bank,27-09-2022,17.65,2.49,0.74,43.9485
Nifty Bank,28-09-2022,17.38,2.45,0.75,42.581
Nifty Bank,29-09-2022,17.33,2.44,0.75,42.2852
Nifty Bank,30-09-2022,17.97,2.55,0.73,45.8235
Nifty Bank,03-10-2022,17.69,2.51,0.74,44.4019
Nifty Bank,04-10-2022,18.19,2.58,0.72,46.9302
Nifty Bank,06-10-2022,18.27,2.59,0.71,47.3193
Nifty Bank,07-10-2022,18.22,2.58,0.72,47.0076
Nifty Bank,10-10-2022,18.18,2.58,0.72,46.9044
Nifty Bank,11-10-2022,18.01,2.55,0.72,45.9255
Nifty Bank,12-10-2022,18.2,2.58,0.72,46.956
Nifty Bank,13-10-2022,17.97,2.55,0.73,45.8235
Nifty Bank,14-10-2022,18.28,2.59,0.71,47.3452
Nifty Bank,17-10-2022,18.57,2.63,0.7,48.8391
Nifty Bank,18-10-2022,18.47,2.66,0.7,49.1302
Nifty Bank,19-10-2022,18.49,2.66,0.7,49.1834
Nifty Bank,20-10-2022,18.21,2.64,0.7,48.0744
Nifty Bank,21-10-2022,18.52,2.69,0.69,49.8188
Nifty Bank,24-10-2022,18.76,2.72,0.68,51.0272
Nifty Bank,25-10-2022,17.98,2.71,0.68,48.7258
Nifty Bank,27-10-2022,18.06,2.72,0.68,49.1232
Nifty Bank,28-10-2022,17.93,2.7,0.68,48.411
Nifty Bank,31-10-2022,18.07,2.72,0.68,49.1504
Nifty Bank,01-11-2022,17.7,2.72,0.68,48.144
Nifty Bank,02-11-2022,17.67,2.71,0.68,47.8857
Nifty Bank,03-11-2022,17.74,2.72,0.68,48.2528
Nifty Bank,04-11-2022,17.72,2.72,0.68,48.1984
Nifty Bank,07-11-2022,17.41,2.75,0.67,47.8775
Nifty Bank,09-11-2022,17.45,2.76,0.67,48.162
Nifty Bank,10-11-2022,17.38,2.74,0.67,47.6212
Nifty Bank,11-11-2022,17.6,2.78,0.67,48.928
Nifty Bank,14-11-2022,17.57,2.77,0.67,48.6689
Nifty Bank,15-11-2022,17.7,2.79,0.66,49.383
Nifty Bank,16-11-2022,17.77,2.81,0.66,49.9337
Nifty Bank,17-11-2022,17.73,2.8,0.66,49.644
Nifty Bank,18-11-2022,17.72,2.8,0.66,49.616
Nifty Bank,21-11-2022,17.69,2.79,0.66,49.3551
Nifty Bank,22-11-2022,17.73,2.8,0.66,49.644
Nifty Bank,23-11-2022,17.85,2.82,0.66,50.337
Nifty Bank,24-11-2022,17.99,2.84,0.65,51.0916
Nifty Bank,25-11-2022,17.95,2.83,0.65,50.7985
Nifty Bank,28-11-2022,17.97,2.84,0.65,51.0348
Nifty Bank,29-11-2022,17.98,2.84,0.65,51.0632
Nifty Bank,30-11-2022,18.06,2.85,0.65,51.471
Nifty Bank,01-12-2022,18.07,2.85,0.65,51.4995
Nifty Bank,02-12-2022,18,2.84,0.65,51.12
Nifty Bank,05-12-2022,18.1,2.86,0.65,51.766
Nifty Bank,06-12-2022,18.02,2.84,0.65,51.1768
Nifty Bank,07-12-2022,18,2.84,0.65,51.12
Nifty Bank,08-12-2022,18.21,2.88,0.64,52.4448
Nifty Bank,09-12-2022,18.22,2.88,0.64,52.4736
Nifty Bank,12-12-2022,18.26,2.88,0.64,52.5888
Nifty Bank,13-12-2022,18.35,2.9,0.64,53.215
Nifty Bank,14-12-2022,18.4,2.91,0.64,53.544
Nifty Bank,15-12-2022,18.17,2.87,0.65,52.1479
Nifty Bank,16-12-2022,18.05,2.85,0.65,51.4425
Nifty Bank,19-12-2022,18.13,2.86,0.65,51.8518
Nifty Bank,20-12-2022,18.11,2.86,0.65,51.7946
Nifty Bank,21-12-2022,17.8,2.81,0.66,50.018
Nifty Bank,22-12-2022,17.71,2.8,0.66,49.588
Nifty Bank,23-12-2022,17.4,2.75,0.67,47.85
Nifty Bank,26-12-2022,17.8,2.81,0.66,50.018
Nifty Bank,27-12-2022,17.9,2.83,0.65,50.657
Nifty Bank,28-12-2022,17.89,2.82,0.66,50.4498
Nifty Bank,29-12-2022,18.06,2.85,0.65,51.471
Nifty Bank,30-12-2022,18.08,2.83,0.66,51.1664
Nifty Bank,02-01-2023,18.17,2.85,0.66,51.7845
Nifty Bank,03-01-2023,18.27,2.86,0.66,52.2522
Nifty Bank,04-01-2023,18.07,2.83,0.66,51.1381
Nifty Bank,05-01-2023,17.92,2.81,0.67,50.3552
Nifty Bank,06-01-2023,17.75,2.78,0.68,49.345
Nifty Bank,09-01-2023,17.91,2.81,0.67,50.3271
Nifty Bank,10-01-2023,17.67,2.77,0.68,48.9459
Nifty Bank,11-01-2023,17.76,2.78,0.67,49.3728
Nifty Bank,12-01-2023,17.7,2.77,0.68,49.029
Nifty Bank,13-01-2023,17.82,2.79,0.67,49.7178
Nifty Bank,16-01-2023,17.53,2.78,0.68,48.7334
Nifty Bank,17-01-2023,17.48,2.78,0.67,48.5944
Nifty Bank,18-01-2023,17.58,2.8,0.67,49.224
Nifty Bank,19-01-2023,17.37,2.79,0.67,48.4623
Nifty Bank,20-01-2023,17.43,2.8,0.67,48.804
Nifty Bank,23-01-2023,17.28,2.82,0.67,48.7296
Nifty Bank,24-01-2023,17.01,2.82,0.67,47.9682
Nifty Bank,25-01-2023,16.58,2.75,0.68,45.595
Nifty Bank,27-01-2023,16.06,2.66,0.71,42.7196
Nifty Bank,30-01-2023,16.08,2.66,0.71,42.7728
Nifty Bank,31-01-2023,16.21,2.68,0.7,43.4428
Nifty Bank,01-02-2023,16.16,2.67,0.7,43.1472
Nifty Bank,02-02-2023,16.22,2.68,0.7,43.4696
Nifty Bank,03-02-2023,16.55,2.74,0.69,45.347
Nifty Bank,06-02-2023,16.5,2.73,0.69,45.045
Nifty Bank,07-02-2023,16.09,2.73,0.69,43.9257
Nifty Bank,08-02-2023,16.11,2.74,0.69,44.1414
Nifty Bank,09-02-2023,16.12,2.74,0.69,44.1688
Nifty Bank,10-02-2023,16.12,2.74,0.69,44.1688
Nifty Bank,13-02-2023,16.01,2.72,0.69,43.5472
Nifty Bank,14-02-2023,16.15,2.75,0.68,44.4125
Nifty Bank,15-02-2023,16.18,2.75,0.68,44.495
Nifty Bank,16-02-2023,16.15,2.74,0.68,44.251
Nifty Bank,17-02-2023,15.95,2.71,0.69,43.2245
Nifty Bank,20-02-2023,15.79,2.68,0.7,42.3172
Nifty Bank,21-02-2023,15.77,2.68,0.7,42.2636
Nifty Bank,22-02-2023,15.51,2.64,0.71,40.9464
Nifty Bank,23-02-2023,15.51,2.64,0.71,40.9464
Nifty Bank,24-02-2023,15.48,2.63,0.71,40.7124
Nifty Bank,27-02-2023,15.63,2.66,0.71,41.5758
Nifty Bank,28-02-2023,15.62,2.65,0.71,41.393
Nifty Bank,01-03-2023,15.78,2.68,0.7,42.2904
Nifty Bank,02-03-2023,15.66,2.66,0.71,41.6556
Nifty Bank,03-03-2023,16,2.72,0.69,43.52
Nifty Bank,06-03-2023,16.04,2.73,0.69,43.7892
Nifty Bank,08-03-2023,16.12,2.74,0.69,44.1688
Nifty Bank,09-03-2023,16,2.72,0.69,43.52
Nifty Bank,10-03-2023,15.7,2.67,0.7,41.919
Nifty Bank,13-03-2023,15.34,2.61,0.72,40.0374
Nifty Bank,14-03-2023,15.28,2.6,0.72,39.728
Nifty Bank,15-03-2023,15.15,2.57,0.73,38.9355
Nifty Bank,16-03-2023,15.18,2.58,0.73,39.1644
Nifty Bank,17-03-2023,15.36,2.61,0.72,40.0896
Nifty Bank,20-03-2023,15.27,2.59,0.72,39.5493
Nifty Bank,21-03-2023,15.47,2.63,0.71,40.6861
Nifty Bank,22-03-2023,15.51,2.64,0.71,40.9464
Nifty Bank,23-03-2023,15.36,2.61,0.72,40.0896
Nifty Bank,24-03-2023,15.28,2.6,0.72,39.728
Nifty Bank,27-03-2023,15.29,2.6,0.72,39.754
Nifty Bank,28-03-2023,15.35,2.61,0.72,40.0635
Nifty Bank,29-03-2023,15.48,2.63,0.71,40.7124
Nifty Bank,31-03-2023,15.56,2.63,0.71,40.9228
Nifty Bank,03-04-2023,15.64,2.65,0.7,41.446
Nifty Bank,05-04-2023,15.71,2.66,0.7,41.7886
Nifty Bank,06-04-2023,15.73,2.66,0.7,41.8418
Nifty Bank,10-04-2023,15.65,2.65,0.7,41.4725
Nifty Bank,11-04-2023,15.85,2.68,0.69,42.478
Nifty Bank,12-04-2023,15.93,2.69,0.69,42.8517
Nifty Bank,13-04-2023,16.15,2.73,0.68,44.0895
Nifty Bank,17-04-2023,16.2,2.74,0.68,44.388
Nifty Bank,18-04-2023,16.03,2.74,0.68,43.9222
Nifty Bank,19-04-2023,15.99,2.73,0.68,43.6527
Nifty Bank,20-04-2023,16.03,2.74,0.68,43.9222
Nifty Bank,21-04-2023,15.98,2.73,0.68,43.6254
Nifty Bank,24-04-2023,16.17,2.76,0.67,44.6292
Nifty Bank,25-04-2023,15.98,2.77,0.67,44.2646
Nifty Bank,26-04-2023,15.92,2.78,0.67,44.2576
Nifty Bank,27-04-2023,15.97,2.79,0.67,44.5563
Nifty Bank,28-04-2023,16.07,2.81,0.66,45.1567
Nifty Bank,02-05-2023,16.12,2.81,0.66,45.2972
Nifty Bank,03-05-2023,16.96,2.81,0.66,47.6576
Nifty Bank,04-05-2023,17.11,2.84,0.66,48.5924
Nifty Bank,05-05-2023,16.71,2.77,0.67,46.2867
Nifty Bank,08-05-2023,16.95,2.81,0.66,47.6295
Nifty Bank,09-05-2023,16.83,2.8,0.66,47.124
Nifty Bank,10-05-2023,16.88,2.81,0.66,47.4328
Nifty Bank,11-05-2023,16.94,2.82,0.66,47.7708
Nifty Bank,12-05-2023,17.06,2.84,0.41,48.4504
Nifty Bank,15-05-2023,17.17,2.86,0.41,49.1062
Nifty Bank,16-05-2023,17.11,2.85,0.71,48.7635
Nifty Bank,17-05-2023,17.03,2.84,0.71,48.3652
Nifty Bank,18-05-2023,16.77,2.84,0.71,47.6268
Nifty Bank,19-05-2023,16.86,2.85,0.71,48.051
Nifty Bank,22-05-2023,16.35,2.85,0.71,46.5975
Nifty Bank,23-05-2023,16.4,2.85,0.71,46.74
Nifty Bank,24-05-2023,16.29,2.84,0.71,46.2636
Nifty Bank,25-05-2023,16.3,2.84,0.59,46.292
Nifty Bank,26-05-2023,16.42,2.86,0.58,46.9612
Nifty Bank,29-05-2023,16.53,2.88,0.58,47.6064
Nifty Bank,30-05-2023,16.58,2.88,0.58,47.7504
Nifty Bank,31-05-2023,16.46,2.86,0.78,47.0756
Nifty Bank,01-06-2023,16.34,2.84,0.79,46.4056
Nifty Bank,02-06-2023,16.39,2.85,0.86,46.7115
Nifty Bank,05-06-2023,16.45,2.86,0.86,47.047
Nifty Bank,06-06-2023,16.48,2.87,0.86,47.2976
Nifty Bank,07-06-2023,16.52,2.87,0.85,47.4124
Nifty Bank,08-06-2023,16.41,2.86,0.86,46.9326
Nifty Bank,09-06-2023,16.41,2.86,0.86,46.9326
Nifty Bank,12-06-2023,16.39,2.85,0.86,46.7115
Nifty Bank,13-06-2023,16.44,2.86,0.86,47.0184
Nifty Bank,14-06-2023,16.41,2.86,0.86,46.9326
Nifty Bank,15-06-2023,16.21,2.82,0.87,45.7122
Nifty Bank,16-06-2023,16.39,2.85,0.86,46.7115
Nifty Bank,19-06-2023,16.28,2.83,0.82,46.0724
Nifty Bank,20-06-2023,16.33,2.84,0.82,46.3772
Nifty Bank,21-06-2023,16.36,2.85,0.82,46.626
Nifty Bank,22-06-2023,16.31,2.84,0.8,46.3204
Nifty Bank,23-06-2023,16.27,2.83,0.82,46.0441
Nifty Bank,26-06-2023,16.28,2.83,0.82,46.0724
Nifty Bank,27-06-2023,16.46,2.86,0.81,47.0756
Nifty Bank,28-06-2023,16.54,2.88,0.81,47.6352
Nifty Bank,30-06-2023,16.81,2.96,0.88,49.7576
Nifty Bank,03-07-2023,16.97,2.99,0.87,50.7403
Nifty Bank,04-07-2023,17.02,3,0.87,51.06
Nifty Bank,05-07-2023,16.97,2.99,0.87,50.7403
Nifty Bank,06-07-2023,17.04,3,0.87,51.12
Nifty Bank,07-07-2023,16.88,2.97,0.87,50.1336
Nifty Bank,10-07-2023,16.86,2.97,0.87,50.0742
Nifty Bank,11-07-2023,16.81,2.96,0.88,49.7576
Nifty Bank,12-07-2023,16.77,2.95,0.88,49.4715
Nifty Bank,13-07-2023,18.01,3.14,0.8,56.5514
Nifty Bank,14-07-2023,18.08,3.15,0.8,56.952
Nifty Bank,17-07-2023,18.27,3.19,0.79,58.2813
Nifty Bank,18-07-2023,18.27,3.19,0.79,58.2813
Nifty Bank,19-07-2023,18.16,3.21,0.76,58.2936
Nifty Bank,20-07-2023,18.27,3.24,0.75,59.1948
Nifty Bank,21-07-2023,18.23,3.24,0.75,59.0652
Nifty Bank,24-07-2023,18.16,3.23,0.76,58.6568
Nifty Bank,25-07-2023,17.64,3.18,0.76,56.0952
Nifty Bank,26-07-2023,17.72,3.19,0.75,56.5268
Nifty Bank,27-07-2023,17.57,3.17,0.76,55.6969
Nifty Bank,28-07-2023,17.26,3.15,0.76,54.369
Nifty Bank,31-07-2023,17.37,3.17,0.76,55.0629
Nifty Bank,01-08-2023,17.35,3.17,0.76,54.9995
Nifty Bank,02-08-2023,17.1,3.05,0.77,52.155
Nifty Bank,03-08-2023,16.91,3.02,0.78,51.0682
Nifty Bank,04-08-2023,17.05,3.04,0.78,51.832
Nifty Bank,07-08-2023,17.04,3.04,0.78,51.8016
Nifty Bank,08-08-2023,16.89,3.05,0.65,51.5145
Nifty Bank,09-08-2023,16.86,3.04,0.85,51.2544
Nifty Bank,10-08-2023,16.73,3.02,0.86,50.5246
Nifty Bank,11-08-2023,16.6,3,0.84,49.8
Nifty Bank,14-08-2023,16.56,2.99,0.85,49.5144
Nifty Bank,16-08-2023,16.51,2.95,0.85,48.7045
Nifty Bank,17-08-2023,16.49,2.95,0.85,48.6455
Nifty Bank,18-08-2023,16.47,2.94,0.85,48.4218
Nifty Bank,21-08-2023,16.53,2.95,0.85,48.7635
Nifty Bank,22-08-2023,15.97,2.86,0.85,45.6742
Nifty Bank,23-08-2023,16.15,2.89,0.84,46.6735
Nifty Bank,24-08-2023,16.15,2.79,0.84,45.0585
Nifty Bank,25-08-2023,16.06,2.77,0.84,44.4862
Nifty Bank,28-08-2023,16.15,2.78,0.84,44.897
Nifty Bank,29-08-2023,16.15,2.75,0.84,44.4125
Nifty Bank,30-08-2023,16.06,2.73,0.84,43.8438
Nifty Bank,31-08-2023,15.97,2.72,0.85,43.4384
Nifty Bank,01-09-2023,16.13,2.74,0.84,44.1962
Nifty Bank,04-09-2023,16.18,2.75,0.84,44.495
Nifty Bank,05-09-2023,16.17,2.75,0.84,44.4675
Nifty Bank,06-09-2023,16.12,2.74,0.84,44.1688
Nifty Bank,07-09-2023,16.29,2.77,0.83,45.1233
Nifty Bank,08-09-2023,16.39,2.79,0.83,45.7281
Nifty Bank,11-09-2023,16.54,2.81,0.82,46.4774
Nifty Bank,12-09-2023,16.52,2.81,0.82,46.4212
Nifty Bank,13-09-2023,16.67,2.83,0.81,47.1761
Nifty Bank,14-09-2023,16.7,2.84,0.81,47.428
Nifty Bank,15-09-2023,16.78,2.82,0.81,47.3196
Nifty Bank,18-09-2023,16.69,2.8,0.81,46.732
Nifty Bank,20-09-2023,16.48,2.77,0.82,45.6496
Nifty Bank,21-09-2023,16.2,2.72,0.84,44.064
Nifty Bank,22-09-2023,16.2,2.72,0.84,44.064
Nifty Bank,25-09-2023,16.25,2.73,0.83,44.3625
Nifty Bank,26-09-2023,16.2,2.72,0.84,44.064
Nifty Bank,27-09-2023,16.19,2.72,0.84,44.0368
Nifty Bank,28-09-2023,16.08,2.7,0.84,43.416
Nifty Bank,29-09-2023,16.39,2.6,0.83,42.614
Nifty Bank,03-10-2023,16.33,2.58,0.84,42.1314
Nifty Bank,04-10-2023,16.17,2.56,0.84,41.3952
Nifty Bank,05-10-2023,16.26,2.57,0.84,41.7882
Nifty Bank,06-10-2023,16.31,2.58,0.84,42.0798
Nifty Bank,09-10-2023,16.14,2.55,0.85,41.157
Nifty Bank,10-10-2023,16.31,2.58,0.84,42.0798
Nifty Bank,11-10-2023,16.37,2.59,0.83,42.3983
Nifty Bank,12-10-2023,16.4,2.6,0.83,42.64
Nifty Bank,13-10-2023,16.28,2.58,0.84,42.0024
Nifty Bank,16-10-2023,16.26,2.57,0.84,41.7882
Nifty Bank,17-10-2023,16.33,2.58,0.84,42.1314
Nifty Bank,18-10-2023,15.7,2.55,0.85,40.035
Nifty Bank,19-10-2023,15.55,2.55,0.85,39.6525
Nifty Bank,20-10-2023,15.54,2.54,0.85,39.4716
Nifty Bank,23-10-2023,15.34,2.51,0.86,38.5034
Nifty Bank,25-10-2023,14.92,2.49,0.87,37.1508
Nifty Bank,26-10-2023,14.73,2.46,0.88,36.2358
Nifty Bank,27-10-2023,14.86,2.49,0.87,37.0014
Nifty Bank,30-10-2023,14.89,2.51,0.86,37.3739
Nifty Bank,31-10-2023,14.8,2.49,0.87,36.852
Nifty Bank,01-11-2023,14.75,2.49,0.87,36.7275
Nifty Bank,02-11-2023,14.86,2.5,0.86,37.15
Nifty Bank,03-11-2023,14.97,2.56,0.86,38.3232
Nifty Bank,06-11-2023,15.07,2.57,0.85,38.7299
Nifty Bank,07-11-2023,15,2.58,0.85,38.7
Nifty Bank,08-11-2023,14.97,2.58,0.85,38.6226
Nifty Bank,09-11-2023,14.98,2.58,0.85,38.6484
Nifty Bank,10-11-2023,15.03,2.59,0.85,38.9277
Nifty Bank,12-11-2023,15.09,2.6,0.84,39.234
Nifty Bank,13-11-2023,15.05,2.59,0.85,38.9795
Nifty Bank,15-11-2023,15.16,2.61,0.84,39.5676
Nifty Bank,16-11-2023,15.14,2.61,0.84,39.5154
Nifty Bank,17-11-2023,14.94,2.57,0.85,38.3958
Nifty Bank,20-11-2023,14.94,2.57,0.85,38.3958
Nifty Bank,21-11-2023,14.98,2.58,0.85,38.6484
Nifty Bank,22-11-2023,14.9,2.56,0.85,38.144
Nifty Bank,23-11-2023,14.94,2.57,0.85,38.3958
Nifty Bank,24-11-2023,15.01,2.58,0.85,38.7258
Nifty Bank,28-11-2023,15.05,2.59,0.85,38.9795
Nifty Bank,29-11-2023,15.28,2.63,0.83,40.1864
Nifty Bank,30-11-2023,15.25,2.63,0.83,40.1075
Nifty Bank,01-12-2023,15.37,2.65,0.83,40.7305
Nifty Bank,04-12-2023,15.92,2.74,0.8,43.6208
Nifty Bank,05-12-2023,16.12,2.77,0.79,44.6524
Nifty Bank,06-12-2023,16.06,2.76,0.79,44.3256
Nifty Bank,07-12-2023,16.06,2.76,0.79,44.3256
Nifty Bank,08-12-2023,16.21,2.79,0.79,45.2259
Nifty Bank,11-12-2023,16.22,2.79,0.78,45.2538
Nifty Bank,12-12-2023,16.15,2.78,0.79,44.897
Nifty Bank,13-12-2023,16.15,2.78,0.79,44.897
Nifty Bank,14-12-2023,16.37,2.82,0.78,46.1634
Nifty Bank,15-12-2023,16.51,2.84,0.77,46.8884
Nifty Bank,18-12-2023,16.41,2.83,0.78,46.4403
Nifty Bank,19-12-2023,16.41,2.83,0.78,46.4403
Nifty Bank,20-12-2023,16.27,2.8,0.78,45.556
Nifty Bank,21-12-2023,16.4,2.82,0.78,46.248
Nifty Bank,22-12-2023,16.28,2.8,0.78,45.584
Nifty Bank,26-12-2023,16.36,2.82,0.78,46.1352
Nifty Bank,27-12-2023,16.56,2.85,0.77,47.196
Nifty Bank,28-12-2023,16.63,2.86,0.77,47.5618
Nifty Bank,29-12-2023,16.6,2.86,0.76,47.476
Nifty Bank,01-01-2024,16.58,2.85,0.77,47.253
Nifty Bank,02-01-2024,16.42,2.82,0.77,46.3044
Nifty Bank,03-01-2024,16.4,2.82,0.77,46.248
Nifty Bank,04-01-2024,16.57,2.85,0.77,47.2245
Nifty Bank,05-01-2024,16.56,2.85,0.77,47.196
Nifty Bank,08-01-2024,16.31,2.81,0.78,45.8311
Nifty Bank,09-01-2024,16.24,2.79,0.78,45.3096
Nifty Bank,10-01-2024,16.28,2.8,0.78,45.584
Nifty Bank,11-01-2024,16.31,2.81,0.78,45.8311
Nifty Bank,12-01-2024,16.4,2.82,0.77,46.248
Nifty Bank,15-01-2024,16.56,2.85,0.77,47.196
Nifty Bank,16-01-2024,16.54,2.85,0.77,47.139
Nifty Bank,17-01-2024,15.84,2.72,0.8,43.0848
Nifty Bank,18-01-2024,15.4,2.7,0.81,41.58
Nifty Bank,19-01-2024,15.39,2.7,0.81,41.553
Nifty Bank,20-01-2024,15.47,2.72,0.8,42.0784
Nifty Bank,23-01-2024,15.12,2.66,0.82,40.2192
Nifty Bank,24-01-2024,14.93,2.67,0.82,39.8631
Nifty Bank,25-01-2024,14.84,2.65,0.82,39.326
Nifty Bank,29-01-2024,15.03,2.69,0.81,40.4307
Nifty Bank,30-01-2024,14.94,2.68,0.81,40.0392
Nifty Bank,31-01-2024,15.15,2.72,0.8,41.208
Nifty Bank,01-02-2024,15.21,2.73,0.8,41.5233
Nifty Bank,02-02-2024,15.11,2.72,0.8,41.0992
Nifty Bank,05-02-2024,15.07,2.71,0.81,40.8397
Nifty Bank,06-02-2024,15.2,2.7,0.81,41.04
Nifty Bank,07-02-2024,15.24,2.71,0.81,41.3004
Nifty Bank,08-02-2024,14.97,2.66,0.82,39.8202
Nifty Bank,09-02-2024,15.18,2.7,0.81,40.986
Nifty Bank,12-02-2024,14.93,2.65,0.82,39.5645
Nifty Bank,13-02-2024,15.11,2.69,0.81,40.6459
Nifty Bank,14-02-2024,15.24,2.71,0.8,41.3004
Nifty Bank,15-02-2024,15.34,2.73,0.8,41.8782
Nifty Bank,16-02-2024,15.4,2.74,0.8,42.196
Nifty Bank,19-02-2024,15.45,2.75,0.79,42.4875
Nifty Bank,20-02-2024,15.63,2.78,0.78,43.4514
Nifty Bank,21-02-2024,15.61,2.78,0.79,43.3958
Nifty Bank,22-02-2024,15.58,2.77,0.79,43.1566
Nifty Bank,23-02-2024,15.54,2.77,0.79,43.0458
Nifty Bank,26-02-2024,15.46,2.75,0.79,42.515
Nifty Bank,27-02-2024,15.47,2.75,0.79,42.5425
Nifty Bank,28-02-2024,15.26,2.72,0.8,41.5072
Nifty Bank,29-02-2024,15.31,2.73,0.8,41.7963
Nifty Bank,01-03-2024,15.7,2.8,0.78,43.96
Nifty Bank,02-03-2024,15.7,2.8,0.78,43.96
Nifty Bank,04-03-2024,15.75,2.81,0.78,44.2575
Nifty Bank,05-03-2024,15.8,2.81,0.78,44.398
Nifty Bank,06-03-2024,15.92,2.84,0.77,45.2128
Nifty Bank,07-03-2024,15.88,2.83,0.77,44.9404
Nifty Bank,11-03-2024,15.71,2.8,0.78,43.988
Nifty Bank,12-03-2024,15.7,2.8,0.78,43.96
Nifty Bank,13-03-2024,15.6,2.78,0.79,43.368
Nifty Bank,14-03-2024,15.53,2.77,0.79,43.0181
Nifty Bank,15-03-2024,15.47,2.76,0.79,42.6972
Nifty Bank,18-03-2024,15.46,2.75,0.79,42.515
Nifty Bank,19-03-2024,15.4,2.74,0.8,42.196
Nifty Bank,20-03-2024,15.37,2.74,0.8,42.1138
Nifty Bank,21-03-2024,15.5,2.76,0.79,42.78
Nifty Bank,22-03-2024,15.56,2.77,0.79,43.1012
Nifty Bank,26-03-2024,15.47,2.76,0.79,42.6972
Nifty Bank,27-03-2024,15.53,2.77,0.79,43.0181
Nifty Bank,28-03-2024,15.84,2.82,0.78,44.6688
Nifty Bank,01-04-2024,15.99,2.85,0.77,45.5715
Nifty Bank,02-04-2024,15.98,2.85,0.77,45.543
Nifty Bank,03-04-2024,16,2.85,0.77,45.6
Nifty Bank,04-04-2024,16.15,2.88,0.76,46.512
Nifty Bank,05-04-2024,16.3,2.91,0.75,47.433
Nifty Bank,08-04-2024,16.33,2.91,0.75,47.5203
Nifty Bank,09-04-2024,16.38,2.92,0.75,47.8296
Nifty Bank,10-04-2024,16.46,2.94,0.75,48.3924
Nifty Bank,12-04-2024,16.32,2.86,0.75,46.6752
Nifty Bank,15-04-2024,16.05,2.81,0.77,45.1005
Nifty Bank,16-04-2024,15.96,2.79,0.77,44.5284
Nifty Bank,18-04-2024,15.82,2.77,0.78,43.8214
Nifty Bank,19-04-2024,15.99,2.8,0.77,44.772
Nifty Bank,22-04-2024,16.11,2.82,0.76,45.4302
Nifty Bank,23-04-2024,15.77,2.82,0.76,44.4714
Nifty Bank,24-04-2024,15.84,2.83,0.76,44.8272
Nifty Bank,25-04-2024,15.94,2.85,0.75,45.429
Nifty Bank,26-04-2024,14.99,2.84,0.76,42.5716
Nifty Bank,29-04-2024,15.33,2.91,0.74,44.6103
Nifty Bank,30-04-2024,15.2,2.91,0.74,44.232
Nifty Bank,02-05-2024,15.15,2.9,0.74,43.935
Nifty Bank,03-05-2024,15.09,2.89,0.75,43.6101
Nifty Bank,06-05-2024,15.08,2.88,0.75,43.4304
Nifty Bank,07-05-2024,14.85,2.85,0.76,42.3225
Nifty Bank,08-05-2024,14.77,2.83,0.76,41.7991
Nifty Bank,09-05-2024,14.6,2.8,0.77,40.88
Nifty Bank,10-05-2024,14.58,2.8,1.16,40.824
Nifty Bank,13-05-2024,14.53,2.82,1.15,40.9746
Nifty Bank,14-05-2024,14.57,2.82,1.15,41.0874
Nifty Bank,15-05-2024,14.52,2.81,1.15,40.8012
Nifty Bank,16-05-2024,14.61,2.83,0.87,41.3463
Nifty Bank,17-05-2024,14.65,2.84,0.87,41.606
Nifty Bank,18-05-2024,14.67,2.84,0.87,41.6628
Nifty Bank,21-05-2024,14.63,2.83,0.87,41.4029
Nifty Bank,22-05-2024,14.6,2.82,1.04,41.172
Nifty Bank,23-05-2024,14.9,2.88,1.02,42.912
Nifty Bank,24-05-2024,14.96,2.89,1.01,43.2344
Nifty Bank,27-05-2024,15.06,2.91,1,43.8246
Nifty Bank,28-05-2024,15.02,2.9,1.01,43.558
Nifty Bank,29-05-2024,14.82,2.86,1.02,42.3852
Nifty Bank,30-05-2024,14.88,2.87,1.02,42.7056
Nifty Bank,31-05-2024,14.97,2.89,0.88,43.2633
Nifty Bank,03-06-2024,15.58,3.01,0.79,46.8958
Nifty Bank,04-06-2024,14.34,2.77,0.86,39.7218
Nifty Bank,05-06-2024,14.99,2.89,0.82,43.3211
Nifty Bank,06-06-2024,15.06,2.91,0.81,43.8246
Nifty Bank,07-06-2024,15.22,2.94,0.81,44.7468
Nifty Bank,10-06-2024,15.21,2.94,0.81,44.7174
Nifty Bank,11-06-2024,15.19,2.93,0.81,44.5067
Nifty Bank,12-06-2024,15.25,2.94,0.8,44.835
Nifty Bank,13-06-2024,15.23,2.88,0.81,43.8624
Nifty Bank,14-06-2024,15.28,2.89,0.8,44.1592
Nifty Bank,18-06-2024,15.41,2.91,0.8,44.8431
Nifty Bank,19-06-2024,15.71,2.97,0.78,46.6587
Nifty Bank,20-06-2024,15.82,2.99,0.78,47.3018
Nifty Bank,21-06-2024,15.79,2.98,0.8,47.0542
Nifty Bank,24-06-2024,15.8,2.98,0.79,47.084
Nifty Bank,25-06-2024,16.07,3.04,0.78,48.8528
Nifty Bank,26-06-2024,16.16,3.05,0.77,49.288
Nifty Bank,27-06-2024,16.14,3.05,0.78,49.227
Nifty Bank,28-06-2024,15.97,3.01,0.91,48.0697
Nifty Bank,01-07-2024,16.04,3.02,0.85,48.4408
Nifty Bank,02-07-2024,15.92,3,0.86,47.76
Nifty Bank,03-07-2024,16.2,3.05,0.84,49.41
Nifty Bank,04-07-2024,16.21,3.05,0.84,49.4405
Nifty Bank,05-07-2024,16.07,3.02,0.85,48.5314
Nifty Bank,08-07-2024,16,3.01,0.85,48.16
Nifty Bank,09-07-2024,16.04,3.02,0.84,48.4408
Nifty Bank,10-07-2024,15.93,3,0.85,47.79
Nifty Bank,11-07-2024,15.95,3,0.85,47.85
Nifty Bank,12-07-2024,15.95,3,0.86,47.85
Nifty Bank,15-07-2024,16.01,2.91,0.85,46.5891
Nifty Bank,16-07-2024,15.99,2.91,0.85,46.5309
Nifty Bank,18-07-2024,16.06,2.92,0.85,46.8952
Nifty Bank,19-07-2024,15.95,2.9,0.87,46.255
Nifty Bank,22-07-2024,15.95,2.9,0.87,46.255
Nifty Bank,23-07-2024,15.31,2.88,0.88,44.0928
Nifty Bank,24-07-2024,15.18,2.85,0.88,43.263
Nifty Bank,25-07-2024,15.05,2.83,0.89,42.5915
Nifty Bank,26-07-2024,15.13,2.85,0.88,43.1205
Nifty Bank,29-07-2024,15.15,2.85,0.88,43.1775
Nifty Bank,30-07-2024,14.97,2.86,0.88,42.8142
Nifty Bank,31-07-2024,15.01,2.86,0.88,42.9286
Nifty Bank,01-08-2024,15.01,2.87,0.88,43.0787
Nifty Bank,02-08-2024,14.93,2.85,0.88,42.5505
Nifty Bank,05-08-2024,14.57,2.78,0.89,40.5046
Nifty Bank,06-08-2024,14.44,2.76,0.9,39.8544
Nifty Bank,07-08-2024,14.55,2.79,0.89,40.5945
Nifty Bank,08-08-2024,14.56,2.79,0.89,40.6224
Nifty Bank,09-08-2024,14.65,2.81,0.73,41.1665
Nifty Bank,12-08-2024,14.68,2.81,0.91,41.2508
Nifty Bank,13-08-2024,14.46,2.77,0.93,40.0542
Nifty Bank,14-08-2024,14.43,2.76,0.93,39.8268
Nifty Bank,16-08-2024,14.66,2.81,0.91,41.1946
Nifty Bank,19-08-2024,14.62,2.8,0.92,40.936
Nifty Bank,20-08-2024,14.74,2.82,0.91,41.5668
Nifty Bank,21-08-2024,14.71,2.82,0.91,41.4822
Nifty Bank,22-08-2024,14.8,2.83,0.91,41.884
Nifty Bank,23-08-2024,14.78,2.83,0.92,41.8274
Nifty Bank,26-08-2024,14.84,2.84,0.92,42.1456
Nifty Bank,27-08-2024,14.88,2.85,0.92,42.408
Nifty Bank,28-08-2024,14.84,2.84,0.92,42.1456
Nifty Bank,29-08-2024,14.85,2.84,0.92,42.174
Nifty Bank,30-08-2024,14.9,2.85,0.92,42.465
Nifty Bank,02-09-2024,14.93,2.86,0.91,42.6998
Nifty Bank,03-09-2024,15,2.87,0.91,43.05
Nifty Bank,04-09-2024,14.92,2.86,0.92,42.6712
Nifty Bank,05-09-2024,14.94,2.86,0.91,42.7284
Nifty Bank,06-09-2024,14.68,2.81,0.93,41.2508
Nifty Bank,09-09-2024,14.84,2.84,0.92,42.1456
Nifty Bank,10-09-2024,14.88,2.74,0.92,40.7712
Nifty Bank,11-09-2024,14.8,2.69,0.92,39.812
Nifty Bank,12-09-2024,15.02,2.7,0.91,40.554
Nifty Bank,13-09-2024,15.07,2.7,0.91,40.689
Nifty Bank,16-09-2024,15.14,2.71,0.9,41.0294
Nifty Bank,17-09-2024,15.15,2.7,0.9,40.905
Nifty Bank,18-09-2024,15.31,2.73,0.89,41.7963
Nifty Bank,19-09-2024,15.39,2.74,0.89,42.1686
Nifty Bank,20-09-2024,15.61,2.75,0.87,42.9275
Nifty Bank,23-09-2024,15.7,2.5,0.87,39.25
Nifty Bank,24-09-2024,15.66,2.49,0.87,38.9934
Nifty Bank,25-09-2024,15.7,2.5,0.87,39.25
Nifty Bank,26-09-2024,15.78,2.51,0.87,39.6078
Nifty Bank,27-09-2024,15.62,2.49,0.87,38.8938
Nifty Bank,30-09-2024,14.84,2.39,0.95,35.4676
Nifty Bank,01-10-2024,14.83,2.38,0.95,35.2954
Nifty Bank,03-10-2024,14.53,2.33,0.97,33.8549
Nifty Bank,04-10-2024,14.42,2.32,0.97,33.4544
Nifty Bank,07-10-2024,14.14,2.27,0.99,32.0978
Nifty Bank,08-10-2024,14.3,2.3,0.98,32.89
Nifty Bank,09-10-2024,14.29,2.3,0.98,32.867
Nifty Bank,10-10-2024,14.46,2.31,0.96,33.4026
Nifty Bank,11-10-2024,14.36,2.29,0.97,32.8844
Nifty Bank,14-10-2024,14.54,2.32,0.96,33.7328
Nifty Bank,15-10-2024,14.57,2.33,0.96,33.9481
Nifty Bank,16-10-2024,14.54,2.32,0.96,33.7328
Nifty Bank,17-10-2024,14.4,2.3,0.97,33.12
Nifty Bank,18-10-2024,14.62,2.34,0.95,34.2108
Nifty Bank,21-10-2024,14.52,2.33,0.96,33.8316
Nifty Bank,22-10-2024,14.24,2.3,0.97,32.752
Nifty Bank,23-10-2024,14.23,2.3,0.97,32.729
Nifty Bank,24-10-2024,14.31,2.31,0.96,33.0561
Nifty Bank,25-10-2024,14.09,2.28,0.98,32.1252
Nifty Bank,28-10-2024,14.31,2.3,0.97,32.913
Nifty Bank,29-10-2024,14.67,2.35,0.95,34.4745
Nifty Bank,30-10-2024,14.53,2.32,0.96,33.7096
Nifty Bank,31-10-2024,14.14,2.31,0.96,32.6634
Nifty Bank,01-11-2024,14.2,2.32,0.96,32.944
Nifty Bank,04-11-2024,14.05,2.3,0.97,32.315
Nifty Bank,05-11-2024,14.33,2.34,0.95,33.5322
Nifty Bank,06-11-2024,14.36,2.35,0.95,33.746
Nifty Bank,07-11-2024,14.25,2.33,0.96,33.2025
Nifty Bank,08-11-2024,14.15,2.31,0.96,32.6865
Nifty Bank,11-11-2024,14.24,2.33,0.96,33.1792
Nifty Bank,12-11-2024,13.93,2.29,0.97,31.8997
Nifty Bank,13-11-2024,13.64,2.25,0.99,30.69
Nifty Bank,14-11-2024,13.66,2.25,0.99,30.735
Nifty Bank,18-11-2024,13.71,2.26,0.99,30.9846
Nifty Bank,19-11-2024,13.79,2.27,0.98,31.3033
Nifty Bank,21-11-2024,13.72,2.26,0.99,31.0072
Nifty Bank,22-11-2024,13.92,2.29,0.97,31.8768
Nifty Bank,25-11-2024,14.22,2.34,0.95,33.2748
Nifty Bank,26-11-2024,14.21,2.34,0.95,33.2514
Nifty Bank,27-11-2024,14.24,2.35,0.95,33.464
Nifty Bank,28-11-2024,14.14,2.33,0.96,32.9462
Nifty Bank,29-11-2024,14.18,2.33,0.95,33.0394
Nifty Bank,02-12-2024,14.19,2.34,0.95,33.2046
Nifty Bank,03-12-2024,14.35,2.36,0.94,33.866
Nifty Bank,04-12-2024,14.51,2.39,0.93,34.6789
Nifty Bank,05-12-2024,14.6,2.4,0.93,35.04
Nifty Bank,06-12-2024,14.57,2.4,0.93,34.968
Nifty Bank,09-12-2024,14.54,2.39,0.93,34.7506
Nifty Bank,10-12-2024,14.59,2.4,0.93,35.016
Nifty Bank,11-12-2024,14.54,2.39,0.93,34.7506
Nifty Bank,12-12-2024,14.49,2.39,0.93,34.6311
Nifty Bank,13-12-2024,14.59,2.4,0.93,35.016
Nifty Bank,16-12-2024,14.59,2.4,0.93,35.016
Nifty Bank,17-12-2024,14.39,2.37,0.94,34.1043
Nifty Bank,18-12-2024,14.2,2.34,0.95,33.228
Nifty Bank,19-12-2024,14.05,2.31,0.96,32.4555
Nifty Bank,20-12-2024,13.82,2.28,0.98,31.5096
Nifty Bank,23-12-2024,13.98,2.3,0.97,32.154
Nifty Bank,24-12-2024,13.95,2.3,0.97,32.085
Nifty Bank,26-12-2024,13.94,2.29,0.97,31.9226
Nifty Bank,27-12-2024,13.97,2.3,0.97,32.131
Nifty Bank,30-12-2024,13.88,2.28,0.97,31.6464
Nifty Bank,31-12-2024,13.68,2.24,0.98,30.6432
Nifty Bank,01-01-2025,13.73,2.25,0.98,30.8925
Nifty Bank,02-01-2025,13.88,2.27,0.97,31.5076
Nifty Bank,03-01-2025,13.72,2.25,0.98,30.87
Nifty Bank,06-01-2025,13.43,2.2,1,29.546
Nifty Bank,07-01-2025,13.5,2.21,0.99,29.835
Nifty Bank,08-01-2025,13.4,2.2,1,29.48
Nifty Bank,09-01-2025,13.32,2.18,1.01,29.0376
Nifty Bank,10-01-2025,13.11,2.15,1.02,28.1865
Nifty Bank,13-01-2025,12.92,2.12,1.04,27.3904
Nifty Bank,14-01-2025,13.11,2.15,1.02,28.1865
Nifty Bank,15-01-2025,13.11,2.15,1.02,28.1865
Nifty Bank,16-01-2025,13.26,2.17,1.01,28.7742
Nifty Bank,17-01-2025,13.06,2.14,1.03,27.9484
Nifty Bank,20-01-2025,13.26,2.17,1.01,28.7742
Nifty Bank,21-01-2025,13.03,2.14,1.03,27.8842
Nifty Bank,22-01-2025,13.07,2.15,1.02,28.1005
Nifty Bank,23-01-2025,13.04,2.14,1.03,27.9056
Nifty Bank,24-01-2025,12.96,2.13,1.03,27.6048
Nifty Bank,27-01-2025,12.88,2.12,1.04,27.3056
Nifty Bank,28-01-2025,12.96,2.15,1.02,27.864
Nifty Bank,29-01-2025,13.04,2.17,1.01,28.2968
Nifty Bank,30-01-2025,13.07,2.17,1.01,28.3619
Nifty Bank,31-01-2025,13.15,2.18,1.01,28.667
Nifty Bank,01-02-2025,13.11,2.18,1.01,28.5798
Nifty Bank,03-02-2025,13.03,2.17,1.01,28.2751
Nifty Bank,04-02-2025,13.29,2.21,0.99,29.3709
Nifty Bank,05-02-2025,13.33,2.22,0.99,29.5926
Nifty Bank,06-02-2025,13.34,2.22,0.99,29.6148
Nifty Bank,07-02-2025,13.29,2.21,0.99,29.3709
Nifty Bank,10-02-2025,13.07,2.2,1,28.754
Nifty Bank,11-02-2025,12.92,2.18,1.01,28.1656
Nifty Bank,12-02-2025,12.94,2.18,1.01,28.2092
Nifty Bank,13-02-2025,12.91,2.17,1.01,28.0147
Nifty Bank,14-02-2025,12.84,2.16,1.02,27.7344
Nifty Bank,17-02-2025,12.88,2.17,1.01,27.9496
Nifty Bank,18-02-2025,12.84,2.16,1.02,27.7344
Nifty Bank,19-02-2025,13.01,2.18,1.01,28.3618
Nifty Bank,20-02-2025,12.94,2.17,1.01,28.0798
Nifty Bank,21-02-2025,12.85,2.16,1.02,27.756
Nifty Bank,24-02-2025,12.77,2.14,1.02,27.3278
Nifty Bank,25-02-2025,12.75,2.14,1.03,27.285
Nifty Bank,27-02-2025,12.79,2.15,1.02,27.4985
Nifty Bank,28-02-2025,12.68,2.13,1.03,27.0084
Nifty Bank,03-03-2025,12.62,2.12,1.04,26.7544
Nifty Bank,04-03-2025,12.66,2.13,1.03,26.9658
Nifty Bank,05-03-2025,12.72,2.14,1.03,27.2208
Nifty Bank,06-03-2025,12.76,2.14,1.03,27.3064
Nifty Bank,07-03-2025,12.72,2.14,1.03,27.2208
Nifty Bank,10-03-2025,12.65,2.12,1.03,26.818
Nifty Bank,11-03-2025,12.56,2.11,1.04,26.5016
Nifty Bank,12-03-2025,12.61,2.12,1.04,26.7332
Nifty Bank,13-03-2025,12.61,2.12,1.04,26.7332
Nifty Bank,17-03-2025,12.69,2.13,1.03,27.0297
Nifty Bank,18-03-2025,12.94,2.17,1.01,28.0798
Nifty Bank,19-03-2025,13.04,2.19,1,28.5576
Nifty Bank,20-03-2025,13.14,2.21,1,29.0394
Nifty Bank,21-03-2025,13.27,2.23,0.99,29.5921
Nifty Bank,24-03-2025,13.57,2.28,0.96,30.9396
Nifty Bank,25-03-2025,13.54,2.27,0.97,30.7358
Nifty Bank,26-03-2025,13.44,2.26,0.97,30.3744
Nifty Bank,27-03-2025,13.53,2.27,0.97,30.7131
Nifty Bank,28-03-2025,13.18,2.2,1.01,28.996
Nifty Bank,01-04-2025,12.99,2.17,1.02,28.1883
Nifty Bank,02-04-2025,13.12,2.19,1.01,28.7328
Nifty Bank,03-04-2025,13.19,2.2,1.01,29.018
Nifty Bank,04-04-2025,13.16,2.2,1.01,28.952
Nifty Bank,07-04-2025,12.74,2.13,1.04,27.1362
Nifty Bank,08-04-2025,12.91,2.16,1.03,27.8856
Nifty Bank,09-04-2025,12.84,2.14,1.04,27.4776
Nifty Bank,11-04-2025,13.04,2.18,1.02,28.4272
Nifty Bank,15-04-2025,13.39,2.23,0.99,29.8597
Nifty Bank,16-04-2025,13.58,2.27,0.98,30.8266
Nifty Bank,17-04-2025,13.88,2.32,0.96,32.2016
Nifty Bank,21-04-2025,14.13,2.36,0.94,33.3468
Nifty Bank,22-04-2025,14.22,2.37,0.94,33.7014
Nifty Bank,23-04-2025,14,2.36,0.94,33.04
Nifty Bank,24-04-2025,13.94,2.36,0.94,32.8984
Nifty Bank,25-04-2025,13.81,2.33,0.95,32.1773
Nifty Bank,28-04-2025,14,2.37,0.94,33.18
Nifty Bank,29-04-2025,14.05,2.36,0.94,33.158
Nifty Bank,30-04-2025,13.97,2.35,0.95,32.8295
Nifty Bank,02-05-2025,13.98,2.35,0.94,32.853
Nifty Bank,05-05-2025,13.91,2.34,0.95,32.5494
Nifty Bank,06-05-2025,13.79,2.32,0.96,31.9928
Nifty Bank,07-05-2025,13.89,2.33,0.95,32.3637
Nifty Bank,08-05-2025,13.81,2.32,0.96,32.0392
Nifty Bank,09-05-2025,13.54,2.29,0.97,31.0066
Nifty Bank,12-05-2025,14,2.36,0.66,33.04
Nifty Bank,13-05-2025,13.82,2.34,0.67,32.3388
Nifty Bank,14-05-2025,13.79,2.34,0.67,32.2686
Nifty Bank,15-05-2025,13.93,2.36,0.66,32.8748
Nifty Bank,16-05-2025,13.93,2.36,0.83,32.8748
Nifty Bank,19-05-2025,13.94,2.36,0.82,32.8984
Nifty Bank,20-05-2025,13.81,2.34,0.83,32.3154
Nifty Bank,21-05-2025,13.86,2.35,0.83,32.571
Nifty Bank,22-05-2025,13.82,2.34,0.69,32.3388
Nifty Bank,23-05-2025,14.54,2.36,0.68,34.3144
Nifty Bank,26-05-2025,14.59,2.37,0.68,34.5783
Nifty Bank,27-05-2025,14.53,2.36,0.68,34.2908
Nifty Bank,28-05-2025,14.54,2.36,0.68,34.3144
Nifty Bank,29-05-2025,14.58,2.32,0.68,33.8256
Nifty Bank,30-05-2025,14.63,2.33,0.68,34.0879
Nifty Bank,02-06-2025,14.67,2.34,0.68,34.3278
Nifty Bank,03-06-2025,14.59,2.33,0.68,33.9947
Nifty Bank,04-06-2025,14.61,2.33,0.68,34.0413
Nifty Bank,05-06-2025,14.64,2.33,0.68,34.1112
Nifty Bank,06-06-2025,14.83,2.34,0.78,34.7022
Nifty Bank,09-06-2025,14.9,2.35,0.78,35.015
Nifty Bank,10-06-2025,14.85,2.31,0.78,34.3035
Nifty Bank,11-06-2025,14.8,2.31,0.79,34.188
Nifty Bank,12-06-2025,14.7,2.29,0.79,33.663
Nifty Bank,13-06-2025,14.54,2.27,0.9,33.0058
Nifty Bank,16-06-2025,14.65,2.28,0.81,33.402
Nifty Bank,17-06-2025,14.59,2.27,0.82,33.1193
Nifty Bank,18-06-2025,14.62,2.28,0.81,33.3336
Nifty Bank,19-06-2025,14.56,2.27,0.82,33.0512
Nifty Bank,20-06-2025,14.72,2.29,0.88,33.7088
Nifty Bank,23-06-2025,14.67,2.29,0.85,33.5943
Nifty Bank,24-06-2025,14.78,2.3,0.84,33.994
Nifty Bank,25-06-2025,14.82,2.28,0.84,33.7896
Nifty Bank,26-06-2025,14.97,2.3,0.83,34.431
Nifty Bank,27-06-2025,15.03,2.31,1.14,34.7193
Nifty Bank,30-06-2025,15.19,2.36,0.94,35.8484
Nifty Bank,01-07-2025,15.23,2.37,0.94,36.0951
Nifty Bank,02-07-2025,15.11,2.35,0.94,35.5085
Nifty Bank,03-07-2025,15.06,2.34,0.95,35.2404
Nifty Bank,04-07-2025,15.12,2.35,0.95,35.532
Nifty Bank,07-07-2025,15.1,2.31,0.96,34.881
Nifty Bank,08-07-2025,15.18,2.32,0.95,35.2176
Nifty Bank,09-07-2025,15.17,2.32,0.95,35.1944
Nifty Bank,10-07-2025,15.1,2.31,0.96,34.881
Nifty Bank,11-07-2025,15.05,2.3,0.97,34.615
Nifty Bank,14-07-2025,15.05,2.3,0.96,34.615
Nifty Bank,15-07-2025,15.11,2.31,0.96,34.9041
Nifty Bank,16-07-2025,15.16,2.32,0.95,35.1712
Nifty Bank,17-07-2025,15.07,2.3,0.96,34.661
Nifty Bank,18-07-2025,14.92,2.2,0.98,32.824
Nifty Bank,21-07-2025,15.11,2.2,0.96,33.242
Nifty Bank,22-07-2025,14.95,2.19,0.96,32.7405
Nifty Bank,23-07-2025,15.07,2.21,0.95,33.3047
Nifty Bank,24-07-2025,15.02,2.2,0.96,33.044
Nifty Bank,25-07-2025,14.88,2.18,1.04,32.4384
Nifty Bank,28-07-2025,14.81,2.16,1.04,31.9896
Nifty Bank,29-07-2025,15.07,2.17,1.04,32.7019
Nifty Bank,30-07-2025,15.25,2.17,1.04,33.0925
Nifty Bank,31-07-2025,15.2,2.16,1.05,32.832
Nifty Bank,01-08-2025,15.19,2.15,1.05,32.6585
Nifty Bank,04-08-2025,15.19,2.15,1.05,32.6585
Nifty Bank,05-08-2025,15.14,2.14,1.06,32.3996
Nifty Bank,06-08-2025,15.15,2.14,1.06,32.421
Nifty Bank,07-08-2025,15.18,2.14,1.06,32.4852
Nifty Bank,08-08-2025,15.04,2.12,1.07,31.8848
Nifty Bank,11-08-2025,15.18,2.14,1.06,32.4852
Nifty Bank,12-08-2025,14.99,2.06,1.09,30.8794
Nifty Bank,13-08-2025,15.03,2.07,1.08,31.1121
Nifty Bank,14-08-2025,15.07,2.07,1.08,31.1949
Nifty Bank,18-08-2025,15.18,2.09,1.07,31.7262
Nifty Bank,19-08-2025,15.22,2.09,1.07,31.8098
Nifty Bank,20-08-2025,15.17,2.07,1.07,31.4019
Nifty Bank,21-08-2025,15.19,2.07,1.07,31.4433
Nifty Bank,22-08-2025,15.02,2.05,1.1,30.791
Nifty Bank,25-08-2025,15.02,2.05,1.08,30.791
Nifty Bank,26-08-2025,14.83,2.02,1.1,29.9566
Nifty Bank,28-08-2025,14.66,2,1.11,29.32
Nifty Bank,29-08-2025,14.61,1.99,1.11,29.0739
Nifty Bank,01-09-2025,14.71,2,1.11,29.42
Nifty Bank,02-09-2025,14.62,1.99,1.11,29.0938
Nifty Bank,03-09-2025,14.73,2.01,1.1,29.6073
Nifty Bank,04-09-2025,14.73,2.01,1.1,29.6073
Nifty Bank,05-09-2025,14.74,2.01,1.1,29.6274
Nifty Bank,08-09-2025,14.76,2.01,1.1,29.6676
Nifty Bank,09-09-2025,14.77,2.01,1.1,29.6877
Nifty Bank,10-09-2025,14.85,2.02,1.1,29.997
Nifty Bank,11-09-2025,14.89,2.03,1.09,30.2267
Nifty Bank,12-09-2025,14.93,2.03,1.09,30.3079
Nifty Bank,15-09-2025,14.95,2.04,1.09,30.498
Nifty Bank,16-09-2025,15.02,2.05,1.08,30.791
Nifty Bank,17-09-2025,15.12,2.06,1.08,31.1472
Nifty Bank,18-09-2025,15.18,2.07,1.07,31.4226
Nifty Bank,19-09-2025,15.11,2.06,1.08,31.1266
Nifty Bank,22-09-2025,15.06,2.05,1.08,30.873
Nifty Bank,23-09-2025,15.12,2.06,1.08,31.1472
Nifty Bank,24-09-2025,15.01,2.05,1.08,30.7705
Nifty Bank,25-09-2025,14.97,2.04,1.09,30.5388
Nifty Bank,26-09-2025,14.81,2.02,1.1,29.9162
Nifty Bank,29-09-2025,14.83,2.02,1.1,29.9566
Nifty Bank,30-09-2025,15.09,2.06,1.07,31.0854
Nifty Bank,01-10-2025,15.28,2.08,1.05,31.7824
Nifty Bank,03-10-2025,15.35,2.09,1.05,32.0815
Nifty Bank,06-10-2025,15.49,2.11,1.04,32.6839
Nifty Bank,07-10-2025,15.53,2.12,1.04,32.9236
Nifty Bank,08-10-2025,15.47,2.11,1.04,32.6417
Nifty Bank,09-10-2025,15.52,2.11,1.04,32.7472
Nifty Bank,10-10-2025,15.63,2.13,1.03,33.2919
Nifty Bank,13-10-2025,15.63,2.13,1.03,33.2919
Nifty Bank,14-10-2025,15.6,2.13,1.03,33.228
Nifty Bank,15-10-2025,15.68,2.14,1.03,33.5552
Nifty Bank,16-10-2025,15.97,2.16,1.02,34.4952
Nifty Bank,17-10-2025,16.05,2.17,1.01,34.8285
Nifty Bank,20-10-2025,16.26,2.18,1.01,35.4468
Nifty Bank,21-10-2025,16.26,2.18,1.01,35.4468
Nifty Bank,23-10-2025,16.26,2.18,1.01,35.4468
Nifty Bank,24-10-2025,16.15,2.17,1.01,35.0455
Nifty Bank,27-10-2025,16.3,2.19,1,35.697
Nifty Bank,28-10-2025,16.33,2.19,1,35.7627
Nifty Bank,29-10-2025,16.38,2.2,1,36.036
Nifty Bank,30-10-2025,16.28,2.18,1.01,35.4904
Nifty Bank,31-10-2025,16.17,2.17,1.01,35.0889
Nifty Bank,03-11-2025,16.26,2.19,1,35.6094
Nifty Bank,04-11-2025,16.19,2.18,1.01,35.2942
Nifty Bank,06-11-2025,16.08,2.17,1.01,34.8936
Nifty Bank,07-11-2025,16.17,2.18,1.01,35.2506
Nifty Bank,10-11-2025,16.19,2.18,1.01,35.2942
Nifty Bank,11-11-2025,16.24,2.19,1,35.5656
Nifty Bank,12-11-2025,16.28,2.19,1,35.6532
Nifty Bank,13-11-2025,16.31,2.2,1,35.882
Nifty Bank,14-11-2025,16.35,2.2,1,35.97
Nifty Bank,17-11-2025,16.47,2.22,0.99,36.5634
Nifty Bank,18-11-2025,16.46,2.22,0.99,36.5412
Nifty Bank,19-11-2025,16.54,2.23,0.99,36.8842
Nifty Bank,20-11-2025,16.58,2.23,0.98,36.9734
Nifty Bank,21-11-2025,16.45,2.21,0.99,36.3545
Nifty Bank,24-11-2025,16.44,2.21,0.99,36.3324
Nifty Bank,25-11-2025,16.43,2.21,0.99,36.3103
Nifty Bank,26-11-2025,16.63,2.24,0.98,37.2512
Nifty Bank,27-11-2025,16.69,2.25,0.98,37.5525
Nifty Bank,28-11-2025,16.7,2.26,0.98,37.742
Nifty Bank,01-12-2025,16.68,2.26,0.98,37.6968
Nifty Bank,02-12-2025,16.57,2.24,0.98,37.1168
Nifty Bank,03-12-2025,16.59,2.24,0.98,37.1616
Nifty Bank,04-12-2025,16.57,2.24,0.98,37.1168
Nifty Bank,05-12-2025,16.71,2.26,0.98,37.7646
Nifty Bank,08-12-2025,16.56,2.24,0.99,37.0944
Nifty Bank,09-12-2025,16.55,2.24,0.99,37.072
Nifty Bank,10-12-2025,16.48,2.23,0.99,36.7504
Nifty Bank,11-12-2025,16.55,2.24,0.99,37.072
Nifty Bank,12-12-2025,16.6,2.25,0.98,37.35
Nifty Bank,15-12-2025,16.62,2.25,0.98,37.395
Nifty Bank,16-12-2025,16.5,2.23,0.99,36.795
Nifty Bank,17-12-2025,16.47,2.23,0.99,36.7281
Nifty Bank,18-12-2025,16.46,2.23,0.99,36.7058
Nifty Bank,19-12-2025,16.51,2.23,0.99,36.8173
Nifty Bank,22-12-2025,16.57,2.24,0.98,37.1168
Nifty Bank,23-12-2025,16.57,2.24,0.98,37.1168
Nifty Bank,24-12-2025,16.54,2.24,0.99,37.0496
Nifty Bank,26-12-2025,16.49,2.23,0.99,36.7727
Nifty Bank,29-12-2025,16.47,2.23,0.99,36.7281
Nifty Bank,30-12-2025,16.54,2.24,0.99,37.0496
Nifty Bank,31-12-2025,16.4,2.19,0.98,35.916
Nifty Bank,01-01-2026,16.44,2.19,0.98,36.0036
Nifty Bank,02-01-2026,16.56,2.21,0.97,36.5976
Nifty Bank,05-01-2026,16.53,2.2,0.97,36.366
Nifty Bank,06-01-2026,16.55,2.21,0.97,36.5755
Nifty Bank,07-01-2026,16.52,2.2,0.98,36.344
Nifty Bank,08-01-2026,16.43,2.19,0.98,35.9817
Nifty Bank,09-01-2026,16.31,2.17,0.99,35.3927
Nifty Bank,12-01-2026,16.37,2.18,0.98,35.6866
Nifty Bank,13-01-2026,16.4,2.19,0.98,35.916
Nifty Bank,14-01-2026,16.4,2.19,0.98,35.916
Nifty Bank,16-01-2026,16.55,2.2,0.97,36.41
Nifty Bank,19-01-2026,16.48,2.2,0.98,36.256
Nifty Bank,20-01-2026,16.23,2.18,0.99,35.3814
Nifty Bank,21-01-2026,16.02,2.16,1,34.6032
Nifty Bank,22-01-2026,16.11,2.17,0.99,34.9587
Nifty Bank,23-01-2026,15.91,2.15,1,34.2065
Nifty Bank,27-01-2026,16.11,2.17,0.99,34.9587
Nifty Bank,28-01-2026,16.39,2.19,0.98,35.8941
Nifty Bank,29-01-2026,16.47,2.2,0.98,36.234
Nifty Bank,30-01-2026,16.22,2.13,0.98,34.5486
Nifty Bank,01-02-2026,15.8,2.09,1,33.022
Nifty Bank,02-02-2026,15.85,2.09,1,33.1265
Nifty Bank,03-02-2026,16.24,2.14,0.98,34.7536
Nifty Bank,04-02-2026,16.29,2.15,0.97,35.0235
Nifty Bank,05-02-2026,16.24,2.14,0.98,34.7536
Nifty Bank,06-02-2026,16.26,2.15,0.97,34.959
Nifty Bank,09-02-2026,16.41,2.17,0.97,35.6097
Nifty Bank,10-02-2026,16.32,2.16,0.97,35.2512
Nifty Bank,11-02-2026,16.35,2.17,0.96,35.4795
Nifty Bank,12-02-2026,16.35,2.17,0.96,35.4795
Nifty Bank,13-02-2026,16.2,2.15,0.97,34.83
Nifty Bank,16-02-2026,16.41,2.18,0.96,35.7738
Nifty Bank,17-02-2026,16.47,2.18,0.96,35.9046
Nifty Bank,18-02-2026,16.57,2.2,0.95,36.454
Nifty Bank,19-02-2026,16.35,2.17,0.96,35.4795
Nifty Bank,20-02-2026,16.47,2.18,0.96,35.9046
Nifty Bank,23-02-2026,16.49,2.19,0.96,36.1131
Nifty Bank,24-02-2026,16.44,2.18,0.96,35.8392
Nifty Bank,25-02-2026,16.43,2.18,0.96,35.8174
Nifty Bank,26-02-2026,16.47,2.19,0.96,36.0693
Nifty Bank,27-02-2026,16.21,2.11,0.97,34.2031
Nifty Bank,02-03-2026,16.03,2.09,0.98,33.5027
Nifty Bank,04-03-2026,15.74,2.05,1,32.267
Nifty Bank,05-03-2026,15.82,2.06,0.99,32.5892
Nifty Bank,06-03-2026,15.48,2.02,1.01,31.2696
Nifty Bank,09-03-2026,15.01,1.96,1.05,29.4196
Nifty Bank,10-03-2026,15.26,1.99,1.03,30.3674
Nifty Bank,11-03-2026,14.93,1.95,1.05,29.1135
Nifty Bank,12-03-2026,14.76,1.92,1.06,28.3392
Nifty Bank,13-03-2026,14.4,1.88,1.09,27.072
Nifty Bank,16-03-2026,14.58,1.9,1.08,27.702
Nifty Bank,17-03-2026,14.7,1.92,1.07,28.224
Nifty Bank,18-03-2026,14.82,1.93,1.06,28.6026
Nifty Bank,19-03-2026,14.32,1.87,1.1,26.7784
Nifty Bank,20-03-2026,14.31,1.87,1.1,26.7597
Nifty Bank,23-03-2026,13.78,1.8,1.14,24.804
Nifty Bank,24-03-2026,14.09,1.84,1.11,25.9256
Nifty Bank,25-03-2026,14.39,1.88,1.09,27.0532
Nifty Bank,27-03-2026,14,1.83,1.12,25.62
Nifty Bank,30-03-2026,13.38,1.71,1.17,22.8798
Nifty Bank,01-04-2026,13.69,1.75,1.14,23.9575
Nifty Bank,02-04-2026,13.72,1.76,1.14,24.1472
Nifty Bank,06-04-2026,14,1.79,1.12,25.06
Nifty Bank,07-04-2026,14.03,1.8,1.12,25.254
Nifty Bank,08-04-2026,14.82,1.9,1.06,28.158
Nifty Bank,09-04-2026,14.59,1.87,1.07,27.2833
Nifty Bank,10-04-2026,14.88,1.91,1.05,28.4208
Nifty Bank,13-04-2026,14.8,1.9,1.06,28.12
Nifty Bank,15-04-2026,14.98,1.92,1.05,28.7616
Nifty Bank,16-04-2026,14.93,1.91,1.05,28.5163
Nifty Bank,17-04-2026,15.05,1.93,1.04,29.0465
Nifty Bank,20-04-2026,15.06,1.93,1.04,29.0658
Nifty Bank,21-04-2026,15.13,1.96,1.03,29.6548
Nifty Bank,22-04-2026,15.06,1.95,1.03,29.367
Nifty Bank,23-04-2026,14.85,1.92,1.05,28.512
Nifty Bank,24-04-2026,14.79,1.91,1.05,28.2489
Nifty Bank,27-04-2026,14.81,1.92,1.05,28.4352
Nifty Bank,28-04-2026,14.09,1.89,1.06,26.6301
Nifty Bank,29-04-2026,14.08,1.89,1.06,26.6112
Nifty Bank,30-04-2026,13.95,1.87,1.07,26.0865
Nifty Bank,04-05-2026,13.88,1.87,1.07,25.9556
Nifty Bank,05-05-2026,13.79,1.86,1.08,25.6494
Nifty Bank,06-05-2026,14.16,1.91,1.05,27.0456
Nifty Bank,07-05-2026,14.14,1.91,1.05,27.0074
Nifty Bank,08-05-2026,13.96,1.89,1.06,26.3844
Nifty Bank,11-05-2026,13.71,1.86,1.08,25.5006
Nifty Bank,12-05-2026,13.52,1.83,1.1,24.7416
Nifty Bank,13-05-2026,13.49,1.82,1.1,24.5518
Nifty Bank,14-05-2026,13.66,1.85,1.09,25.271
Nifty Bank,15-05-2026,13.56,1.83,1.26,24.8148
Nifty Bank,18-05-2026,13.52,1.83,1.12,24.7416
Nifty Bank,19-05-2026,13.48,1.82,1.12,24.5336
Nifty Bank,20-05-2026,13.52,1.83,1.12,24.7416
Nifty Bank,21-05-2026,13.49,1.82,1.12,24.5518
Nifty Bank,22-05-2026,13.65,1.84,1.11,25.116
Nifty Bank,25-05-2026,13.96,1.89,1.08,26.3844
Nifty Bank,26-05-2026,13.91,1.88,1.09,26.1508
Nifty Bank,27-05-2026,13.85,1.87,1.09,25.8995
Nifty Bank,29-05-2026,13.69,1.85,1.1,25.3265
Nifty Bank,01-06-2026,13.54,1.8,1.12,24.372
Nifty Bank,02-06-2026,13.56,1.77,1.12,24.0012
Nifty Bank,03-06-2026,13.68,1.79,1.11,24.4872
Nifty Bank,04-06-2026,13.71,1.79,1.1,24.5409
Nifty Bank,05-06-2026,13.74,1.77,1.1,24.3198
Nifty Bank,08-06-2026,13.63,1.76,0.97,23.9888
Nifty Bank,09-06-2026,13.91,1.8,0.95,25.038
Nifty Bank,10-06-2026,13.89,1.79,0.95,24.8631
Nifty Bank,11-06-2026,13.91,1.8,0.95,25.038
Nifty Bank,12-06-2026,14.29,1.85,0.92,26.4365
Nifty Bank,15-06-2026,14.39,1.86,0.8,26.7654
Nifty Bank,16-06-2026,14.41,1.86,0.8,26.8026
Nifty Bank,17-06-2026,14.48,1.87,0.8,27.0776
Nifty Bank,18-06-2026,14.58,1.88,0.79,27.4104
Nifty Bank,19-06-2026,14.51,1.87,1.09,27.1337
Nifty Bank,22-06-2026,14.57,1.88,1,27.3916
Nifty Bank,23-06-2026,14.38,1.86,1.02,26.7468
Nifty Bank,24-06-2026,14.63,1.89,1,27.6507
Nifty Bank,25-06-2026,14.63,1.89,1.01,27.6507
Nifty Bank,29-06-2026,14.52,1.85,0.77,26.862
Nifty Bank,30-06-2026,14.46,1.85,0.8,26.751
Nifty Bank,01-07-2026,14.59,1.87,0.8,27.2833
Nifty Bank,02-07-2026,14.59,1.87,0.8,27.2833
Nifty Bank,03-07-2026,14.55,1.87,0.8,27.2085
Nifty Bank,06-07-2026,14.64,1.88,0.78,27.5232
Nifty Bank,07-07-2026,14.62,1.87,0.78,27.3394
Nifty Bank,08-07-2026,14.25,1.83,0.8,26.0775
Nifty Bank,09-07-2026,14.38,1.84,0.8,26.4592
Nifty Bank,10-07-2026,14.58,1.87,0.79,27.2646
Nifty Bank,13-07-2026,14.6,1.87,0.78,27.302
Nifty Bank,14-07-2026,14.43,1.85,0.79,26.6955
Nifty Bank,15-07-2026,14.51,1.86,0.79,26.9886
Nifty Bank,16-07-2026,14.46,1.85,0.79,26.751
Nifty Bank,17-07-2026,14.7,1.88,0.79,27.636
Nifty Bank,20-07-2026,14.5,1.8,0.79,26.1
Nifty Bank,21-07-2026,13.95,1.79,0.79,24.9705
Nifty Bank,22-07-2026,13.76,1.77,0.8,24.3552
Nifty Bank,23-07-2026,13.63,1.76,0.81,23.9888
Nifty Bank,24-07-2026,13.6,1.76,0.8,23.936
Nifty Bank,27-07-2026,13.69,1.75,0.66,23.9575
Nifty Bank,28-07-2026,13.59,1.74,0.66,23.6466
Nifty Bank,29-07-2026,13.59,1.75,0.66,23.7825
Nifty Bank,30-07-2026,13.58,1.75,0.66,23.765
Nifty Bank,31-07-2026,13.61,1.75,0.66,23.8175
Nifty Bank,03-08-2026,13.84,1.77,0.77,24.4968
Nifty Bank,04-08-2026,13.76,1.75,0.77,24.0800
Nifty Bank,05-08-2026,13.72,1.75,0.78,24.0100
Nifty Bank,07-08-2026,13.72,1.75,0.79,24.0100
Nifty Bank,10-08-2026,13.71,1.75,0.79,23.9925
Nifty Bank,11-08-2026,13.59,1.74,0.79,23.6466
Nifty Bank,12-08-2026,13.70,1.75,0.68,23.9750
Nifty Bank,13-08-2026,13.64,1.74,0.68,23.7336
Nifty Bank,14-08-2026,13.60,1.72,0.71,23.3920
Nifty Bank,17-08-2026,13.60,1.72,0.71,23.3920
Nifty Bank,18-08-2026,13.55,1.71,0.71,23.1705
Nifty Bank,19-08-2026,13.54,1.71,0.71,23.1534
Nifty Bank,20-08-2026,13.60,1.72,0.71,23.3920
